s,x,y,z,yaw,curvature,left_offset,right_offset,target_velocity,target_acceleration
0.000000000,0.144360706,0.012516395,0.004388176,0.022014516,0.000000000,0.400000000,0.400000000,0.100000000,0.000000000
0.199697536,0.344009853,0.016912285,-0.012796014,0.015869694,-0.030780707,0.400000000,0.400000000,0.412017024,0.400000000
0.399263883,0.543551071,0.020079209,-0.022283552,0.003381755,-0.062512381,0.400000000,0.400000000,0.500000000,0.201040839
0.599229838,0.743515883,0.020755443,-0.018414272,-0.003063963,-0.032240011,0.400000000,0.400000000,0.500000000,0.000000000
0.799121517,0.943406623,0.020142983,-0.018891402,0.001416982,0.022421253,0.400000000,0.400000000,0.500000000,0.000000000
0.998934701,1.143219607,0.020426115,-0.025746511,0.007894388,0.032412292,0.400000000,0.400000000,0.500000000,0.000000000
1.198809024,1.343087702,0.022003984,-0.034198889,0.005997810,-0.009487851,0.400000000,0.400000000,0.500000000,0.000000000
1.398725357,1.543000439,0.023203037,-0.033359711,0.017942134,0.059743736,0.400000000,0.400000000,0.500000000,0.000000000
1.598658564,1.742901465,0.026790073,-0.031523300,0.017519560,-0.002115863,0.400000000,0.400000000,0.500000000,0.000000000
1.798159479,1.942371765,0.030285063,-0.033261894,0.017201122,-0.001594646,0.400000000,0.400000000,0.500000000,0.000000000
1.998043264,2.142225979,0.033723118,-0.054466616,0.037771521,0.102892976,0.400000000,0.400000000,0.500000000,0.000000000
2.197993119,2.342033218,0.041273733,-0.061042612,0.044387590,0.033102412,0.400000000,0.400000000,0.500000000,0.000000000
2.397775890,2.541619209,0.050138697,-0.071799328,0.047015626,0.013150209,0.400000000,0.400000000,0.500000000,0.000000000
2.597688000,2.741310410,0.059534227,-0.066984738,0.051576085,0.022818567,0.400000000,0.400000000,0.500000000,0.000000000
2.797490298,2.940847021,0.069834680,-0.049214721,0.054542171,0.014839112,0.400000000,0.400000000,0.500000000,0.000000000
2.997453803,3.140513169,0.080735717,-0.059111143,0.040895412,-0.068245345,0.400000000,0.400000000,0.500000000,0.000000000
3.197419498,3.340311673,0.088911117,-0.058521977,0.041705659,0.004052262,0.400000000,0.400000000,0.500000000,0.000000000
3.397352617,3.540070939,0.097247042,-0.058931251,0.031070868,-0.053197041,0.400000000,0.400000000,0.500000000,0.000000000
3.597244042,3.739865885,0.103456843,-0.061555342,0.022994652,-0.040403921,0.400000000,0.400000000,0.500000000,0.000000000
3.797125408,3.939694409,0.108052641,-0.057857902,0.026767180,0.018868593,0.400000000,0.400000000,0.500000000,0.000000000
3.997117602,4.139614961,0.113405228,-0.049621024,0.027199971,0.002164988,0.400000000,0.400000000,0.500000000,0.000000000
4.196934793,4.339358241,0.118839580,-0.044290586,0.015259579,-0.059737322,0.400000000,0.400000000,0.500000000,0.000000000
4.396878438,4.539278608,0.121890518,-0.062475674,0.015322522,0.000314996,0.400000000,0.400000000,0.500000000,0.000000000
4.596577022,4.738953750,0.124950284,-0.068827485,0.014648054,-0.003375667,0.400000000,0.400000000,0.500000000,0.000000000
4.796484386,4.938839667,0.127878433,-0.062048823,-0.002431712,-0.085470344,0.400000000,0.400000000,0.500000000,0.000000000
4.996237478,5.138592168,0.127392691,-0.051346815,-0.014995240,-0.062867684,0.400000000,0.400000000,0.500000000,0.000000000
5.196163341,5.338495554,0.124394868,-0.054788234,-0.004178405,0.054110980,0.400000000,0.400000000,0.500000000,0.000000000
5.396037370,5.538367838,0.123559715,-0.052333670,-0.006811496,-0.013175366,0.400000000,0.400000000,0.500000000,0.000000000
5.595862423,5.738188256,0.122198618,-0.034754450,-0.003713560,0.015505791,0.400000000,0.400000000,0.500000000,0.000000000
5.795621691,5.937946147,0.121456802,-0.035675180,0.005049269,0.043845501,0.400000000,0.400000000,0.500000000,0.000000000
5.995575055,6.137896962,0.122466416,-0.043572901,0.017354720,0.061545831,0.400000000,0.400000000,0.500000000,0.000000000
6.195498461,6.337790262,0.125935857,-0.046565149,0.012184384,-0.025860878,0.400000000,0.400000000,0.500000000,0.000000000
6.395432390,6.537709349,0.128371868,-0.045596773,0.016013830,0.019156517,0.400000000,0.400000000,0.500000000,0.000000000
6.595304277,6.737555609,0.131572446,-0.045681423,0.011513821,-0.022511752,0.400000000,0.400000000,0.500000000,0.000000000
6.795223999,6.937462080,0.133874235,-0.037965572,0.005916016,-0.027999876,0.400000000,0.400000000,0.500000000,0.000000000
6.995148710,7.137383292,0.135056986,-0.025191363,0.005254254,-0.003309931,0.400000000,0.400000000,0.500000000,0.000000000
7.195088608,7.337320431,0.136107516,-0.023335714,0.005190658,-0.000318086,0.400000000,0.400000000,0.500000000,0.000000000
7.395015331,7.537244460,0.137145263,-0.027122407,-0.000070938,-0.026317122,0.400000000,0.400000000,0.500000000,0.000000000
7.594949242,7.737178370,0.137131080,-0.023165200,0.002308521,0.011902134,0.400000000,0.400000000,0.500000000,0.000000000
7.794852689,7.937081285,0.137592561,-0.021353326,0.006387551,0.020405061,0.400000000,0.400000000,0.500000000,0.000000000
7.994754676,8.136979194,0.138869436,-0.016182822,-0.001736293,-0.040637084,0.400000000,0.400000000,0.500000000,0.000000000
8.194675776,8.336899993,0.138522315,-0.017502595,-0.003388245,-0.008264209,0.400000000,0.400000000,0.500000000,0.000000000
8.394539293,8.536762362,0.137845129,-0.023042739,-0.002020335,0.006844776,0.400000000,0.400000000,0.500000000,0.000000000
8.594370514,8.736593175,0.137441404,-0.015186205,-0.004173949,-0.010774944,0.400000000,0.400000000,0.500000000,0.000000000
8.794284075,8.936504995,0.136606977,-0.018622472,-0.007261465,-0.015443265,0.400000000,0.400000000,0.500000000,0.000000000
8.994223081,9.136438730,0.135155140,-0.021414164,-0.011520722,-0.021301817,0.400000000,0.400000000,0.500000000,0.000000000
9.194179924,9.336382303,0.132851543,-0.030047976,-0.010922033,0.002994284,0.400000000,0.400000000,0.500000000,0.000000000
9.394111442,9.536301897,0.130667928,-0.021215988,-0.015257768,-0.021687328,0.400000000,0.400000000,0.500000000,0.000000000
9.594020065,9.736187251,0.127617887,-0.020507582,-0.017185531,-0.009642903,0.400000000,0.400000000,0.500000000,0.000000000
9.793941818,9.936079481,0.124182295,-0.016362763,-0.023719843,-0.032685756,0.400000000,0.400000000,0.500000000,0.000000000
9.993845610,10.135927040,0.119441053,-0.013591387,-0.024161632,-0.002211321,0.400000000,0.400000000,0.500000000,0.000000000
10.193511569,10.335534720,0.114617267,-0.012448990,-0.028535695,-0.021895619,0.400000000,0.400000000,0.500000000,0.000000000
10.393383041,10.535324822,0.108914569,-0.014098120,-0.029432028,-0.004483209,0.400000000,0.400000000,0.500000000,0.000000000
10.593373859,10.735229025,0.103029284,-0.016492218,-0.042607310,-0.065886321,0.400000000,0.400000000,0.500000000,0.000000000
10.793319981,10.934993686,0.094512695,-0.009819447,-0.055435405,-0.064180766,0.400000000,0.400000000,0.500000000,0.000000000
10.993120022,11.134486805,0.083442371,-0.008439629,-0.064934201,-0.047560403,0.400000000,0.400000000,0.500000000,0.000000000
11.192759816,11.333705861,0.070488028,-0.010993640,-0.085035760,-0.100640167,0.400000000,0.400000000,0.500000000,0.000000000
11.392587177,11.532811173,0.053516028,-0.019153052,-0.096779683,-0.058762993,0.400000000,0.400000000,0.500000000,0.000000000
11.592462261,11.731750942,0.034202364,-0.017728134,-0.107211874,-0.052193273,0.400000000,0.400000000,0.500000000,0.000000000
11.792337669,11.930478728,0.012814375,-0.014545620,-0.110451062,-0.016202581,0.400000000,0.400000000,0.500000000,0.000000000
11.992298119,12.129220714,-0.009226591,-0.014761660,-0.115593675,-0.025719511,0.400000000,0.400000000,0.500000000,0.000000000
12.192237009,12.327825310,-0.032286827,-0.002326877,-0.112802013,0.013963306,0.400000000,0.400000000,0.500000000,0.000000000
12.392154908,12.526472650,-0.054790174,0.006888296,-0.112822391,-0.000101912,0.400000000,0.400000000,0.500000000,0.000000000
12.592138691,12.725184996,-0.077304987,0.002664041,-0.109373826,0.017248487,0.400000000,0.400000000,0.500000000,0.000000000
12.792023362,12.923875284,-0.099123576,0.000685285,-0.105353891,0.020112826,0.400000000,0.400000000,0.500000000,0.000000000
12.991876907,13.122620723,-0.120139996,-0.004126235,-0.103344858,0.010049315,0.400000000,0.400000000,0.500000000,0.000000000
13.191858167,13.321535018,-0.140770262,0.010728557,-0.101771235,0.007870312,0.400000000,0.400000000,0.500000000,0.000000000
13.391765178,13.520407666,-0.161079944,0.009589509,-0.105964460,-0.020972833,0.400000000,0.400000000,0.500000000,0.000000000
13.591729950,13.719250839,-0.182229472,0.003551921,-0.108891543,-0.014640294,0.400000000,0.400000000,0.500000000,0.000000000
13.791631762,13.917968667,-0.203954096,0.003474502,-0.114349327,-0.027298936,0.400000000,0.400000000,0.500000000,0.000000000
13.991582708,14.116613780,-0.226768557,0.014726460,-0.120566249,-0.031101653,0.400000000,0.400000000,0.500000000,0.000000000
14.191411910,14.314992360,-0.250802888,0.014791105,-0.132134312,-0.057869905,0.400000000,0.400000000,0.500000000,0.000000000
14.391375967,14.513213321,-0.277148182,0.005791731,-0.139957605,-0.039135681,0.400000000,0.400000000,0.500000000,0.000000000
14.591214458,14.711097774,-0.305025878,0.006567291,-0.141165631,-0.006044426,0.400000000,0.400000000,0.500000000,0.000000000
14.791091799,14.908986869,-0.333148069,0.013156784,-0.142473920,-0.006544885,0.400000000,0.400000000,0.500000000,0.000000000
14.991004247,15.106873753,-0.361534118,0.008887753,-0.136341766,0.030680339,0.400000000,0.400000000,0.500000000,0.000000000
15.190836085,15.304851122,-0.388695211,0.009806421,-0.128757533,0.037948080,0.400000000,0.400000000,0.500000000,0.000000000
15.390719574,15.503080014,-0.414360662,0.012696856,-0.123621544,0.025689702,0.400000000,0.400000000,0.500000000,0.000000000
15.590683730,15.701518161,-0.439017626,0.006776037,-0.118361492,0.026312240,0.400000000,0.400000000,0.500000000,0.000000000
15.790536992,15.899973139,-0.462617362,0.021769538,-0.117336803,0.005127186,0.400000000,0.400000000,0.500000000,0.000000000
15.990391805,16.098453737,-0.486013914,0.028634155,-0.115607542,0.008650768,0.400000000,0.400000000,0.500000000,0.000000000
16.190330733,16.297058050,-0.509076909,0.025187584,-0.111226757,0.021919833,0.400000000,0.400000000,0.500000000,0.000000000
16.390101170,16.495594042,-0.531250940,0.023875308,-0.100450795,0.053917514,0.400000000,0.400000000,0.500000000,0.000000000
16.590049097,16.694534043,-0.551302108,0.019108754,-0.093174750,0.036396208,0.400000000,0.400000000,0.500000000,0.000000000
16.789924638,16.893542599,-0.569898526,0.021802997,-0.080522677,0.063293300,0.400000000,0.400000000,0.500000000,0.000000000
16.989838276,17.092808476,-0.585978717,0.024918628,-0.076704739,0.019095709,0.400000000,0.400000000,0.500000000,0.000000000
17.189798309,17.292180554,-0.601301564,0.024617409,-0.072516154,0.020953024,0.400000000,0.400000000,0.500000000,0.000000000
17.389645242,17.491502261,-0.615780996,0.022296379,-0.074282018,-0.008835037,0.400000000,0.400000000,0.500000000,0.000000000
17.589539444,17.690845225,-0.630615889,0.022926321,-0.080733391,-0.032267180,0.400000000,0.400000000,0.500000000,0.000000000
17.789516683,17.890171105,-0.646743197,0.024645386,-0.089849950,-0.045595782,0.400000000,0.400000000,0.500000000,0.000000000
17.989424161,18.089272198,-0.664680717,0.019926157,-0.090458542,-0.003044393,0.400000000,0.400000000,0.500000000,0.000000000
18.189327998,18.288358711,-0.682739075,0.026418360,-0.083999872,0.032308717,0.400000000,0.400000000,0.500000000,0.000000000
18.389233193,18.487559058,-0.699511345,0.026533563,-0.085379195,-0.006901023,0.400000000,0.400000000,0.500000000,0.000000000
18.589072401,18.686670333,-0.716552734,0.031974705,-0.076152141,0.046171580,0.400000000,0.400000000,0.500000000,0.000000000
18.788917230,18.885935977,-0.731756641,0.029609808,-0.063640529,0.062595449,0.400000000,0.400000000,0.500000000,0.000000000
18.988830871,19.085444917,-0.744470664,0.023918665,-0.058113469,0.027664087,0.400000000,0.400000000,0.500000000,0.000000000
19.188500431,19.284777413,-0.756067625,0.019156182,-0.047660991,0.052318425,0.400000000,0.400000000,0.500000000,0.000000000
19.388400630,19.484450612,-0.765591460,0.034494606,-0.036017279,0.058259880,0.400000000,0.400000000,0.500000000,0.000000000
19.588214491,19.684134883,-0.772786656,0.032341446,-0.031687063,0.021670073,0.400000000,0.400000000,0.500000000,0.000000000
19.788049723,19.883869798,-0.779117788,0.014142874,-0.023605305,0.040445056,0.400000000,0.400000000,0.500000000,0.000000000
19.987854758,20.083619169,-0.783833809,0.024941766,-0.022152423,0.007268722,0.400000000,0.400000000,0.500000000,0.000000000
20.187812229,20.283527580,-0.788262989,0.030576309,-0.021747855,0.002023501,0.400000000,0.400000000,0.500000000,0.000000000
20.387724161,20.483392237,-0.792610302,0.022411976,-0.020183477,0.007828871,0.400000000,0.400000000,0.500000000,0.000000000
20.587455574,20.683082969,-0.796641302,0.033879643,-0.021390803,-0.006041850,0.400000000,0.400000000,0.500000000,0.000000000
20.787378486,20.882960145,-0.800917488,0.029881694,-0.023341936,-0.009773207,0.400000000,0.400000000,0.500000000,0.000000000
20.986737527,21.082264878,-0.805570491,0.034958900,-0.006873053,0.082494253,0.400000000,0.400000000,0.500000000,0.000000000
21.186647434,21.282170063,-0.806944472,0.037281595,-0.017181026,-0.051571271,0.400000000,0.400000000,0.500000000,0.000000000
21.386492158,21.481985293,-0.810377840,0.046099050,-0.011610609,0.027878148,0.400000000,0.400000000,0.500000000,0.000000000
21.586272917,21.681752585,-0.812697364,0.035368196,-0.009385438,0.011143859,0.400000000,0.400000000,0.500000000,0.000000000
21.785845823,21.881316701,-0.814570416,0.030890155,0.003832884,0.066217580,0.400000000,0.400000000,0.500000000,0.000000000
21.985509062,22.080978474,-0.813805132,0.029575556,0.017018043,0.066050684,0.400000000,0.400000000,0.500000000,0.000000000
22.185086617,22.280527130,-0.810408876,0.041275580,0.039754273,0.114045880,0.400000000,0.400000000,0.500000000,0.000000000
22.384221230,22.479504407,-0.802494510,0.047247276,0.045211959,0.027347522,0.400000000,0.400000000,0.500000000,0.000000000
22.584221813,22.679300612,-0.793455172,0.041868456,0.073233762,0.140153569,0.400000000,0.400000000,0.500000000,0.000000000
22.784080994,22.878624091,-0.778831812,0.042640587,0.101744634,0.142686813,0.400000000,0.400000000,0.500000000,0.000000000
22.983836960,23.077347016,-0.758542762,0.050604297,0.111843672,0.050656777,0.400000000,0.400000000,0.500000000,0.000000000
23.182803381,23.275070297,-0.736335992,0.050719881,0.115219708,0.016925430,0.400000000,0.400000000,0.500000000,0.000000000
23.382767361,23.473708426,-0.713347144,0.046964231,0.129391504,0.070950268,0.400000000,0.400000000,0.500000000,0.000000000
23.582285378,23.671558590,-0.687603184,0.047596211,0.131158151,0.008848637,0.400000000,0.400000000,0.500000000,0.000000000
23.782071057,23.869628329,-0.661474726,0.057798311,0.114793673,-0.081883512,0.400000000,0.400000000,0.500000000,0.000000000
23.981982329,24.068223872,-0.638576545,0.051941300,0.106533049,-0.041320465,0.400000000,0.400000000,0.500000000,0.000000000
24.181902015,24.267010157,-0.617318755,0.056278349,0.117479326,0.054757982,0.400000000,0.400000000,0.500000000,0.000000000
24.381786033,24.465516422,-0.593890492,0.052822434,0.120659073,0.015907608,0.400000000,0.400000000,0.500000000,0.000000000
24.581678781,24.663955854,-0.569830099,0.056821659,0.119133484,-0.007631260,0.400000000,0.400000000,0.500000000,0.000000000
24.781612298,24.862472242,-0.546067625,0.059226275,0.113645212,-0.027456491,0.400000000,0.400000000,0.500000000,0.000000000
24.981457825,25.061028631,-0.523404994,0.063391128,0.115818907,0.010876711,0.400000000,0.400000000,0.500000000,0.000000000
25.181309235,25.259541134,-0.500310135,0.085299408,0.109287886,-0.032672469,0.400000000,0.400000000,0.500000000,0.000000000
25.381244503,25.458283592,-0.478503103,0.074843030,0.113276642,0.019949249,0.400000000,0.400000000,0.500000000,0.000000000
25.581199283,25.656956873,-0.455901306,0.073035946,0.108937218,-0.021708402,0.400000000,0.400000000,0.500000000,0.000000000
25.781036255,25.855609253,-0.434174654,0.075123565,0.110363817,0.007138449,0.400000000,0.400000000,0.500000000,0.000000000
25.980893491,26.054250576,-0.412162396,0.083338404,0.105705159,-0.023309857,0.400000000,0.400000000,0.500000000,0.000000000
26.180751621,26.252993180,-0.391075681,0.068537863,0.103617929,-0.010439784,0.400000000,0.400000000,0.500000000,0.000000000
26.380754156,26.451922994,-0.370388897,0.059355780,0.104201097,0.002916501,0.400000000,0.400000000,0.500000000,0.000000000
26.580661351,26.650745888,-0.349596023,0.071471115,0.106523364,0.011621148,0.400000000,0.400000000,0.500000000,0.000000000
26.780416167,26.849368444,-0.328357687,0.083178355,0.117651417,0.055709379,0.400000000,0.400000000,0.500000000,0.000000000
26.980163046,27.047734482,-0.304911362,0.080887841,0.122197301,0.022749081,0.400000000,0.400000000,0.500000000,0.000000000
27.180070165,27.246150933,-0.280544000,0.077097527,0.120620108,-0.007888530,0.400000000,0.400000000,0.500000000,0.000000000
27.380033008,27.444660888,-0.256482904,0.090205746,0.113295332,-0.036646652,0.400000000,0.400000000,0.500000000,0.000000000
27.579820707,27.643167738,-0.233896283,0.090024423,0.124082453,0.053977891,0.400000000,0.400000000,0.500000000,0.000000000
27.779717699,27.841527850,-0.209156173,0.075243102,0.130264954,0.030939085,0.400000000,0.400000000,0.500000000,0.000000000
27.979476459,28.039594157,-0.183208138,0.087411361,0.139727077,0.047381699,0.400000000,0.400000000,0.500000000,0.000000000
28.179116121,28.237288139,-0.155403752,0.102816771,0.159504525,0.099023695,0.400000000,0.400000000,0.500000000,0.000000000
28.378918732,28.434554476,-0.123669295,0.095435348,0.168678726,0.045923524,0.400000000,0.400000000,0.500000000,0.000000000
28.578657286,28.631458229,-0.090137192,0.101914431,0.163969200,-0.023578712,0.400000000,0.400000000,0.500000000,0.000000000
28.778391078,28.828513020,-0.057533557,0.107704215,0.161072492,-0.014501960,0.400000000,0.400000000,0.500000000,0.000000000
28.978149060,29.025685304,-0.025496990,0.109145670,0.160747857,-0.001624176,0.400000000,0.400000000,0.500000000,0.000000000
29.178144878,29.223102748,0.006513634,0.103307520,0.147124619,-0.068123862,0.400000000,0.400000000,0.500000000,0.000000000
29.378100903,29.420898585,0.035826073,0.095727421,0.141696297,-0.027154489,0.400000000,0.400000000,0.500000000,0.000000000
29.577954677,29.618749397,0.064049945,0.090855933,0.128665059,-0.065236388,0.400000000,0.400000000,0.500000000,0.000000000
29.777606346,29.816750758,0.089667321,0.107029072,0.113391670,-0.076497238,0.400000000,0.400000000,0.500000000,0.000000000
29.977269498,30.015131684,0.112258974,0.115699420,0.098604725,-0.074069163,0.400000000,0.400000000,0.500000000,0.000000000
30.176876694,30.213769286,0.131909307,0.123833485,0.090187512,-0.042134116,0.400000000,0.400000000,0.500000000,0.000000000
30.376812167,30.412892194,0.149916556,0.125586307,0.082505041,-0.038433343,0.400000000,0.400000000,0.500000000,0.000000000
30.576657241,30.612057472,0.166386082,0.121318009,0.081268137,-0.006188116,0.400000000,0.400000000,0.500000000,0.000000000
30.776579965,30.811320364,0.182615551,0.121428480,0.080280408,-0.004939758,0.400000000,0.400000000,0.500000000,0.000000000
30.976566852,31.010663145,0.198653340,0.125642505,0.066787678,-0.067545769,0.400000000,0.400000000,0.500000000,0.000000000
31.176090631,31.209742092,0.211969165,0.129208608,0.062811912,-0.019917635,0.400000000,0.400000000,0.500000000,0.000000000
31.375787325,31.409044981,0.224504250,0.126808469,0.051086571,-0.058710075,0.400000000,0.400000000,0.500000000,0.000000000
31.575520313,31.608517389,0.234703486,0.130379083,0.047151260,-0.019697268,0.400000000,0.400000000,0.500000000,0.000000000
31.775366473,31.808141438,0.244122993,0.128277982,0.038630958,-0.042626928,0.400000000,0.400000000,0.500000000,0.000000000
31.975280589,32.007906401,0.251843946,0.125313267,0.039861804,0.006157291,0.400000000,0.400000000,0.500000000,0.000000000
32.175167653,32.207634680,0.259809695,0.132060340,0.034837264,-0.025136314,0.400000000,0.400000000,0.500000000,0.000000000
32.375063520,32.407409258,0.266772111,0.130824138,0.045435013,0.053007752,0.400000000,0.400000000,0.500000000,0.000000000
32.575022349,32.607161732,0.275854118,0.129785039,0.048573000,0.015699172,0.400000000,0.400000000,0.500000000,0.000000000
32.774828083,32.806731808,0.285555466,0.137397104,0.051489689,0.014597626,0.400000000,0.400000000,0.500000000,0.000000000
32.974633589,33.006272511,0.295838844,0.135407882,0.055721046,0.021169018,0.400000000,0.400000000,0.500000000,0.000000000
33.174596628,33.205925204,0.306975229,0.138857947,0.066487667,0.053846077,0.400000000,0.400000000,0.500000000,0.000000000
33.374535297,33.405422111,0.320258893,0.142657385,0.060176331,-0.031568540,0.400000000,0.400000000,0.500000000,0.000000000
33.574445722,33.604970688,0.332281509,0.141077416,0.059653688,-0.002614811,0.400000000,0.400000000,0.500000000,0.000000000
33.774290705,33.804460195,0.344195930,0.137603697,0.057876614,-0.008893170,0.400000000,0.400000000,0.500000000,0.000000000
33.974094793,34.003929736,0.355753459,0.146303040,0.059075944,0.006002152,0.400000000,0.400000000,0.500000000,0.000000000
34.173923733,34.203410079,0.367551677,0.140048774,0.049012305,-0.050362836,0.400000000,0.400000000,0.500000000,0.000000000
34.373738547,34.402984942,0.377341141,0.144156663,0.045774757,-0.016205576,0.400000000,0.400000000,0.500000000,0.000000000
34.573483276,34.602520442,0.386481215,0.147853620,0.043829756,-0.009733297,0.400000000,0.400000000,0.500000000,0.000000000
34.773397704,34.802242878,0.395240610,0.148920306,0.041491983,-0.011693054,0.400000000,0.400000000,0.500000000,0.000000000
34.973339897,35.002012988,0.403534228,0.147423893,0.033031094,-0.042315091,0.400000000,0.400000000,0.500000000,0.000000000
35.173295854,35.201859873,0.410137792,0.146580856,0.032300859,-0.003654814,0.400000000,0.400000000,0.500000000,0.000000000
35.372941936,35.401401814,0.416585410,0.145133243,0.034915666,0.013088484,0.400000000,0.400000000,0.500000000,0.000000000
35.572854252,35.601192286,0.423564064,0.156180543,0.028414096,-0.032525235,0.400000000,0.400000000,0.500000000,0.000000000
35.772727442,35.800984796,0.429242516,0.151196950,0.020274900,-0.040718233,0.400000000,0.400000000,0.500000000,0.000000000
35.972634568,36.000850835,0.433295335,0.150897384,0.021693999,0.007100827,0.400000000,0.400000000,0.500000000,0.000000000
36.172427173,36.200596428,0.437629296,0.145824385,0.014797154,-0.034504876,0.400000000,0.400000000,0.500000000,0.000000000
36.372394373,36.400541736,0.440588133,0.152010848,0.008719603,-0.030405539,0.400000000,0.400000000,0.500000000,0.000000000
36.572192608,36.600332376,0.442330272,0.154216961,0.013653365,0.024703459,0.400000000,0.400000000,0.500000000,0.000000000
36.771832879,36.799954040,0.445055949,0.155355061,0.034333386,0.103518313,0.400000000,0.400000000,0.500000000,0.000000000
36.971728741,36.999732096,0.451917703,0.156456569,0.051854962,0.087729783,0.400000000,0.400000000,0.500000000,0.000000000
37.171271939,37.199007075,0.462260371,0.161244661,0.074168323,0.111757445,0.400000000,0.400000000,0.500000000,0.000000000
37.371038123,37.398224060,0.477063114,0.170624858,0.096766953,0.113079909,0.400000000,0.400000000,0.500000000,0.000000000
37.570956547,37.597207211,0.496378433,0.164134202,0.107378587,0.053077033,0.400000000,0.400000000,0.500000000,0.000000000
37.770894105,37.795993221,0.517806213,0.165556225,0.108790688,0.007065159,0.400000000,0.400000000,0.500000000,0.000000000
37.970692943,37.994610873,0.539499615,0.165137772,0.114197042,0.027059022,0.400000000,0.400000000,0.500000000,0.000000000
38.170490725,38.193107292,0.562266372,0.171486321,0.106817255,-0.036925846,0.400000000,0.400000000,0.500000000,0.000000000
38.370400484,38.391877658,0.583579599,0.171340133,0.100075318,-0.033778222,0.400000000,0.400000000,0.500000000,0.000000000
38.569678394,38.590158510,0.603489128,0.171809656,0.104814541,0.023777653,0.400000000,0.400000000,0.500000000,0.000000000
38.769028458,38.788414537,0.624345675,0.169066238,0.104386536,-0.002144940,0.400000000,0.400000000,0.500000000,0.000000000
38.968761315,38.987060182,0.645157253,0.166029583,0.089589638,-0.074051686,0.400000000,0.400000000,0.500000000,0.000000000
39.168661861,39.186159033,0.663042323,0.180124357,0.089142433,-0.002237937,0.400000000,0.400000000,0.500000000,0.000000000
39.368419670,39.385123692,0.680825646,0.208548848,0.084886977,-0.021318919,0.400000000,0.400000000,0.500000000,0.000000000
39.567880251,39.583866068,0.697736925,0.189204030,0.075380686,-0.047682360,0.400000000,0.400000000,0.500000000,0.000000000
39.767152264,39.782572193,0.712743964,0.184699958,0.067262379,-0.040666515,0.400000000,0.400000000,0.500000000,0.000000000
39.967141656,39.982109357,0.726185585,0.174175909,0.067867584,0.003026992,0.400000000,0.400000000,0.500000000,0.000000000
40.167024520,40.181532067,0.739740741,0.178237549,0.067314321,-0.002769891,0.400000000,0.400000000,0.500000000,0.000000000
40.366624914,40.380680415,0.753166561,0.180314345,0.064090744,-0.016138765,0.400000000,0.400000000,0.500000000,0.000000000
40.566506910,40.580152031,0.765968379,0.179269307,0.060560550,-0.017659526,0.400000000,0.400000000,0.500000000,0.000000000
40.766430854,40.779709469,0.778068483,0.181863890,0.061095125,0.002673504,0.400000000,0.400000000,0.500000000,0.000000000
40.966412657,40.979318160,0.790278797,0.185859290,0.052275197,-0.044110161,0.400000000,0.400000000,0.500000000,0.000000000
41.166334151,41.178966554,0.800724974,0.178520535,0.045893391,-0.031926369,0.400000000,0.400000000,0.500000000,0.000000000
41.366194720,41.378616687,0.809894033,0.182501183,0.044843790,-0.005253485,0.400000000,0.400000000,0.500000000,0.000000000
41.565917078,41.578138261,0.818847339,0.193903221,0.038763654,-0.030428659,0.400000000,0.400000000,0.500000000,0.000000000
41.765826273,41.777897281,0.826594610,0.188937311,0.036368766,-0.011982276,0.400000000,0.400000000,0.500000000,0.000000000
41.965655412,41.977594279,0.833860547,0.185993847,0.037977511,0.008051989,0.400000000,0.400000000,0.500000000,0.000000000
42.165415518,42.177210346,0.841445115,0.195683184,0.038586562,0.003047630,0.400000000,0.400000000,0.500000000,0.000000000
42.365343919,42.376989926,0.849157750,0.196775611,0.030491558,-0.040487623,0.400000000,0.400000000,0.500000000,0.000000000
42.565289923,42.576842989,0.855253471,0.193151174,0.036643508,0.030777501,0.400000000,0.400000000,0.500000000,0.000000000
42.765112628,42.776531554,0.862574037,0.191997572,0.036719941,0.000382417,0.400000000,0.400000000,0.500000000,0.000000000
42.965026346,42.976310510,0.869913208,0.206140751,0.037114902,0.001975939,0.400000000,0.400000000,0.500000000,0.000000000
43.164882696,43.176029223,0.877329154,0.206684546,0.040556397,0.017222120,0.400000000,0.400000000,0.500000000,0.000000000
43.364686056,43.375668285,0.885430237,0.204577239,0.042997470,0.012221026,0.400000000,0.400000000,0.500000000,0.000000000
43.564369989,43.575167661,0.894013496,0.205934540,0.037924946,-0.025394462,0.400000000,0.400000000,0.500000000,0.000000000
43.764184120,43.774838112,0.901589619,0.212828467,0.039409957,0.007432459,0.400000000,0.400000000,0.500000000,0.000000000
43.963971437,43.974470300,0.909461191,0.211405199,0.045274350,0.029347864,0.400000000,0.400000000,0.500000000,0.000000000
44.163830562,44.174124628,0.918506592,0.218397814,0.035711248,-0.047848594,0.400000000,0.400000000,0.500000000,0.000000000
44.363693322,44.373859959,0.925642424,0.229954382,0.028287947,-0.037145242,0.400000000,0.400000000,0.500000000,0.000000000
44.563520184,44.573606875,0.931294361,0.224355061,0.033661677,0.026893684,0.400000000,0.400000000,0.500000000,0.000000000
44.763320503,44.773294007,0.938018705,0.229757057,0.025997851,-0.038349648,0.400000000,0.400000000,0.500000000,0.000000000
44.963200917,44.973106876,0.943214581,0.226625082,0.016092724,-0.049569771,0.400000000,0.400000000,0.500000000,0.000000000
45.162962729,45.172842822,0.946429154,0.230068170,0.024125375,0.040204283,0.400000000,0.400000000,0.500000000,0.000000000
45.362791640,45.372613583,0.951249634,0.233524684,0.034353851,0.051186018,0.400000000,0.400000000,0.500000000,0.000000000
45.562619976,45.572324013,0.958113156,0.242337475,0.030459395,-0.019487167,0.400000000,0.400000000,0.500000000,0.000000000
45.762485765,45.772097094,0.964200006,0.236125758,0.033028039,0.012852459,0.400000000,0.400000000,0.500000000,0.000000000
45.962332336,45.971834673,0.970799346,0.236649002,0.037653951,0.023141473,0.400000000,0.400000000,0.500000000,0.000000000
46.162279512,46.171640121,0.978326369,0.239725845,0.035767320,-0.009435872,0.400000000,0.400000000,0.500000000,0.000000000
46.362217082,46.371449815,0.985476075,0.238245764,0.028582153,-0.035933052,0.400000000,0.400000000,0.500000000,0.000000000
46.562198319,46.571349371,0.991191191,0.242265314,0.023756251,-0.024138262,0.400000000,0.400000000,0.500000000,0.000000000
46.762071659,46.771166313,0.995938986,0.246610134,0.018675457,-0.025422582,0.400000000,0.400000000,0.500000000,0.000000000
46.961905056,46.970964864,0.999670749,0.249536927,0.015606107,-0.015354913,0.400000000,0.400000000,0.500000000,0.000000000
47.161858815,47.170894273,1.002791122,0.247426512,0.002794941,-0.064069835,0.400000000,0.400000000,0.500000000,0.000000000
47.361814902,47.370849579,1.003349987,0.248180975,-0.005205842,-0.040039690,0.400000000,0.400000000,0.500000000,0.000000000
47.561500321,47.570532293,1.002310461,0.244584474,-0.005109619,0.000481687,0.400000000,0.400000000,0.500000000,0.000000000
47.761336985,47.770366348,1.001289376,0.250438660,-0.013466729,-0.041835779,0.400000000,0.400000000,0.500000000,0.000000000
47.961018916,47.970030172,0.998600395,0.256333724,-0.030164564,-0.083611738,0.400000000,0.400000000,0.500000000,0.000000000
48.160745999,48.169666396,0.992576628,0.255961624,-0.023104982,0.035350792,0.400000000,0.400000000,0.500000000,0.000000000
48.360419720,48.369286823,0.987963581,0.252171695,-0.022423929,0.003409453,0.400000000,0.400000000,0.500000000,0.000000000
48.560254813,48.569071676,0.983482868,0.267049140,-0.030481164,-0.040372085,0.400000000,0.400000000,0.500000000,0.000000000
48.759567461,48.768291741,0.977408527,0.263056031,-0.029393308,0.005450005,0.400000000,0.400000000,0.500000000,0.000000000
48.959467590,48.968105523,0.971533647,0.263920245,-0.018286326,0.055562395,0.400000000,0.400000000,0.500000000,0.000000000
49.159367545,49.167972056,0.967878415,0.270022615,-0.022814892,-0.022659674,0.400000000,0.400000000,0.500000000,0.000000000
49.359169874,49.367722386,0.963320342,0.276593128,-0.006565699,0.081316377,0.400000000,0.400000000,0.500000000,0.000000000
49.559016789,49.567564994,0.962008217,0.268539258,0.000315830,0.034444044,0.400000000,0.400000000,0.500000000,0.000000000
49.758746374,49.767294569,0.962071298,0.268520308,0.014863048,0.072808737,0.400000000,0.400000000,0.500000000,0.000000000
49.958614159,49.967140278,0.965041833,0.278502603,0.020884846,0.030144410,0.400000000,0.400000000,0.500000000,0.000000000
50.158275750,50.166758327,0.969211431,0.278384495,0.020263540,-0.003109947,0.400000000,0.400000000,0.500000000,0.000000000
50.358174595,50.366616134,0.973261812,0.278390429,0.013487979,-0.033902898,0.400000000,0.400000000,0.500000000,0.000000000
50.557978949,50.566402312,0.975956688,0.282678752,0.025497895,0.060095190,0.400000000,0.400000000,0.500000000,0.000000000
50.757868613,50.766227002,0.981052901,0.290918185,0.012618551,-0.064507224,0.400000000,0.400000000,0.500000000,0.000000000
50.957290954,50.965633466,0.983569255,0.295798426,0.019763187,0.035801765,0.400000000,0.400000000,0.500000000,0.000000000
51.156989749,51.165293263,0.987515683,0.300219231,0.021446547,0.008430265,0.400000000,0.400000000,0.500000000,0.000000000
51.356651904,51.364909501,0.991797418,0.294473223,0.021876124,0.002152350,0.400000000,0.400000000,0.500000000,0.000000000
51.556160583,51.564370444,0.996161547,0.302715354,0.013382630,-0.042542720,0.400000000,0.400000000,0.500000000,0.000000000
51.755943215,51.764135186,0.998835084,0.300942777,0.021537848,0.040817663,0.400000000,0.400000000,0.500000000,0.000000000
51.955752086,51.963897715,1.003138205,0.303155328,0.009893459,-0.058259426,0.400000000,0.400000000,0.500000000,0.000000000
52.155683613,52.163819458,1.005116187,0.304751032,0.004424944,-0.027355221,0.400000000,0.400000000,0.500000000,0.000000000
52.355566708,52.363700596,1.006000655,0.303747917,0.003288038,-0.005689700,0.400000000,0.400000000,0.500000000,0.000000000
52.555319988,52.563452797,1.006657450,0.309276876,0.003879262,0.002958592,0.400000000,0.400000000,0.500000000,0.000000000
52.755232788,52.763364092,1.007432963,0.308519220,-0.008126513,-0.060101824,0.400000000,0.400000000,0.500000000,0.000000000
52.954832096,52.962956809,1.005810934,0.313260616,-0.001247745,0.034460652,0.400000000,0.400000000,0.500000000,0.000000000
53.154456454,53.162581012,1.005561854,0.315445042,0.001298081,0.012746350,0.400000000,0.400000000,0.500000000,0.000000000
53.354291668,53.362416058,1.005821256,0.318627372,0.013770655,0.062436279,0.400000000,0.400000000,0.500000000,0.000000000
53.553983552,53.562089008,1.008571057,0.319372107,0.021536042,0.038901146,0.400000000,0.400000000,0.500000000,0.000000000
53.753527621,53.761586804,1.012868114,0.323348776,0.032384996,0.054362011,0.400000000,0.400000000,0.500000000,0.000000000
53.953118917,53.961073445,1.019330748,0.318961266,0.021314052,-0.055415468,0.400000000,0.400000000,0.500000000,0.000000000
54.153087100,54.160996208,1.023592557,0.325573122,0.038717365,0.087095996,0.400000000,0.400000000,0.500000000,0.000000000
54.352749078,54.360508555,1.031321012,0.324443292,0.031353442,-0.036874887,0.400000000,0.400000000,0.500000000,0.000000000
54.552486610,54.560147920,1.037582445,0.327539245,0.035557423,0.021049708,0.400000000,0.400000000,0.500000000,0.000000000
54.752182478,54.759717560,1.044681619,0.331329766,0.039972002,0.022099433,0.400000000,0.400000000,0.500000000,0.000000000
54.952005967,54.959381436,1.052666838,0.335896294,0.057053133,0.085501786,0.400000000,0.400000000,0.500000000,0.000000000
55.151727873,55.158778376,1.064055417,0.337527358,0.052409542,-0.023248751,0.400000000,0.400000000,0.500000000,0.000000000
55.351475695,55.358251932,1.074519317,0.339830648,0.053304570,0.004480581,0.400000000,0.400000000,0.500000000,0.000000000
55.551242094,55.557734591,1.085162737,0.337660111,0.047455270,-0.029280316,0.400000000,0.400000000,0.500000000,0.000000000
55.751013187,55.757280785,1.094639371,0.339943982,0.052289855,0.024190173,0.400000000,0.400000000,0.500000000,0.000000000
55.950956484,55.956950799,1.105089613,0.344134141,0.047244657,-0.025239911,0.400000000,0.400000000,0.500000000,0.000000000
56.150792144,56.156563478,1.114527268,0.344155129,0.048480313,0.006183385,0.400000000,0.400000000,0.500000000,0.000000000
56.350626192,56.356162733,1.124211491,0.343228937,0.048882957,0.002014800,0.400000000,0.400000000,0.500000000,0.000000000
56.550478540,56.555776350,1.133976974,0.341340889,0.043585119,-0.026508892,0.400000000,0.400000000,0.500000000,0.000000000
56.750328393,56.755436410,1.142684696,0.341576539,0.043450436,-0.000673818,0.400000000,0.400000000,0.500000000,0.000000000
56.950240370,56.955159705,1.151368226,0.344368470,0.037989466,-0.027319449,0.400000000,0.400000000,0.500000000,0.000000000
57.150114097,57.154889221,1.158959496,0.343396288,0.040725423,0.013689676,0.400000000,0.400000000,0.500000000,0.000000000
57.349951126,57.354560551,1.167095694,0.342815700,0.046165165,0.027221930,0.400000000,0.400000000,0.500000000,0.000000000
57.549772445,57.554168977,1.176317202,0.340893569,0.042968467,-0.016009788,0.400000000,0.400000000,0.500000000,0.000000000
57.749293941,57.753506314,1.184887696,0.346172188,0.033714655,-0.046335324,0.400000000,0.400000000,0.500000000,0.000000000
57.949198957,57.953297727,1.191626148,0.352128971,0.037991329,0.021398593,0.400000000,0.400000000,0.500000000,0.000000000
58.149009025,58.152963615,1.199215372,0.351131540,0.025917613,-0.060415636,0.400000000,0.400000000,0.500000000,0.000000000
58.348884989,58.352772452,1.204395100,0.350406814,0.018120477,-0.039004324,0.400000000,0.400000000,0.500000000,0.000000000
58.548816776,58.552671416,1.208017761,0.350675531,0.025759769,0.038209230,0.400000000,0.400000000,0.500000000,0.000000000
58.748750322,58.752538631,1.213167434,0.355804064,0.041027160,0.076409726,0.400000000,0.400000000,0.500000000,0.000000000
58.948431955,58.952052233,1.221357506,0.354240602,0.061640102,0.103202116,0.400000000,0.400000000,0.500000000,0.000000000
59.148210672,59.151451540,1.233664090,0.353781585,0.089455211,0.139286008,0.400000000,0.400000000,0.500000000,0.000000000
59.347814682,59.350257443,1.251495904,0.353705409,0.112890268,0.117447296,0.400000000,0.400000000,0.500000000,0.000000000
59.547275116,59.548448244,1.273965250,0.362711327,0.126839778,0.069860169,0.400000000,0.400000000,0.500000000,0.000000000
59.747166633,59.746733955,1.299251515,0.355200627,0.130142769,0.016522399,0.400000000,0.400000000,0.500000000,0.000000000
59.947094655,59.944971261,1.325197315,0.361002064,0.122378627,-0.038838293,0.400000000,0.400000000,0.500000000,0.000000000
60.146984515,60.143366161,1.349598548,0.364851333,0.113144669,-0.046188180,0.400000000,0.400000000,0.500000000,0.000000000
60.346933990,60.342037151,1.372173527,0.358095721,0.097959623,-0.075965588,0.400000000,0.400000000,0.500000000,0.000000000
60.546768166,60.540913281,1.391717914,0.368892736,0.086819241,-0.055746747,0.400000000,0.400000000,0.500000000,0.000000000
60.746610208,60.740002633,1.409046260,0.370943710,0.075260994,-0.057821136,0.400000000,0.400000000,0.500000000,0.000000000
60.946559062,60.939385477,1.424080407,0.371426155,0.075221954,-0.000195247,0.400000000,0.400000000,0.500000000,0.000000000
61.146518017,61.138778982,1.439107530,0.370149491,0.070782641,-0.022211002,0.400000000,0.400000000,0.500000000,0.000000000
61.346298707,61.338059412,1.453236730,0.374342319,0.071410799,0.003142977,0.400000000,0.400000000,0.500000000,0.000000000
61.546239484,61.537490605,1.467502528,0.371623460,0.070228524,-0.005913250,0.400000000,0.400000000,0.500000000,0.000000000
61.746171840,61.736930127,1.481531944,0.373570932,0.074035236,0.019039321,0.400000000,0.400000000,0.500000000,0.000000000
61.946118214,61.936328777,1.496321501,0.379107537,0.068479600,-0.027785085,0.400000000,0.400000000,0.500000000,0.000000000
62.146071892,62.135813801,1.510003550,0.377365929,0.065242126,-0.016192054,0.400000000,0.400000000,0.500000000,0.000000000
62.346002388,62.335318942,1.523038189,0.380357200,0.060992845,-0.021251655,0.400000000,0.400000000,0.500000000,0.000000000
62.545972777,62.534917488,1.535227391,0.384734572,0.062404733,0.007062751,0.400000000,0.400000000,0.500000000,0.000000000
62.745814808,62.734370518,1.547690387,0.387953868,0.058448707,-0.019790737,0.400000000,0.400000000,0.500000000,0.000000000
62.945758064,62.933972343,1.559370159,0.380412057,0.052930547,-0.027602144,0.400000000,0.400000000,0.500000000,0.000000000
63.145649944,63.133584276,1.569945606,0.375700077,0.051888595,-0.005215099,0.400000000,0.400000000,0.500000000,0.000000000
63.345348546,63.333014101,1.580303036,0.381045059,0.051778443,-0.000551214,0.400000000,0.400000000,0.500000000,0.000000000
63.545319990,63.532717542,1.590652620,0.383394226,0.052099263,0.001604548,0.400000000,0.400000000,0.500000000,0.000000000
63.745237293,63.732363586,1.601063453,0.385280690,0.049109584,-0.014953489,0.400000000,0.400000000,0.500000000,0.000000000
63.945183626,63.932068857,1.610878788,0.386387705,0.052175187,0.015336891,0.400000000,0.400000000,0.500000000,0.000000000
64.145005657,64.131618967,1.621299810,0.389660872,0.055095656,0.014611160,0.400000000,0.400000000,0.500000000,0.000000000
64.344942136,64.331252066,1.632309869,0.387699490,0.055254795,0.000796051,0.400000000,0.400000000,0.500000000,0.000000000
64.544826689,64.530831563,1.643348830,0.391998566,0.051967470,-0.016445792,0.400000000,0.400000000,0.500000000,0.000000000
64.744718998,64.730454017,1.653732053,0.385683752,0.053457823,0.007454420,0.400000000,0.400000000,0.500000000,0.000000000
64.944684361,64.930133724,1.664416675,0.393886581,0.048771770,-0.023432988,0.400000000,0.400000000,0.500000000,0.000000000
65.144672171,65.129883727,1.674166568,0.399300311,0.047270795,-0.007505371,0.400000000,0.400000000,0.500000000,0.000000000
65.344657892,65.329646052,1.683616532,0.395586256,0.047476794,0.001030197,0.400000000,0.400000000,0.500000000,0.000000000
65.544593768,65.529356639,1.693105281,0.401433563,0.044181873,-0.016481736,0.400000000,0.400000000,0.500000000,0.000000000
65.744484654,65.729052459,1.701933962,0.404369252,0.047255163,0.015374346,0.400000000,0.400000000,0.500000000,0.000000000
65.944388191,65.928732840,1.711376921,0.396618910,0.035380842,-0.059411459,0.400000000,0.400000000,0.500000000,0.000000000
66.144213991,66.128433581,1.718445451,0.395442071,0.028247888,-0.035705890,0.400000000,0.400000000,0.500000000,0.000000000
66.343926681,66.328066597,1.724086162,0.400598073,0.030111226,0.009326553,0.400000000,0.400000000,0.500000000,0.000000000
66.543790858,66.527840174,1.730103408,0.404545078,0.026805012,-0.016557764,0.400000000,0.400000000,0.500000000,0.000000000
66.743281614,66.727259266,1.735450120,0.409143279,0.011252893,-0.077872173,0.400000000,0.400000000,0.500000000,0.000000000
66.943213702,66.927178696,1.737699887,0.407534181,0.019674501,0.042160103,0.400000000,0.400000000,0.500000000,0.000000000
67.142786457,67.126712827,1.741626128,0.400229855,0.018917799,-0.003787689,0.400000000,0.400000000,0.500000000,0.000000000
67.342771987,67.326662572,1.745409188,0.399881877,0.010427030,-0.042477547,0.400000000,0.400000000,0.500000000,0.000000000
67.542562068,67.526441792,1.747492368,0.400840910,0.008439198,-0.009945215,0.400000000,0.400000000,0.500000000,0.000000000
67.742528430,67.726401033,1.749179903,0.408020803,0.006332161,-0.010539266,0.400000000,0.400000000,0.500000000,0.000000000
67.942407110,67.926275706,1.750445559,0.409642681,0.006182795,-0.000747290,0.400000000,0.400000000,0.500000000,0.000000000
68.142281583,68.126146359,1.751681334,0.411676981,0.010191757,0.020058434,0.400000000,0.400000000,0.500000000,0.000000000
68.342135166,68.325989562,1.753718158,0.416449863,0.013055734,0.014331975,0.400000000,0.400000000,0.500000000,0.000000000
68.541944002,68.525781370,1.756326735,0.409903279,0.028276534,0.076189695,0.400000000,0.400000000,0.500000000,0.000000000
68.741681403,68.725438925,1.761973864,0.417738303,0.050819069,0.112827639,0.400000000,0.400000000,0.500000000,0.000000000
68.941527966,68.925027483,1.772125509,0.418401881,0.064403364,0.067972986,0.400000000,0.400000000,0.500000000,0.000000000
69.141375201,69.124460399,1.784987447,0.422771088,0.082258296,0.089324392,0.400000000,0.400000000,0.500000000,0.000000000
69.341299951,69.323709142,1.801414377,0.424675215,0.097091692,0.074213684,0.400000000,0.400000000,0.500000000,0.000000000
69.541119809,69.522587910,1.820784758,0.423968961,0.099622636,0.012662642,0.400000000,0.400000000,0.500000000,0.000000000
69.741049683,69.721526484,1.840669369,0.427839132,0.103475016,0.019266690,0.400000000,0.400000000,0.500000000,0.000000000
69.941020121,69.920427328,1.861324409,0.424875218,0.104850684,0.006879145,0.400000000,0.400000000,0.500000000,0.000000000
70.141002831,70.119311773,1.882254334,0.427822207,0.102184697,-0.013334026,0.400000000,0.400000000,0.500000000,0.000000000
70.340897310,70.318163540,1.902644962,0.426092532,0.100202074,-0.009916678,0.400000000,0.400000000,0.500000000,0.000000000
70.540858979,70.517122195,1.922648023,0.427609063,0.092830316,-0.036867233,0.400000000,0.400000000,0.500000000,0.000000000
70.740804820,70.716207141,1.941182412,0.425330040,0.086880728,-0.029767341,0.400000000,0.400000000,0.500000000,0.000000000
70.940597649,70.915246400,1.958518730,0.429705469,0.080069236,-0.034082498,0.400000000,0.400000000,0.500000000,0.000000000
71.140510218,71.114518484,1.974508478,0.429029900,0.076519977,-0.017752631,0.400000000,0.400000000,0.500000000,0.000000000
71.340454672,71.313877855,1.989793297,0.431685617,0.080542934,0.020121559,0.400000000,0.400000000,0.500000000,0.000000000
71.540375313,71.513150387,2.005878088,0.430715170,0.088836947,0.041506772,0.400000000,0.400000000,0.500000000,0.000000000
71.740099779,71.712087259,2.023597671,0.427863074,0.096096022,0.036328543,0.400000000,0.400000000,0.500000000,0.000000000
71.940009244,71.911074407,2.042778623,0.431547972,0.096966012,0.004352787,0.400000000,0.400000000,0.500000000,0.000000000
72.139838941,72.109965400,2.062124961,0.432506296,0.084953141,-0.060108801,0.400000000,0.400000000,0.500000000,0.000000000
72.339711081,72.309116731,2.079084311,0.441159402,0.087841328,0.014451103,0.400000000,0.400000000,0.500000000,0.000000000
72.539557377,72.508192506,2.096616508,0.436843774,0.084154492,-0.018473130,0.400000000,0.400000000,0.500000000,0.000000000
72.738867492,72.706797282,2.113369559,0.448172745,0.074722056,-0.047286629,0.400000000,0.400000000,0.500000000,0.000000000
72.938503163,72.905875891,2.128272869,0.453846382,0.081443389,0.033649136,0.400000000,0.400000000,0.500000000,0.000000000
73.138361843,73.105072103,2.144532049,0.452562724,0.084987807,0.017740603,0.400000000,0.400000000,0.500000000,0.000000000
73.338085563,73.304074963,2.161485704,0.456952018,0.075048139,-0.049741132,0.400000000,0.400000000,0.500000000,0.000000000
73.538016091,73.503442729,2.176476037,0.468374440,0.073708389,-0.006702480,0.400000000,0.400000000,0.500000000,0.000000000
73.737862794,73.702746800,2.191193081,0.470127447,0.070112651,-0.017997463,0.400000000,0.400000000,0.500000000,0.000000000
73.937598591,73.901991870,2.205185617,0.473595002,0.061157190,-0.044830333,0.400000000,0.400000000,0.500000000,0.000000000
74.137388349,74.101408117,2.217396581,0.473173100,0.065080015,0.019635263,0.400000000,0.400000000,0.500000000,0.000000000
74.337167708,74.300764552,2.230389049,0.469518048,0.054278086,-0.054061894,0.400000000,0.400000000,0.500000000,0.000000000
74.536999808,74.500302361,2.241230228,0.475082761,0.052491225,-0.008945150,0.400000000,0.400000000,0.500000000,0.000000000
74.736682649,74.699710169,2.251707012,0.480057735,0.048945028,-0.017764788,0.400000000,0.400000000,0.500000000,0.000000000
74.936238477,74.899027015,2.261470378,0.489282775,0.051947773,0.015040282,0.400000000,0.400000000,0.500000000,0.000000000
75.135976223,75.098495318,2.271841644,0.488913543,0.052449281,0.002509807,0.400000000,0.400000000,0.500000000,0.000000000
75.335876755,75.298120958,2.282321476,0.492296473,0.053904634,0.007281265,0.400000000,0.400000000,0.500000000,0.000000000
75.535729002,75.497682918,2.293089222,0.504074353,0.056201645,0.011494210,0.400000000,0.400000000,0.500000000,0.000000000
75.735558093,75.697196500,2.304314034,0.501505379,0.067051972,0.054289787,0.400000000,0.400000000,0.500000000,0.000000000
75.935445944,75.896635175,2.317706868,0.503303559,0.070380621,0.016653428,0.400000000,0.400000000,0.500000000,0.000000000
76.135313337,76.096007757,2.331762049,0.492202984,0.082671758,0.061490976,0.400000000,0.400000000,0.500000000,0.000000000
76.335213843,76.295225530,2.348269357,0.494651257,0.096941682,0.071395430,0.400000000,0.400000000,0.500000000,0.000000000
76.535053312,76.494126720,2.367611802,0.498619694,0.100916270,0.019889481,0.400000000,0.400000000,0.500000000,0.000000000
76.734880854,76.692937593,2.387743441,0.499941624,0.098559811,-0.011793732,0.400000000,0.400000000,0.500000000,0.000000000
76.934665346,76.891752514,2.407402299,0.499038099,0.100557338,0.009997138,0.400000000,0.400000000,0.500000000,0.000000000
77.134500627,77.090578301,2.427463354,0.510290954,0.088379612,-0.060924150,0.400000000,0.400000000,0.500000000,0.000000000
77.334429668,77.289727032,2.445110011,0.522472080,0.084106750,-0.021373422,0.400000000,0.400000000,0.500000000,0.000000000
77.534329813,77.488920552,2.461903147,0.515918718,0.082360952,-0.008732696,0.400000000,0.400000000,0.500000000,0.000000000
77.734259752,77.688172779,2.478350957,0.515867759,0.083822102,0.007308000,0.400000000,0.400000000,0.500000000,0.000000000
77.934206622,77.887417632,2.495091305,0.516307636,0.089662290,0.029216397,0.400000000,0.400000000,0.500000000,0.000000000
78.134047525,78.086455781,2.512985499,0.518996454,0.084517390,-0.025748877,0.400000000,0.400000000,0.500000000,0.000000000
78.333827460,78.285522607,2.529850283,0.520477647,0.079830222,-0.023459229,0.400000000,0.400000000,0.500000000,0.000000000
78.533648323,78.484707093,2.545785089,0.526856750,0.073427008,-0.032046131,0.400000000,0.400000000,0.500000000,0.000000000
78.733451568,78.683971958,2.560442864,0.530509565,0.073454339,0.000136755,0.400000000,0.400000000,0.500000000,0.000000000
78.933349550,78.883330903,2.575113038,0.521721656,0.065722774,-0.038671237,0.400000000,0.400000000,0.500000000,0.000000000
79.133311824,79.082861466,2.588245654,0.514138656,0.079268940,0.067781902,0.400000000,0.400000000,0.500000000,0.000000000
79.333045081,79.281967533,2.604061722,0.521877807,0.081552726,0.011434183,0.400000000,0.400000000,0.500000000,0.000000000
79.532778157,79.481036780,2.620332449,0.529499287,0.092685040,0.055722288,0.400000000,0.400000000,0.500000000,0.000000000
79.732607157,79.680008077,2.638827101,0.525322353,0.096964722,0.021411076,0.400000000,0.400000000,0.500000000,0.000000000
79.932541280,79.879003031,2.658183293,0.526194985,0.097880328,0.004579129,0.400000000,0.400000000,0.500000000,0.000000000
80.132511107,80.078015711,2.677725167,0.522029519,0.088879066,-0.045025390,0.400000000,0.400000000,0.500000000,0.000000000
80.332370422,80.277086152,2.695465098,0.524136015,0.082863034,-0.030100447,0.400000000,0.400000000,0.500000000,0.000000000
80.532240880,80.476270819,2.712008024,0.524991270,0.082671855,-0.000956358,0.400000000,0.400000000,0.500000000,0.000000000
80.732178395,80.675525473,2.728518408,0.511537732,0.083011048,0.001697071,0.400000000,0.400000000,0.500000000,0.000000000
80.931981069,80.874640138,2.745085195,0.519366280,0.076670306,-0.031729313,0.400000000,0.400000000,0.500000000,0.000000000
81.131854996,81.073926891,2.760394581,0.520590557,0.080973831,0.021529018,0.400000000,0.400000000,0.500000000,0.000000000
81.331769107,81.273185965,2.776564708,0.512633142,0.089503920,0.042669362,0.400000000,0.400000000,0.500000000,0.000000000
81.531676427,81.472293095,2.794433317,0.507933348,0.092974049,0.017357835,0.400000000,0.400000000,0.500000000,0.000000000
81.731603267,81.671356456,2.812994557,0.513708968,0.096966549,0.019974024,0.400000000,0.400000000,0.500000000,0.000000000
81.931445376,81.870259792,2.832342204,0.518725044,0.109008008,0.060256355,0.400000000,0.400000000,0.500000000,0.000000000
82.131275184,82.068903512,2.854082138,0.519366476,0.111681774,0.013379494,0.400000000,0.400000000,0.500000000,0.000000000
82.331126462,82.267509731,2.876355514,0.517751210,0.125166171,0.067481332,0.400000000,0.400000000,0.500000000,0.000000000
82.530920370,82.465740638,2.901297707,0.507474226,0.120567329,-0.023011183,0.400000000,0.400000000,0.500000000,0.000000000
82.730831081,82.664200110,2.925342055,0.507995414,0.123961563,0.016993188,0.400000000,0.400000000,0.500000000,0.000000000
82.930401897,82.862239539,2.950017856,0.519816933,0.127333454,0.016881581,0.400000000,0.400000000,0.500000000,0.000000000
83.130306572,83.060525794,2.975403678,0.529499386,0.131544709,0.021067477,0.400000000,0.400000000,0.500000000,0.000000000
83.330188998,83.258681329,3.001621389,0.521276348,0.129890060,-0.008281305,0.400000000,0.400000000,0.500000000,0.000000000
83.529917325,83.456727172,3.027491226,0.522389562,0.133251245,0.016821850,0.400000000,0.400000000,0.500000000,0.000000000
83.729810085,83.654847919,3.054048431,0.522886112,0.130668580,-0.012921578,0.400000000,0.400000000,0.500000000,0.000000000
83.929661709,83.852995808,3.080088508,0.518724447,0.126101905,-0.022860714,0.400000000,0.400000000,0.500000000,0.000000000
84.129331363,84.051080022,3.105200554,0.521773420,0.123137903,-0.014835246,0.400000000,0.400000000,0.500000000,0.000000000
84.329250689,84.249485580,3.129756036,0.517767284,0.121022116,-0.010590790,0.400000000,0.400000000,0.500000000,0.000000000
84.528883556,84.447658284,3.153857095,0.525782677,0.116977160,-0.020245734,0.400000000,0.400000000,0.500000000,0.000000000
84.728836442,84.646244685,3.177193709,0.524495456,0.110186362,-0.033961850,0.400000000,0.400000000,0.500000000,0.000000000
84.928790234,84.844985882,3.199181335,0.523911752,0.109536569,-0.003250466,0.400000000,0.400000000,0.500000000,0.000000000
85.128651849,85.043649699,3.221029738,0.526618411,0.109284079,-0.001263237,0.400000000,0.400000000,0.500000000,0.000000000
85.328539880,85.242345286,3.242830862,0.532105274,0.102935490,-0.031765439,0.400000000,0.400000000,0.500000000,0.000000000
85.528367925,85.441115605,3.263363955,0.532099883,0.096640664,-0.031488158,0.400000000,0.400000000,0.500000000,0.000000000
85.728361077,85.640175573,3.282661355,0.528333629,0.100059192,0.017097458,0.400000000,0.400000000,0.500000000,0.000000000
85.928255036,85.839069714,3.302629225,0.532214244,0.091653605,-0.042047961,0.400000000,0.400000000,0.500000000,0.000000000
86.128169383,86.038144970,3.320926453,0.536650628,0.087332811,-0.021624019,0.400000000,0.400000000,0.500000000,0.000000000
86.327883851,86.237098309,3.338345916,0.529775864,0.084755255,-0.012900363,0.400000000,0.400000000,0.500000000,0.000000000
86.527779088,86.436276006,3.355267811,0.536972996,0.081025245,-0.018655965,0.400000000,0.400000000,0.500000000,0.000000000
86.727756856,86.635597698,3.371453335,0.535019734,0.071279252,-0.048751680,0.400000000,0.400000000,0.500000000,0.000000000
86.927599313,86.834932696,3.385685897,0.530845278,0.074442995,0.015828055,0.400000000,0.400000000,0.500000000,0.000000000
87.127520589,87.034300270,3.400554893,0.539725460,0.066083551,-0.041814135,0.400000000,0.400000000,0.500000000,0.000000000
87.327436315,87.233779635,3.413756421,0.535795857,0.054019178,-0.060335364,0.400000000,0.400000000,0.500000000,0.000000000
87.527428686,87.433480281,3.424554591,0.536402178,0.066782053,0.063893314,0.400000000,0.400000000,0.500000000,0.000000000
87.726939402,87.632546269,3.437868425,0.535571077,0.072667362,0.029485465,0.400000000,0.400000000,0.500000000,0.000000000
87.926628853,87.831708718,3.452366563,0.540375737,0.074270329,0.008027363,0.400000000,0.400000000,0.500000000,0.000000000
88.126314881,88.030844257,3.467183679,0.543187624,0.085048250,0.053934483,0.400000000,0.400000000,0.500000000,0.000000000
88.326294095,88.230100662,3.484171065,0.547814176,0.103385653,0.091695111,0.400000000,0.400000000,0.500000000,0.000000000
88.526273967,88.429012733,3.504809303,0.546579386,0.095926851,-0.037323237,0.400000000,0.400000000,0.500000000,0.000000000
88.725979943,88.627800570,3.523937101,0.547711185,0.092955910,-0.014869744,0.400000000,0.400000000,0.500000000,0.000000000
88.925869224,88.826826871,3.542491244,0.546931173,0.097060457,0.020542435,0.400000000,0.400000000,0.500000000,0.000000000
89.125596077,89.025613676,3.561846400,0.549510898,0.095318658,-0.008716096,0.400000000,0.400000000,0.500000000,0.000000000
89.325543454,89.224653415,3.580876269,0.549959514,0.084095580,-0.056135828,0.400000000,0.400000000,0.500000000,0.000000000
89.525448338,89.423851845,3.597667578,0.549253371,0.079734066,-0.021816805,0.400000000,0.400000000,0.500000000,0.000000000
89.725373774,89.623142103,3.613591561,0.555341422,0.082701366,0.014842678,0.400000000,0.400000000,0.500000000,0.000000000
89.925281674,89.822366755,3.630105378,0.551040364,0.080065014,-0.013187376,0.400000000,0.400000000,0.500000000,0.000000000
90.125203335,90.021647969,3.646095012,0.560610045,0.068502440,-0.057838972,0.400000000,0.400000000,0.500000000,0.000000000
90.325098946,90.221074750,3.659777642,0.555528623,0.069438647,0.004686658,0.400000000,0.400000000,0.500000000,0.000000000
90.524723535,90.420218265,3.673628167,0.554845565,0.074043178,0.023052563,0.400000000,0.400000000,0.500000000,0.000000000
90.724579595,90.619526730,3.688412627,0.552529106,0.069519770,-0.022629796,0.400000000,0.400000000,0.500000000,0.000000000
90.924497710,90.818961938,3.702299696,0.556726438,0.064481860,-0.025195661,0.400000000,0.400000000,0.500000000,0.000000000
91.124482120,91.018530733,3.715186128,0.557562905,0.069987813,0.027533767,0.400000000,0.400000000,0.500000000,0.000000000
91.324439030,91.217998120,3.729169253,0.558767477,0.063347936,-0.033211657,0.400000000,0.400000000,0.500000000,0.000000000
91.524333605,91.417491744,3.741823694,0.558018042,0.052298897,-0.055269261,0.400000000,0.400000000,0.500000000,0.000000000
91.724262808,91.617147588,3.752275005,0.560432681,0.051004941,-0.006473640,0.400000000,0.400000000,0.500000000,0.000000000
91.924094971,91.816719876,3.762463014,0.563593158,0.046286143,-0.023608853,0.400000000,0.400000000,0.500000000,0.000000000
92.124010639,92.016421432,3.771713036,0.570584483,0.038128319,-0.040803554,0.400000000,0.400000000,0.500000000,0.000000000
92.323952344,92.216217820,3.779334630,0.573153143,0.041869392,0.018711163,0.400000000,0.400000000,0.500000000,0.000000000
92.523886404,92.415976659,3.787703302,0.569967192,0.045387923,0.017597370,0.400000000,0.400000000,0.500000000,0.000000000
92.723844925,92.615729252,3.796775888,0.567121946,0.040961538,-0.022136283,0.400000000,0.400000000,0.500000000,0.000000000
92.923807286,92.815523882,3.804964364,0.566916376,0.041022282,0.000303822,0.400000000,0.400000000,0.500000000,0.000000000
93.123710281,93.015258700,3.813162541,0.570060834,0.052437397,0.057103162,0.400000000,0.400000000,0.500000000,0.000000000
93.323611889,93.214885538,3.823640058,0.571897404,0.050887042,-0.007755943,0.400000000,0.400000000,0.500000000,0.000000000
93.523495286,93.414510193,3.833807143,0.573425272,0.055985719,0.025510073,0.400000000,0.400000000,0.500000000,0.000000000
93.723349735,93.614051511,3.844990294,0.571587563,0.066232068,0.051259437,0.400000000,0.400000000,0.500000000,0.000000000
93.923277470,93.813540897,3.858222242,0.573083744,0.071602844,0.026885463,0.400000000,0.400000000,0.500000000,0.000000000
94.122879312,94.012631282,3.872502093,0.579905827,0.064173441,-0.037190010,0.400000000,0.400000000,0.500000000,0.000000000
94.322814091,94.212154513,3.885323791,0.575766308,0.063691807,-0.002409431,0.400000000,0.400000000,0.500000000,0.000000000
94.522670184,94.411605370,3.898044382,0.574311536,0.057476319,-0.031115904,0.400000000,0.400000000,0.500000000,0.000000000
94.722319009,94.610924513,3.909513144,0.575353592,0.047360818,-0.050633118,0.400000000,0.400000000,0.500000000,0.000000000
94.922229122,94.810610464,3.918977512,0.581516385,0.047398529,0.000188628,0.400000000,0.400000000,0.500000000,0.000000000
95.122160200,95.010317000,3.928450403,0.578499833,0.046108778,-0.006451337,0.400000000,0.400000000,0.500000000,0.000000000
95.322068768,95.210013100,3.937664677,0.575611759,0.047258288,0.005749404,0.400000000,0.400000000,0.500000000,0.000000000
95.522030854,95.409751936,3.947111025,0.580891975,0.051077902,0.019102543,0.400000000,0.400000000,0.500000000,0.000000000
95.721974926,95.609435243,3.957319309,0.575675333,0.048945805,-0.010662930,0.400000000,0.400000000,0.500000000,0.000000000
95.921939123,95.809159961,3.967102810,0.582308256,0.037935214,-0.055087698,0.400000000,0.400000000,0.500000000,0.000000000
96.121720624,96.008797728,3.974679746,0.582390922,0.030246085,-0.038491072,0.400000000,0.400000000,0.500000000,0.000000000
96.321466044,96.208451789,3.980720342,0.579067606,0.024626855,-0.028118030,0.400000000,0.400000000,0.500000000,0.000000000
96.521408861,96.408333979,3.985643807,0.580355008,0.017707585,-0.034608567,0.400000000,0.400000000,0.500000000,0.000000000
96.721324043,96.608217819,3.989183637,0.580614740,0.017592585,-0.000575187,0.400000000,0.400000000,0.500000000,0.000000000
96.921278274,96.808141108,3.992701168,0.581311362,0.022213360,0.023107729,0.400000000,0.400000000,0.500000000,0.000000000
97.121256963,97.008070460,3.997143001,0.583061472,0.023427758,0.006073327,0.400000000,0.400000000,0.500000000,0.000000000
97.321190190,97.207948823,4.001826560,0.584245655,0.012122811,-0.056540232,0.400000000,0.400000000,0.500000000,0.000000000
97.521145195,97.407889134,4.004250517,0.586073340,0.010667284,-0.007283211,0.400000000,0.400000000,0.500000000,0.000000000
97.720884019,97.607616595,4.006381148,0.583519110,0.007737063,-0.014663502,0.400000000,0.400000000,0.500000000,0.000000000
97.920806891,97.807533482,4.007927948,0.580035637,-0.000593725,-0.041688922,0.400000000,0.400000000,0.500000000,0.000000000
98.120547190,98.007273747,4.007809357,0.582610755,-0.000774733,-0.000906066,0.400000000,0.400000000,0.500000000,0.000000000
98.320353591,98.207080088,4.007654561,0.588637641,0.002163738,0.014701835,0.400000000,0.400000000,0.500000000,0.000000000
98.520289122,98.407015150,4.008087168,0.582585824,-0.002052875,-0.021096105,0.400000000,0.400000000,0.500000000,0.000000000
98.720106092,98.606831699,4.007676969,0.584303599,-0.005790540,-0.018700857,0.400000000,0.400000000,0.500000000,0.000000000
98.920020817,98.806743073,4.006519361,0.585841706,-0.009497186,-0.018541985,0.400000000,0.400000000,0.500000000,0.000000000
99.119916989,99.006630230,4.004620939,0.590498633,-0.014255562,-0.023800029,0.400000000,0.400000000,0.500000000,0.000000000
99.319883489,99.206576412,4.001770401,0.584519470,-0.014325157,-0.000348056,0.400000000,0.400000000,0.500000000,0.000000000
99.519822376,99.406494785,3.998906343,0.588156915,-0.013571974,0.003766724,0.400000000,0.400000000,0.500000000,0.000000000
99.719797766,99.606451757,3.996192365,0.584413220,-0.015056556,-0.007425931,0.400000000,0.400000000,0.500000000,0.000000000
99.919659801,99.806291138,3.993183245,0.587218452,0.002728242,0.088966982,0.400000000,0.400000000,0.500000000,0.000000000
100.119599201,100.006229794,3.993728727,0.585034663,0.008596917,0.029365087,0.400000000,0.400000000,0.500000000,0.000000000
100.319363522,100.205986733,3.995446063,0.591772465,0.018263716,0.048413071,0.400000000,0.400000000,0.500000000,0.000000000
100.518944287,100.405534212,3.999090947,0.593729550,0.018244377,-0.000096816,0.400000000,0.400000000,0.500000000,0.000000000
100.718858903,100.605415558,4.002738062,0.593249518,0.023046656,0.024030258,0.400000000,0.400000000,0.500000000,0.000000000
100.918629883,100.805133487,4.007341708,0.590422014,0.013222614,-0.049153241,0.400000000,0.400000000,0.500000000,0.000000000
101.118588481,101.005074604,4.009985606,0.592972154,0.014228193,0.005030032,0.400000000,0.400000000,0.500000000,0.000000000
101.318459852,101.204925744,4.012829319,0.593879226,0.004986077,-0.046243626,0.400000000,0.400000000,0.500000000,0.000000000
101.518301214,101.404764622,4.013825739,0.589199907,0.004301236,-0.003426567,0.400000000,0.400000000,0.500000000,0.000000000
101.718184151,101.604645711,4.014685480,0.592334414,0.000048317,-0.021276139,0.400000000,0.400000000,0.500000000,0.000000000
101.918083829,101.804545388,4.014695139,0.593974606,-0.000051817,-0.000500944,0.400000000,0.400000000,0.500000000,0.000000000
102.117966521,102.004428080,4.014684781,0.598665014,-0.001302055,-0.006256571,0.400000000,0.400000000,0.500000000,0.000000000
102.317739896,102.204201286,4.014424665,0.595909835,-0.006102903,-0.024018262,0.400000000,0.400000000,0.500000000,0.000000000
102.517732567,102.404190232,4.013204137,0.594753934,-0.004720546,0.006916368,0.400000000,0.400000000,0.500000000,0.000000000
102.717474800,102.603930240,4.012261248,0.592260836,0.002706284,0.037172447,0.400000000,0.400000000,0.500000000,0.000000000
102.917319507,102.803774215,4.012802084,0.592987558,-0.011455550,-0.070959766,0.400000000,0.400000000,0.500000000,0.000000000
103.116622543,103.003064174,4.010519008,0.599800329,-0.020985464,-0.047761963,0.400000000,0.400000000,0.500000000,0.000000000
103.316376734,103.202774382,4.006327381,0.601515365,-0.021077267,-0.000459663,0.400000000,0.400000000,0.500000000,0.000000000
103.516055413,103.402408709,4.002119012,0.600724674,-0.034834398,-0.068854469,0.400000000,0.400000000,0.500000000,0.000000000
103.715973833,103.602205846,3.995156383,0.601581532,-0.046604636,-0.058872782,0.400000000,0.400000000,0.500000000,0.000000000
103.915906391,103.801921318,3.985841971,0.598806178,-0.038894262,0.038560987,0.400000000,0.400000000,0.500000000,0.000000000
104.115878243,104.001741934,3.978066175,0.599358902,-0.033760064,0.025686026,0.400000000,0.400000000,0.500000000,0.000000000
104.315671868,104.201421713,3.971322410,0.602804836,-0.023428996,0.051707200,0.400000000,0.400000000,0.500000000,0.000000000
104.515475273,104.401170283,3.966641645,0.600228809,-0.000984287,0.112292394,0.400000000,0.400000000,0.500000000,0.000000000
104.715418226,104.601113139,3.966444844,0.603334030,0.015949706,0.084798983,0.400000000,0.400000000,0.500000000,0.000000000
104.914861923,104.800531469,3.969625778,0.606672160,0.023758511,0.039113303,0.400000000,0.400000000,0.500000000,0.000000000
105.114708714,105.000321859,3.974373393,0.609349456,0.040787323,0.085187502,0.400000000,0.400000000,0.500000000,0.000000000
105.314653112,105.200099966,3.982526329,0.607900543,0.041370969,0.002920467,0.400000000,0.400000000,0.500000000,0.000000000
105.514401726,105.399677663,3.990787766,0.609376350,0.039482396,-0.009454114,0.400000000,0.400000000,0.500000000,0.000000000
105.714176910,105.599297156,3.998673320,0.606438830,0.034103680,-0.026941762,0.400000000,0.400000000,0.500000000,0.000000000
105.913685898,105.798690135,4.005475991,0.609030869,0.043477353,0.046928122,0.400000000,0.400000000,0.500000000,0.000000000
106.113666075,105.998481333,4.014167861,0.610892739,0.037140288,-0.031699371,0.400000000,0.400000000,0.500000000,0.000000000
106.313507995,106.198185437,4.021588341,0.616884592,0.037830400,0.003454526,0.400000000,0.400000000,0.500000000,0.000000000
106.513206835,106.397741395,4.029141227,0.616380423,0.034445945,-0.016943887,0.400000000,0.400000000,0.500000000,0.000000000
106.712997616,106.597413661,4.036021848,0.619556120,0.028118647,-0.031667320,0.400000000,0.400000000,0.500000000,0.000000000
106.912816751,106.797153806,4.041639751,0.613339192,0.016082566,-0.060222033,0.400000000,0.400000000,0.500000000,0.000000000
107.112718701,106.997029904,4.044854549,0.613121525,0.007030359,-0.045291063,0.400000000,0.400000000,0.500000000,0.000000000
107.312550198,107.196856463,4.046259425,0.618237862,-0.001042331,-0.040398965,0.400000000,0.400000000,0.500000000,0.000000000
107.512365961,107.396672118,4.046051150,0.625014157,-0.002336251,-0.006474861,0.400000000,0.400000000,0.500000000,0.000000000
107.712225245,107.596530857,4.045584229,0.627522037,-0.001979501,0.001785262,0.400000000,0.400000000,0.500000000,0.000000000
107.912027731,107.796332951,4.045188720,0.623786495,-0.004714337,-0.013684538,0.400000000,0.400000000,0.500000000,0.000000000
108.111922390,107.996225389,4.044246353,0.631147696,-0.004662000,0.000261826,0.400000000,0.400000000,0.500000000,0.000000000
108.311811564,108.196112391,4.043314473,0.629309596,0.002515633,0.035909006,0.400000000,0.400000000,0.500000000,0.000000000
108.511689407,108.395989601,4.043817292,0.632148157,-0.003325440,-0.029218224,0.400000000,0.400000000,0.500000000,0.000000000
108.711634953,108.595934041,4.043152386,0.632594211,0.001963604,0.026463565,0.400000000,0.400000000,0.500000000,0.000000000
108.911411597,108.795710300,4.043544668,0.635558711,0.010318247,0.041803612,0.400000000,0.400000000,0.500000000,0.000000000
109.111342945,108.995631005,4.045607573,0.636402381,0.019160718,0.044253438,0.400000000,0.400000000,0.500000000,0.000000000
109.311038982,109.195290386,4.049433658,0.634776021,0.027775641,0.043123412,0.400000000,0.400000000,0.500000000,0.000000000
109.510889087,109.395063405,4.054983909,0.634255272,0.045686198,0.089598059,0.400000000,0.400000000,0.500000000,0.000000000
109.710831503,109.594797195,4.064115341,0.643630463,0.061332174,0.078267851,0.400000000,0.400000000,0.500000000,0.000000000
109.910690961,109.794280871,4.076365472,0.643381195,0.061429222,0.000485552,0.400000000,0.400000000,0.500000000,0.000000000
110.110575470,109.993788361,4.088636501,0.642653953,0.066165543,0.023694172,0.400000000,0.400000000,0.500000000,0.000000000
110.310478362,110.193253838,4.101853536,0.645278504,0.066627887,0.002314775,0.400000000,0.400000000,0.500000000,0.000000000
110.510048387,110.392381054,4.115140629,0.647724657,0.068517167,0.009463290,0.400000000,0.400000000,0.500000000,0.000000000
110.709764342,110.591628399,4.128813896,0.645835613,0.057872809,-0.053297755,0.400000000,0.400000000,0.500000000,0.000000000
110.909476391,110.791006097,4.140365343,0.646385021,0.063039112,0.025858023,0.400000000,0.400000000,0.500000000,0.000000000
111.109353822,110.990486510,4.152957095,0.647548295,0.067331035,0.021475602,0.400000000,0.400000000,0.500000000,0.000000000
111.309178325,111.189858235,4.166401322,0.653637342,0.063645143,-0.018442299,0.400000000,0.400000000,0.500000000,0.000000000
111.509075106,111.389350291,4.179115194,0.650071388,0.053145637,-0.052520289,0.400000000,0.400000000,0.500000000,0.000000000
111.709003165,111.588996072,4.189735497,0.652957035,0.060646017,0.037529353,0.400000000,0.400000000,0.500000000,0.000000000
111.908781586,111.788407220,4.201843837,0.652588215,0.056866041,-0.018918205,0.400000000,0.400000000,0.500000000,0.000000000
112.108615529,111.987918144,4.213201478,0.651931832,0.051230939,-0.028221598,0.400000000,0.400000000,0.500000000,0.000000000
112.308127781,112.187168632,4.223418208,0.648737059,0.051392760,0.000810330,0.400000000,0.400000000,0.500000000,0.000000000
112.508009253,112.386786197,4.233686147,0.642041774,0.053106128,0.008573330,0.400000000,0.400000000,0.500000000,0.000000000
112.707825089,112.586320333,4.244292605,0.639932451,0.041631486,-0.057406205,0.400000000,0.400000000,0.500000000,0.000000000
112.907777153,112.786099146,4.252614502,0.643892955,0.049052092,0.037111518,0.400000000,0.400000000,0.500000000,0.000000000
113.107732691,112.985814174,4.262418807,0.647626010,0.046547433,-0.012531504,0.400000000,0.400000000,0.500000000,0.000000000
113.307515021,113.185380113,4.271714804,0.646956335,0.048314873,0.008845490,0.400000000,0.400000000,0.500000000,0.000000000
113.507357659,113.384989547,4.281366419,0.649918023,0.049978958,0.008325451,0.400000000,0.400000000,0.500000000,0.000000000
113.707273570,113.584655826,4.291353849,0.651255468,0.058621606,0.043241615,0.400000000,0.400000000,0.500000000,0.000000000
113.907093919,113.784132932,4.303060931,0.647218011,0.053667142,-0.024789791,0.400000000,0.400000000,0.500000000,0.000000000
114.106991195,113.983742409,4.313783698,0.646537572,0.058006199,0.021704644,0.400000000,0.400000000,0.500000000,0.000000000
114.306921075,114.183336029,4.325374368,0.646342705,0.052395269,-0.028064227,0.400000000,0.400000000,0.500000000,0.000000000
114.506854124,114.382994707,4.335845121,0.647485982,0.052527036,0.000659118,0.400000000,0.400000000,0.500000000,0.000000000
114.706749695,114.582614577,4.346340215,0.644507962,0.049158346,-0.016850238,0.400000000,0.400000000,0.500000000,0.000000000
114.906692830,114.782316175,4.356165131,0.649433414,0.051099497,0.009709174,0.400000000,0.400000000,0.500000000,0.000000000
115.106608736,114.981971131,4.366376288,0.651107118,0.039436743,-0.058351880,0.400000000,0.400000000,0.500000000,0.000000000
115.306429321,115.181636350,4.374254519,0.653681315,0.043375780,0.019714822,0.400000000,0.400000000,0.500000000,0.000000000
115.506210024,115.381229143,4.382917445,0.654042577,0.050847141,0.037384286,0.400000000,0.400000000,0.500000000,0.000000000
115.706134401,115.580895131,4.393078648,0.653374137,0.053817460,0.014866257,0.400000000,0.400000000,0.500000000,0.000000000
115.905815343,115.780286972,4.403819783,0.657973118,0.042503785,-0.056611969,0.400000000,0.400000000,0.500000000,0.000000000
116.105824244,115.980115235,4.412318359,0.660122419,0.048538251,0.030193536,0.400000000,0.400000000,0.500000000,0.000000000
116.305533811,116.179589594,4.422008106,0.660569558,0.049097792,0.002800328,0.400000000,0.400000000,0.500000000,0.000000000
116.505449544,116.379264418,4.431819584,0.660776627,0.040361664,-0.043700708,0.400000000,0.400000000,0.500000000,0.000000000
116.705348843,116.579000915,4.439885662,0.658650051,0.031541859,-0.044122358,0.400000000,0.400000000,0.500000000,0.000000000
116.905236763,116.778789410,4.446189453,0.658626019,0.034782678,0.016210714,0.400000000,0.400000000,0.500000000,0.000000000
117.105185398,116.978617104,4.453142800,0.661718008,0.025535269,-0.046254381,0.400000000,0.400000000,0.500000000,0.000000000
117.305085411,117.178451949,4.458246746,0.658725804,0.014403176,-0.055685385,0.400000000,0.400000000,0.500000000,0.000000000
117.505004333,117.378350134,4.461126114,0.664833678,0.015560783,0.005789616,0.400000000,0.400000000,0.500000000,0.000000000
117.704976153,117.578297744,4.464237706,0.663345460,0.015795527,0.001174127,0.400000000,0.400000000,0.500000000,0.000000000
117.904865069,117.778161725,4.467394926,0.667124726,0.019178443,0.016925750,0.400000000,0.400000000,0.500000000,0.000000000
118.104712015,117.977971918,4.471227444,0.668807278,0.021573324,0.011978951,0.400000000,0.400000000,0.500000000,0.000000000
118.304713241,118.177926605,4.475541801,0.665222307,0.018271082,-0.016521560,0.400000000,0.400000000,0.500000000,0.000000000
118.504461312,118.377641336,4.479191211,0.664866389,0.015504727,-0.013847286,0.400000000,0.400000000,0.500000000,0.000000000
118.704264987,118.577420995,4.482288988,0.669185391,0.008171220,-0.036690865,0.400000000,0.400000000,0.500000000,0.000000000
118.904206118,118.777355452,4.483922733,0.675549859,-0.001776703,-0.049762989,0.400000000,0.400000000,0.500000000,0.000000000
119.104075447,118.977224465,4.483567625,0.664855015,-0.005147109,-0.016864715,0.400000000,0.400000000,0.500000000,0.000000000
119.303905046,119.177051418,4.482539085,0.667500634,0.000441127,0.027955607,0.400000000,0.400000000,0.500000000,0.000000000
119.503868490,119.377014842,4.482627294,0.669594044,-0.011449273,-0.059462097,0.400000000,0.400000000,0.500000000,0.000000000
119.703834773,119.576968019,4.480337875,0.670180280,-0.012632605,-0.005917527,0.400000000,0.400000000,0.500000000,0.000000000
119.903809750,119.776927040,4.477811738,0.669371024,-0.017163897,-0.022662110,0.400000000,0.400000000,0.500000000,0.000000000
120.103734696,119.976822538,4.474380415,0.670284078,-0.021074445,-0.019557707,0.400000000,0.400000000,0.500000000,0.000000000
120.303707956,120.176751392,4.470166401,0.671023633,-0.016883330,0.020961741,0.400000000,0.400000000,0.500000000,0.000000000
120.503616756,120.376631701,4.466791436,0.675189382,-0.020999664,-0.020606385,0.400000000,0.400000000,0.500000000,0.000000000
120.703227855,120.576198788,4.462599978,0.678325865,-0.024353520,-0.016791758,0.400000000,0.400000000,0.500000000,0.000000000
120.903081200,120.775992871,4.457733326,0.674964606,-0.022199716,0.010779638,0.400000000,0.400000000,0.500000000,0.000000000
121.102833860,120.975696311,4.453299238,0.676747720,-0.020514547,0.008432917,0.400000000,0.400000000,0.500000000,0.000000000
121.302745673,121.175566059,4.449198426,0.683511433,-0.034965529,-0.072275716,0.400000000,0.400000000,0.500000000,0.000000000
121.502715217,121.375413376,4.442207809,0.687194335,-0.038718582,-0.018770754,0.400000000,0.400000000,0.500000000,0.000000000
121.702628575,121.575176904,4.434469381,0.674496301,-0.043496209,-0.023908250,0.400000000,0.400000000,0.500000000,0.000000000
121.902378287,121.774737691,4.425783765,0.668879806,-0.045073967,-0.007894441,0.400000000,0.400000000,0.500000000,0.000000000
122.102342119,121.974498428,4.416773654,0.684238381,-0.049188269,-0.020578694,0.400000000,0.400000000,0.500000000,0.000000000
122.302238375,122.174152910,4.406945068,0.683088933,-0.048994766,0.000968260,0.400000000,0.400000000,0.500000000,0.000000000
122.502033762,122.373708541,4.397160055,0.679758769,-0.044711470,0.021430140,0.400000000,0.400000000,0.500000000,0.000000000
122.701983154,122.573458105,4.388223002,0.684164405,-0.036286777,0.042147303,0.400000000,0.400000000,0.500000000,0.000000000
122.901806337,122.773149747,4.380973654,0.683921849,-0.029093672,0.035991338,0.400000000,0.400000000,0.500000000,0.000000000
123.101695417,122.972954235,4.375158967,0.688991282,-0.025192827,0.019530194,0.400000000,0.400000000,0.500000000,0.000000000
123.301274232,123.172469719,4.370131545,0.692729499,-0.016001758,0.046018425,0.400000000,0.400000000,0.500000000,0.000000000
123.501145722,123.372315621,4.366933386,0.691845625,-0.010098561,0.029528845,0.400000000,0.400000000,0.500000000,0.000000000
123.701099445,123.572259148,4.364914175,0.694777497,-0.005579630,0.022611369,0.400000000,0.400000000,0.500000000,0.000000000
123.900849642,123.772006235,4.363799649,0.700393362,-0.006844608,-0.006330400,0.400000000,0.400000000,0.500000000,0.000000000
124.100751235,123.971903146,4.362431412,0.693893583,0.005902293,0.063784353,0.400000000,0.400000000,0.500000000,0.000000000
124.300534357,124.171682788,4.363610583,0.699023063,0.014602180,0.043530982,0.400000000,0.400000000,0.500000000,0.000000000
124.500460067,124.371587184,4.366529831,0.690702074,0.024179407,0.047922579,0.400000000,0.400000000,0.500000000,0.000000000
124.700228659,124.571297382,4.371359646,0.693336395,0.038272183,0.070588140,0.400000000,0.400000000,0.500000000,0.000000000
124.899752618,124.770675232,4.378994000,0.706353475,0.041924007,0.018298117,0.400000000,0.400000000,0.500000000,0.000000000
125.099375932,124.970123140,4.387360558,0.706646263,0.042438003,0.002572832,0.400000000,0.400000000,0.500000000,0.000000000
125.299308834,125.169876031,4.395842764,0.704570403,0.039408335,-0.015165648,0.400000000,0.400000000,0.500000000,0.000000000
125.498919187,125.369331405,4.403707040,0.703041600,0.037282128,-0.010643406,0.400000000,0.400000000,0.500000000,0.000000000
125.698843940,125.569117231,4.411158933,0.703455389,0.036056384,-0.006132157,0.400000000,0.400000000,0.500000000,0.000000000
125.898694843,125.768838239,4.418363273,0.708789623,0.033266748,-0.013962637,0.400000000,0.400000000,0.500000000,0.000000000
126.098429681,125.968462566,4.425006576,0.709852619,0.032341038,-0.004633226,0.400000000,0.400000000,0.500000000,0.000000000
126.298290951,126.168219323,4.431469170,0.713812341,0.037578584,0.026215156,0.400000000,0.400000000,0.500000000,0.000000000
126.498010765,126.367798137,4.438972592,0.714087937,0.036510376,-0.005348627,0.400000000,0.400000000,0.500000000,0.000000000
126.697723753,126.567378030,4.446262568,0.709501173,0.023072431,-0.067256380,0.400000000,0.400000000,0.500000000,0.000000000
126.897611338,126.767212413,4.450874052,0.709876506,0.025635288,0.012820654,0.400000000,0.400000000,0.500000000,0.000000000
127.097524929,126.967060319,4.455998333,0.710421806,0.023235183,-0.012004392,0.400000000,0.400000000,0.500000000,0.000000000
127.297482318,127.166963736,4.460643961,0.716569722,0.020474013,-0.013808626,0.400000000,0.400000000,0.500000000,0.000000000
127.497444440,127.366883948,4.464737702,0.718953085,0.021362471,0.004443177,0.400000000,0.400000000,0.500000000,0.000000000
127.697402454,127.566796338,4.469008975,0.718988173,0.020439128,-0.004618634,0.400000000,0.400000000,0.500000000,0.000000000
127.897278362,127.766630498,4.473093979,0.715154632,0.016222764,-0.021097989,0.400000000,0.400000000,0.500000000,0.000000000
128.097095543,127.966421385,4.476335424,0.710726885,0.020926567,0.023530348,0.400000000,0.400000000,0.500000000,0.000000000
128.297085289,128.166367343,4.480520217,0.720127969,0.020235873,-0.003454570,0.400000000,0.400000000,0.500000000,0.000000000
128.496967768,128.366208898,4.484564738,0.721129827,0.023944090,0.018559514,0.400000000,0.400000000,0.500000000,0.000000000
128.696687834,128.565871715,4.489346396,0.717149185,0.037986560,0.070271840,0.400000000,0.400000000,0.500000000,0.000000000
128.896625872,128.765665518,4.496939528,0.731554198,0.045155267,0.035869245,0.400000000,0.400000000,0.500000000,0.000000000
129.096400219,128.965236229,4.505957327,0.730324954,0.048630456,0.017387721,0.400000000,0.400000000,0.500000000,0.000000000
129.296354819,129.164954438,4.515677378,0.724400271,0.046456790,-0.010872436,0.400000000,0.400000000,0.500000000,0.000000000
129.496249092,129.364633040,4.524960484,0.725726656,0.047814776,0.006792934,0.400000000,0.400000000,0.500000000,0.000000000
129.696177933,129.564333381,4.534516395,0.726330977,0.052669129,0.024279593,0.400000000,0.400000000,0.500000000,0.000000000
129.896119782,129.763997971,4.545042290,0.731410890,0.045994229,-0.033390364,0.400000000,0.400000000,0.500000000,0.000000000
130.095987169,129.963653989,4.554231795,0.737925336,0.037391702,-0.043040542,0.400000000,0.400000000,0.500000000,0.000000000
130.295859197,130.163386308,4.561703609,0.744962080,0.040619851,0.016164921,0.400000000,0.400000000,0.500000000,0.000000000
130.495388720,130.362751245,4.569806240,0.741992384,0.044558957,0.019719695,0.400000000,0.400000000,0.500000000,0.000000000
130.695368797,130.562532824,4.578714195,0.739452758,0.037174376,-0.036934195,0.400000000,0.400000000,0.500000000,0.000000000
130.895265509,130.762291430,4.586143519,0.747968840,0.039491391,0.011594159,0.400000000,0.400000000,0.500000000,0.000000000
131.095055270,130.961925418,4.594031444,0.745662341,0.039836534,0.001727499,0.400000000,0.400000000,0.500000000,0.000000000
131.294852838,131.161564473,4.601988582,0.749110392,0.035104490,-0.023679742,0.400000000,0.400000000,0.500000000,0.000000000
131.494725142,131.361313636,4.609003556,0.749432821,0.035109503,0.000025074,0.400000000,0.400000000,0.500000000,0.000000000
131.694659836,131.561125115,4.616021722,0.755766621,0.029890705,-0.026117905,0.400000000,0.400000000,0.500000000,0.000000000
131.894358386,131.760734461,4.621989964,0.757157486,0.025709712,-0.020926071,0.400000000,0.400000000,0.500000000,0.000000000
132.094256150,131.960566164,4.627128711,0.757612036,0.034753377,0.045251131,0.400000000,0.400000000,0.500000000,0.000000000
132.294067032,132.160256392,4.634071416,0.765795414,0.038150128,0.016995852,0.400000000,0.400000000,0.500000000,0.000000000
132.493971235,132.360015139,4.641695937,0.763401828,0.025124135,-0.065175960,0.400000000,0.400000000,0.500000000,0.000000000
132.693781903,132.559762748,4.646715479,0.763487940,0.017540722,-0.037951169,0.400000000,0.400000000,0.500000000,0.000000000
132.893610845,132.759560949,4.650220444,0.756165883,0.024387109,0.034258078,0.400000000,0.400000000,0.500000000,0.000000000
133.093475899,132.959366574,4.655094091,0.753502676,0.024040147,-0.001735734,0.400000000,0.400000000,0.500000000,0.000000000
133.293397922,133.159230828,4.659899783,0.753671183,0.021292190,-0.013751301,0.400000000,0.400000000,0.500000000,0.000000000
133.493140787,133.358928419,4.664152425,0.754436761,0.019570862,-0.008614379,0.400000000,0.400000000,0.500000000,0.000000000
133.693038552,133.558787902,4.668064347,0.761062450,0.024915670,0.026755097,0.400000000,0.400000000,0.500000000,0.000000000
133.892675982,133.758363369,4.673037932,0.768273280,0.023923113,-0.004968483,0.400000000,0.400000000,0.500000000,0.000000000
134.092579866,133.958210051,4.677819799,0.777278426,0.009238321,-0.073464430,0.400000000,0.400000000,0.500000000,0.000000000
134.292452028,134.158073684,4.679666256,0.779983001,0.016639858,0.037024848,0.400000000,0.400000000,0.500000000,0.000000000
134.492393550,134.357987526,4.682993101,0.794601939,0.028327502,0.058469025,0.400000000,0.400000000,0.500000000,0.000000000
134.692239003,134.557752803,4.688653467,0.793211228,0.030471305,0.010738105,0.400000000,0.400000000,0.500000000,0.000000000
134.891682297,134.757103512,4.694729824,0.789347329,0.036874038,0.032062396,0.400000000,0.400000000,0.500000000,0.000000000
135.091630350,134.956915646,4.702101045,0.795431044,0.041387128,0.022589023,0.400000000,0.400000000,0.500000000,0.000000000
135.291264587,135.156378931,4.710360975,0.800389063,0.026428061,-0.074880044,0.400000000,0.400000000,0.500000000,0.000000000
135.491174127,135.356218663,4.715643581,0.797389172,0.013822224,-0.063093699,0.400000000,0.400000000,0.500000000,0.000000000
135.690852939,135.555878400,4.718403498,0.795771812,0.023345921,0.047664395,0.400000000,0.400000000,0.500000000,0.000000000
135.890787341,135.755758319,4.723070727,0.794252843,0.025011073,0.008336253,0.400000000,0.400000000,0.500000000,0.000000000
136.090349427,135.955257990,4.728061469,0.810225821,0.027155688,0.010742970,0.400000000,0.400000000,0.500000000,0.000000000
136.290046542,136.154881478,4.733483715,0.805001075,0.032166988,0.025089525,0.400000000,0.400000000,0.500000000,0.000000000
136.489822427,136.354554016,4.739908795,0.810459766,0.047348518,0.075981850,0.400000000,0.400000000,0.500000000,0.000000000
136.689652084,136.554159719,4.749366898,0.816328302,0.036249054,-0.055553309,0.400000000,0.400000000,0.500000000,0.000000000
136.889417234,136.753793638,4.756606610,0.810522484,0.033438182,-0.014069966,0.400000000,0.400000000,0.500000000,0.000000000
137.089208195,136.953472915,4.763286012,0.825726242,0.037118790,0.018420467,0.400000000,0.400000000,0.500000000,0.000000000
137.289038495,137.153165566,4.770701768,0.817162940,0.042114958,0.024995476,0.400000000,0.400000000,0.500000000,0.000000000
137.488973613,137.352923401,4.779119538,0.817541871,0.028342742,-0.068898800,0.400000000,0.400000000,0.500000000,0.000000000
137.688816364,137.552685890,4.784782871,0.823466059,0.033378040,0.025222899,0.400000000,0.400000000,0.500000000,0.000000000
137.888237243,137.751995693,4.791437913,0.823973230,0.029144864,-0.021206804,0.400000000,0.400000000,0.500000000,0.000000000
138.088044171,137.951717767,4.797260434,0.833283294,0.029351744,0.001035584,0.400000000,0.400000000,0.500000000,0.000000000
138.287780862,138.151368424,4.803122213,0.832141621,0.028736053,-0.003081608,0.400000000,0.400000000,0.500000000,0.000000000
138.487635343,138.351140395,4.808864452,0.824313016,0.031893837,0.015799026,0.400000000,0.400000000,0.500000000,0.000000000
138.687524874,138.550928269,4.815238615,0.825614839,0.028281726,-0.018074173,0.400000000,0.400000000,0.500000000,0.000000000
138.887333700,138.750657191,4.820888800,0.824633239,0.029061623,0.003903535,0.400000000,0.400000000,0.500000000,0.000000000
139.087109753,138.950348887,4.826693799,0.831188118,0.033085465,0.020144628,0.400000000,0.400000000,0.500000000,0.000000000
139.286828671,139.149958504,4.833300387,0.834986850,0.050953984,0.089422793,0.400000000,0.400000000,0.500000000,0.000000000
139.486745702,139.349616068,4.843482549,0.839350552,0.077344745,0.132099540,0.400000000,0.400000000,0.500000000,0.000000000
139.686375789,139.548649339,4.858907497,0.842544205,0.093451196,0.080667440,0.400000000,0.400000000,0.500000000,0.000000000
139.886071050,139.747473251,4.877542107,0.849980008,0.109582604,0.080732291,0.400000000,0.400000000,0.500000000,0.000000000
140.085998617,139.946201620,4.899406870,0.849167889,0.120008150,0.052146759,0.400000000,0.400000000,0.500000000,0.000000000
140.285923276,140.144688352,4.923341909,0.845584574,0.115958315,-0.020262825,0.400000000,0.400000000,0.500000000,0.000000000
140.485728862,140.343152118,4.946459140,0.845281525,0.108068994,-0.039478675,0.400000000,0.400000000,0.500000000,0.000000000
140.685597303,140.541854571,4.968016703,0.855055161,0.105921900,-0.010745250,0.400000000,0.400000000,0.500000000,0.000000000
140.885364851,140.740502526,4.989136916,0.854578543,0.099520714,-0.032027275,0.400000000,0.400000000,0.500000000,0.000000000
141.085330031,140.939478258,5.009004759,0.847226628,0.095862824,-0.018297713,0.400000000,0.400000000,0.500000000,0.000000000
141.285183951,141.138414584,5.028133991,0.846931535,0.091733011,-0.020659711,0.400000000,0.400000000,0.500000000,0.000000000
141.485123619,141.337513601,5.046449346,0.849226268,0.082246838,-0.047447032,0.400000000,0.400000000,0.500000000,0.000000000
141.685046153,141.536760324,5.062873810,0.847321987,0.067943826,-0.071549958,0.400000000,0.400000000,0.500000000,0.000000000
141.884925122,141.736178113,5.076443906,0.850013611,0.057368549,-0.052927098,0.400000000,0.400000000,0.500000000,0.000000000
142.084661031,141.935585432,5.087896181,0.853115595,0.053927226,-0.017222025,0.400000000,0.400000000,0.500000000,0.000000000
142.284567001,142.135200795,5.098671331,0.859537387,0.051892202,-0.010181377,0.400000000,0.400000000,0.500000000,0.000000000
142.484415006,142.334779784,5.109037230,0.860354221,0.049609408,-0.011421960,0.400000000,0.400000000,0.500000000,0.000000000
142.684287124,142.534406001,5.118948701,0.854856595,0.047592327,-0.010091091,0.400000000,0.400000000,0.500000000,0.000000000
142.884189578,142.734082105,5.128458933,0.851229202,0.050060364,0.012347738,0.400000000,0.400000000,0.500000000,0.000000000
143.084042433,142.933684592,5.138459461,0.850783365,0.040174284,-0.049463090,0.400000000,0.400000000,0.500000000,0.000000000
143.283923593,143.133404473,5.146487384,0.852960890,0.032106369,-0.040359189,0.400000000,0.400000000,0.500000000,0.000000000
143.483846984,143.333224831,5.152905095,0.854770363,0.027539392,-0.022840804,0.400000000,0.400000000,0.500000000,0.000000000
143.683819590,143.533121610,5.158411523,0.860515640,0.030933498,0.016972525,0.400000000,0.400000000,0.500000000,0.000000000
143.883799809,143.733006158,5.164596625,0.858191180,0.029843438,-0.005450605,0.400000000,0.400000000,0.500000000,0.000000000
144.083797198,143.932914492,5.170564348,0.860732830,0.036756940,0.034574958,0.400000000,0.400000000,0.500000000,0.000000000
144.283712840,144.132695099,5.177910981,0.862747606,0.037596938,0.004203358,0.400000000,0.400000000,0.500000000,0.000000000
144.483476569,144.332317658,5.185419716,0.865555658,0.044919131,0.036638631,0.400000000,0.400000000,0.500000000,0.000000000
144.683409897,144.532049315,5.194397528,0.863865432,0.044127416,-0.003959637,0.400000000,0.400000000,0.500000000,0.000000000
144.883369292,144.731814058,5.203218356,0.864565850,0.048703338,0.022884765,0.400000000,0.400000000,0.500000000,0.000000000
145.083319474,144.931527144,5.212952748,0.863565683,0.037660865,-0.055271481,0.400000000,0.400000000,0.500000000,0.000000000
145.282939449,145.131005571,5.220468832,0.865971119,0.038075401,0.002075836,0.400000000,0.400000000,0.500000000,0.000000000
145.482711655,145.330632987,5.228073401,0.863940617,0.024906088,-0.065910234,0.400000000,0.400000000,0.500000000,0.000000000
145.682550175,145.530409528,5.233050082,0.867084538,0.022651773,-0.011279267,0.400000000,0.400000000,0.500000000,0.000000000
145.882438822,145.730246896,5.237577527,0.870792812,0.021335402,-0.006584427,0.400000000,0.400000000,0.500000000,0.000000000
146.082393960,145.930156526,5.241843327,0.869606410,0.025558935,0.021129701,0.400000000,0.400000000,0.500000000,0.000000000
146.282210670,146.129907974,5.246949873,0.868464922,0.014311202,-0.056267742,0.400000000,0.400000000,0.500000000,0.000000000
146.482185137,146.329861962,5.249811650,0.869024562,0.016619560,0.011553250,0.400000000,0.400000000,0.500000000,0.000000000
146.681813900,146.529463156,5.253129240,0.870963544,0.007738241,-0.044459348,0.400000000,0.400000000,0.500000000,0.000000000
146.881709203,146.729352474,5.254676062,0.876240701,-0.003395126,-0.055703940,0.400000000,0.400000000,0.500000000,0.000000000
147.081545391,146.929187510,5.253997595,0.875784152,-0.009393713,-0.030009863,0.400000000,0.400000000,0.500000000,0.000000000
147.281482984,147.129116282,5.252119466,0.880110187,-0.006055719,0.016694594,0.400000000,0.400000000,0.500000000,0.000000000
147.481434332,147.329063964,5.250908624,0.877991362,-0.010818203,-0.023817211,0.400000000,0.400000000,0.500000000,0.000000000
147.681402129,147.529020059,5.248745374,0.878941902,-0.005791153,0.025139956,0.400000000,0.400000000,0.500000000,0.000000000
147.881359078,147.728973656,5.247587399,0.876918432,-0.005275034,0.002580900,0.400000000,0.400000000,0.500000000,0.000000000
148.081354830,147.928966625,5.246532420,0.880542652,-0.012404308,-0.035648175,0.400000000,0.400000000,0.500000000,0.000000000
148.281337995,148.128934405,5.244051830,0.882290768,-0.016746909,-0.021719278,0.400000000,0.400000000,0.500000000,0.000000000
148.481238998,148.328807376,5.240704263,0.883462687,-0.014120934,0.013135765,0.400000000,0.400000000,0.500000000,0.000000000
148.681158588,148.528707035,5.237881306,0.888272307,-0.017483125,-0.016816596,0.400000000,0.400000000,0.500000000,0.000000000
148.881104641,148.728622530,5.234385802,0.888882005,-0.027339119,-0.049288205,0.400000000,0.400000000,0.500000000,0.000000000
149.081090127,148.928533284,5.228919056,0.890700878,-0.025463165,0.009382661,0.400000000,0.400000000,0.500000000,0.000000000
149.280981333,149.128359692,5.223829743,0.886427507,-0.017866065,0.038000165,0.400000000,0.400000000,0.500000000,0.000000000
149.480934800,149.328281247,5.220257552,0.887497054,-0.012555445,0.026571004,0.400000000,0.400000000,0.500000000,0.000000000
149.680711289,149.528041991,5.217749335,0.888696550,-0.007125075,0.027173784,0.400000000,0.400000000,0.500000000,0.000000000
149.880611416,149.727937043,5.216325043,0.890425654,0.016196364,0.116643071,0.400000000,0.400000000,0.500000000,0.000000000
150.080579214,149.927878613,5.219563653,0.882083833,0.032116015,0.079630337,0.400000000,0.400000000,0.500000000,0.000000000
150.280446018,150.127642351,5.225981475,0.884077883,0.049006294,0.084509437,0.400000000,0.400000000,0.500000000,0.000000000
150.480299742,150.327256137,5.235771645,0.888869119,0.057964668,0.044813062,0.400000000,0.400000000,0.500000000,0.000000000
150.680255530,150.526876104,5.247355527,0.887365647,0.077724439,0.098842313,0.400000000,0.400000000,0.500000000,0.000000000
150.880117365,150.726134551,5.262874040,0.887016083,0.080985985,0.016319040,0.400000000,0.400000000,0.500000000,0.000000000
151.079978116,150.925340244,5.279042272,0.885695664,0.083091085,0.010531989,0.400000000,0.400000000,0.500000000,0.000000000
151.279870948,151.124543430,5.295632479,0.885721015,0.081005509,-0.010438688,0.400000000,0.400000000,0.500000000,0.000000000
151.479563849,151.323581508,5.311791019,0.882685740,0.081449139,0.002219970,0.400000000,0.400000000,0.500000000,0.000000000
151.679542422,151.522897121,5.328061098,0.882211932,0.065137292,-0.081571996,0.400000000,0.400000000,0.500000000,0.000000000
151.879496840,151.722427499,5.341076379,0.882427128,0.058535604,-0.033026144,0.400000000,0.400000000,0.500000000,0.000000000
152.079327243,151.921915649,5.352766894,0.880736484,0.059605633,0.005353069,0.400000000,0.400000000,0.500000000,0.000000000
152.279278177,152.121511492,5.364678040,0.882394880,0.055648398,-0.019792256,0.400000000,0.400000000,0.500000000,0.000000000
152.479204059,152.321127895,5.375797854,0.879158332,0.054810706,-0.004190007,0.400000000,0.400000000,0.500000000,0.000000000
152.679130292,152.520753892,5.386750466,0.875841391,0.063311900,0.042516669,0.400000000,0.400000000,0.500000000,0.000000000
152.879102186,152.720325136,5.399402610,0.874428089,0.060563680,-0.013745987,0.400000000,0.400000000,0.500000000,0.000000000
153.078987868,152.919844344,5.411501023,0.878170364,0.048369057,-0.061000757,0.400000000,0.400000000,0.500000000,0.000000000
153.278918467,153.119541113,5.421167707,0.876271885,0.043929987,-0.022210542,0.400000000,0.400000000,0.500000000,0.000000000
153.478713923,153.319143814,5.429941896,0.877910792,0.037859597,-0.030373141,0.400000000,0.400000000,0.500000000,0.000000000
153.678638772,153.518925399,5.437509162,0.881148236,0.030880603,-0.034912894,0.400000000,0.400000000,0.500000000,0.000000000
153.878507746,153.718699082,5.443680256,0.881533307,0.028916092,-0.009830346,0.400000000,0.400000000,0.500000000,0.000000000
154.078321708,153.918429513,5.449457290,0.879075216,0.030127756,0.006061324,0.400000000,0.400000000,0.500000000,0.000000000
154.278309326,154.118326375,5.455481556,0.877326243,0.019148252,-0.054903048,0.400000000,0.400000000,0.500000000,0.000000000
154.478279415,154.318259806,5.459310400,0.880333177,0.015832005,-0.016590521,0.400000000,0.400000000,0.500000000,0.000000000
154.678085192,154.518040542,5.462473594,0.879367115,0.016982231,0.005754115,0.400000000,0.400000000,0.500000000,0.000000000
154.878071668,154.717998182,5.465869647,0.880546929,0.014016309,-0.014835351,0.400000000,0.400000000,0.500000000,0.000000000
155.077930270,154.917837152,5.468670835,0.882566565,0.010624398,-0.016966573,0.400000000,0.400000000,0.500000000,0.000000000
155.277906012,155.117801608,5.470795417,0.882194457,0.018392868,0.038850300,0.400000000,0.400000000,0.500000000,0.000000000
155.477847409,155.317709185,5.474472706,0.880795166,0.017442709,-0.004752311,0.400000000,0.400000000,0.500000000,0.000000000
155.677778241,155.517609604,5.477959864,0.879600301,0.008701844,-0.043716335,0.400000000,0.400000000,0.500000000,0.000000000
155.877736247,155.717560039,5.479699845,0.879411299,0.006828349,-0.009369243,0.400000000,0.400000000,0.500000000,0.000000000
156.077702694,155.917521824,5.481065276,0.876719123,0.004194634,-0.013176618,0.400000000,0.400000000,0.500000000,0.000000000
156.277491994,156.117309367,5.481903316,0.881414032,0.001504524,-0.013458164,0.400000000,0.400000000,0.500000000,0.000000000
156.477476330,156.317293477,5.482204197,0.881581919,-0.002801211,-0.021530244,0.400000000,0.400000000,0.500000000,0.000000000
156.677462534,156.517278896,5.481643994,0.886228890,-0.005136995,-0.011680278,0.400000000,0.400000000,0.500000000,0.000000000
156.877429698,156.717243421,5.480616768,0.884073922,-0.006975617,-0.009194751,0.400000000,0.400000000,0.500000000,0.000000000
157.077390988,156.917199847,5.479221926,0.882601576,0.002323017,0.046496775,0.400000000,0.400000000,0.500000000,0.000000000
157.277397225,157.117205544,5.479686544,0.881930890,0.010097504,0.038886176,0.400000000,0.400000000,0.500000000,0.000000000
157.477248620,157.317046751,5.481704510,0.884708642,0.021594873,0.057538129,0.400000000,0.400000000,0.500000000,0.000000000
157.677038515,157.516790063,5.486018612,0.883678695,0.048071219,0.132456829,0.400000000,0.400000000,0.500000000,0.000000000
157.877010155,157.716530695,5.495627791,0.880811926,0.065959970,0.089511138,0.400000000,0.400000000,0.500000000,0.000000000
158.076732066,157.915818298,5.508791892,0.878441986,0.078362448,0.062078029,0.400000000,0.400000000,0.500000000,0.000000000
158.276584641,158.115057572,5.524436805,0.877100687,0.085422661,0.035317118,0.400000000,0.400000000,0.500000000,0.000000000
158.476549410,158.314293209,5.541497561,0.879839706,0.086604699,0.005911158,0.400000000,0.400000000,0.500000000,0.000000000
158.676519227,158.513513570,5.558794246,0.879657270,0.081129362,-0.027386456,0.400000000,0.400000000,0.500000000,0.000000000
158.876406213,158.712743093,5.574993166,0.873191124,0.077533581,-0.017986261,0.400000000,0.400000000,0.500000000,0.000000000
159.076355432,158.912091619,5.590480417,0.869754491,0.071270175,-0.031326641,0.400000000,0.400000000,0.500000000,0.000000000
159.276282811,159.111511454,5.604717217,0.865907305,0.071624595,0.001773007,0.400000000,0.400000000,0.500000000,0.000000000
159.476150292,159.310866485,5.619020408,0.871084509,0.075654422,0.020157525,0.400000000,0.400000000,0.500000000,0.000000000
159.676116071,159.510260277,5.634134276,0.875258194,0.071881577,-0.018868065,0.400000000,0.400000000,0.500000000,0.000000000
159.876068600,159.709696455,5.648494805,0.872278420,0.063339673,-0.042715304,0.400000000,0.400000000,0.500000000,0.000000000
160.076060688,159.909287501,5.661153770,0.871500617,0.068187058,0.024245193,0.400000000,0.400000000,0.500000000,0.000000000
160.275931735,160.108694081,5.674771830,0.870138780,0.065247959,-0.014705245,0.400000000,0.400000000,0.500000000,0.000000000
160.475795269,160.308132326,5.687803267,0.864853046,0.062718072,-0.012657883,0.400000000,0.400000000,0.500000000,0.000000000
160.675664662,160.507608749,5.700330473,0.861101102,0.066203306,0.017433997,0.400000000,0.400000000,0.500000000,0.000000000
160.875615429,160.707121496,5.713558207,0.853194053,0.073936452,0.038674510,0.400000000,0.400000000,0.500000000,0.000000000
161.075572852,160.906532624,5.728328884,0.846018356,0.073726495,-0.001050047,0.400000000,0.400000000,0.500000000,0.000000000
161.275514720,161.105931337,5.743056546,0.843211955,0.076721106,0.014977744,0.400000000,0.400000000,0.500000000,0.000000000
161.475447523,161.305276013,5.758380568,0.845140844,0.078610957,0.009452733,0.400000000,0.400000000,0.500000000,0.000000000
161.675367381,161.504578469,5.774080278,0.843786766,0.073680375,-0.024663727,0.400000000,0.400000000,0.500000000,0.000000000
161.875271696,161.703940409,5.788795980,0.838172816,0.075307520,0.008140470,0.400000000,0.400000000,0.500000000,0.000000000
162.075134151,161.903236400,5.803832903,0.835128010,0.072431187,-0.014388032,0.400000000,0.400000000,0.500000000,0.000000000
162.275094499,162.102672453,5.818303608,0.834919094,0.068745581,-0.018436212,0.400000000,0.400000000,0.500000000,0.000000000
162.474956407,162.302062278,5.832032411,0.829693669,0.063082464,-0.028333703,0.400000000,0.400000000,0.500000000,0.000000000
162.674838193,162.501546492,5.844633086,0.823836593,0.067433467,0.021765710,0.400000000,0.400000000,0.500000000,0.000000000
162.874759576,162.701013499,5.858104263,0.822271971,0.070153536,0.013604945,0.400000000,0.400000000,0.500000000,0.000000000
163.074702812,162.900464924,5.872119485,0.817073730,0.069363397,-0.003952359,0.400000000,0.400000000,0.500000000,0.000000000
163.274591133,163.099872578,5.885973303,0.809834672,0.066633704,-0.013652294,0.400000000,0.400000000,0.500000000,0.000000000
163.474590574,163.299428179,5.899290147,0.801467498,0.067855164,0.006108161,0.400000000,0.400000000,0.500000000,0.000000000
163.674534977,163.498912455,5.912846998,0.795383636,0.056730805,-0.055639652,0.400000000,0.400000000,0.500000000,0.000000000
163.874460157,163.698516003,5.924182832,0.794543184,0.049855230,-0.034386327,0.400000000,0.400000000,0.500000000,0.000000000
164.074435869,163.898243243,5.934148537,0.793128429,0.043233829,-0.033115540,0.400000000,0.400000000,0.500000000,0.000000000
164.274356313,164.097976873,5.942789171,0.796217854,0.040670217,-0.012822228,0.400000000,0.400000000,0.500000000,0.000000000
164.474305732,164.297760951,5.950918916,0.786044338,0.049161175,0.042466987,0.400000000,0.400000000,0.500000000,0.000000000
164.674240205,164.497453869,5.960743971,0.769041939,0.047759112,-0.007014533,0.400000000,0.400000000,0.500000000,0.000000000
164.874065157,164.697050971,5.970283805,0.790525647,0.034760053,-0.065056473,0.400000000,0.400000000,0.500000000,0.000000000
165.073861230,164.896726353,5.977227329,0.776222769,0.030417117,-0.021756864,0.400000000,0.400000000,0.500000000,0.000000000
165.273289287,165.096062162,5.983292420,0.767283795,0.033715728,0.016525508,0.400000000,0.400000000,0.500000000,0.000000000
165.473075515,165.295734847,5.990027082,0.779078771,0.017976124,-0.078809620,0.400000000,0.400000000,0.500000000,0.000000000
165.672718746,165.495345823,5.993615700,0.779426305,0.017862822,-0.000567229,0.400000000,0.400000000,0.500000000,0.000000000
165.872568291,165.695163484,5.997185387,0.765868868,0.036064214,0.091056958,0.400000000,0.400000000,0.500000000,0.000000000
166.072493596,165.894958789,6.004393973,0.762708682,0.051303125,0.076234320,0.400000000,0.400000000,0.500000000,0.000000000
166.272355778,166.094558009,6.014643031,0.754940352,0.059270899,0.039875749,0.400000000,0.400000000,0.500000000,0.000000000
166.472122601,166.293974040,6.026476458,0.748407459,0.083189223,0.119702945,0.400000000,0.400000000,0.500000000,0.000000000
166.671974246,166.493134553,6.043082792,0.741313679,0.112664026,0.147452850,0.400000000,0.400000000,0.500000000,0.000000000
166.871894279,166.691787117,6.065558968,0.736359526,0.128154567,0.077508625,0.400000000,0.400000000,0.500000000,0.000000000
167.071681663,166.889936132,6.091092608,0.736316240,0.134024670,0.029378705,0.400000000,0.400000000,0.500000000,0.000000000
167.271509858,167.087972293,6.117794409,0.731136349,0.142669035,0.043250893,0.400000000,0.400000000,0.500000000,0.000000000
167.471411572,167.285843011,6.146217541,0.731212054,0.141297447,-0.006860344,0.400000000,0.400000000,0.500000000,0.000000000
167.671369464,167.483808145,6.174377161,0.726343024,0.132242200,-0.045283898,0.400000000,0.400000000,0.500000000,0.000000000
167.871342529,167.682035192,6.200745028,0.718840673,0.131438858,-0.004017511,0.400000000,0.400000000,0.500000000,0.000000000
168.071289799,167.880257786,6.226950262,0.711531202,0.122216410,-0.046122781,0.400000000,0.400000000,0.500000000,0.000000000
168.271249690,168.078726149,6.251327849,0.707654679,0.105354305,-0.084367901,0.400000000,0.400000000,0.500000000,0.000000000
168.471013041,168.277381886,6.272334866,0.702219183,0.096841158,-0.042622452,0.400000000,0.400000000,0.500000000,0.000000000
168.670716187,168.476149334,6.291644136,0.699202997,0.092906807,-0.019684121,0.400000000,0.400000000,0.500000000,0.000000000
168.870761488,168.675331893,6.310202980,0.695896376,0.086789409,-0.030590893,0.400000000,0.400000000,0.500000000,0.000000000
169.070664512,168.874482514,6.327530673,0.697066902,0.100433559,0.068249968,0.400000000,0.400000000,0.500000000,0.000000000
169.270587124,169.073397674,6.347575874,0.699055752,0.099563437,-0.004353357,0.400000000,0.400000000,0.500000000,0.000000000
169.470411914,169.272232862,6.367438263,0.692300100,0.097666003,-0.009500758,0.400000000,0.400000000,0.500000000,0.000000000
169.670014991,169.470884724,6.386901721,0.686512842,0.095734944,-0.009670173,0.400000000,0.400000000,0.500000000,0.000000000
169.869796506,169.669751421,6.405998591,0.681379651,0.081341098,-0.072022376,0.400000000,0.400000000,0.500000000,0.000000000
170.069716354,169.869010262,6.422242365,0.674489833,0.064311005,-0.085177076,0.400000000,0.400000000,0.500000000,0.000000000
170.269666714,170.068547276,6.435092511,0.672147372,0.061821029,-0.012454963,0.400000000,0.400000000,0.500000000,0.000000000
170.469553039,170.268051756,6.447441820,0.667123161,0.059808493,-0.010067365,0.400000000,0.400000000,0.500000000,0.000000000
170.669480513,170.467621761,6.459392053,0.658851880,0.050984921,-0.044142218,0.400000000,0.400000000,0.500000000,0.000000000
170.869331007,170.667212560,6.469577001,0.655770685,0.050102517,-0.004415198,0.400000000,0.400000000,0.500000000,0.000000000
171.069192464,170.866823216,6.479586374,0.654846481,0.049315249,-0.003938553,0.400000000,0.400000000,0.500000000,0.000000000
171.269106620,171.066494327,6.489441195,0.652850820,0.046294721,-0.015109900,0.400000000,0.400000000,0.500000000,0.000000000
171.469000056,171.266173595,6.498691901,0.644279131,0.050220707,0.019637279,0.400000000,0.400000000,0.500000000,0.000000000
171.668956633,171.465878068,6.508729641,0.644162244,0.041935273,-0.041455903,0.400000000,0.400000000,0.500000000,0.000000000
171.868721680,171.665467491,6.517104387,0.644254920,0.032606960,-0.046686118,0.400000000,0.400000000,0.500000000,0.000000000
172.068573432,171.865213009,6.523619791,0.636526319,0.022680442,-0.049701421,0.400000000,0.400000000,0.500000000,0.000000000
172.268166114,172.064754358,6.528146253,0.630799868,0.027441526,0.023828446,0.400000000,0.400000000,0.500000000,0.000000000
172.468186537,172.264699474,6.533634430,0.629979006,0.013743892,-0.068522285,0.400000000,0.400000000,0.500000000,0.000000000
172.667963838,172.464457907,6.536380061,0.620877457,0.011185842,-0.012803671,0.400000000,0.400000000,0.500000000,0.000000000
172.867767063,172.664248632,6.538614981,0.617666150,0.009923553,-0.006317783,0.400000000,0.400000000,0.500000000,0.000000000
173.067562682,172.864034414,6.540597631,0.613079657,0.019687715,0.048866123,0.400000000,0.400000000,0.500000000,0.000000000
173.267394553,173.063827558,6.544531610,0.604436120,0.027098326,0.037101777,0.400000000,0.400000000,0.500000000,0.000000000
173.467036475,173.263396184,6.549940910,0.607914273,0.047942560,0.104444134,0.400000000,0.400000000,0.500000000,0.000000000
173.666533427,173.462663909,6.559501641,0.607911585,0.060794377,0.064365822,0.400000000,0.400000000,0.500000000,0.000000000
173.866370398,173.662131700,6.571643123,0.602134905,0.073023832,0.061243990,0.400000000,0.400000000,0.500000000,0.000000000
174.065899292,173.861128838,6.586200541,0.596539476,0.093028172,0.100203524,0.400000000,0.400000000,0.500000000,0.000000000
174.265637910,174.060003786,6.604755070,0.597328732,0.095727995,0.013521891,0.400000000,0.400000000,0.500000000,0.000000000
174.465225483,174.258677562,6.623832021,0.597915491,0.123456408,0.139114875,0.400000000,0.400000000,0.500000000,0.000000000
174.664265653,174.456202824,6.648342432,0.598212728,-0.089072986,-1.913164239,0.400000000,0.400000000,0.187238392,-0.539945742
174.686177038,174.478027344,6.646393299,0.596298754,-0.089072986,0.000000000,0.400000000,0.400000000,0.000000000,-0.800000000
