s,x,y,z,yaw,curvature,left_offset,right_offset,target_velocity,target_acceleration
0.000000000,0.106340215,0.000809652,0.008069354,0.055084263,0.000000000,0.400000000,0.400000000,0.100000000,0.000000000
0.199757315,0.305794547,0.011807573,-0.002872492,0.067737955,0.063406342,0.400000000,0.400000000,0.412075056,0.400000000
0.399127501,0.504707510,0.025302176,-0.001817956,0.106938332,0.196673425,0.400000000,0.400000000,0.500000000,0.201118707
0.598365995,0.702807863,0.046567823,0.001725502,0.141252805,0.172191690,0.400000000,0.400000000,0.500000000,0.000000000
0.797669252,0.900126139,0.074626443,0.001002337,0.181350729,0.201181423,0.400000000,0.400000000,0.500000000,0.000000000
0.996963815,1.096152465,0.110570875,0.007609169,0.203614464,0.111582986,0.400000000,0.400000000,0.500000000,0.000000000
1.196713517,1.291775756,0.150962350,0.008530362,0.231908549,0.141640903,0.400000000,0.400000000,0.500000000,0.000000000
1.396469052,1.486183739,0.196873243,0.010007741,0.233393749,0.007432657,0.400000000,0.400000000,0.500000000,0.000000000
1.596355043,1.680650239,0.243102992,0.013048985,0.251246523,0.089335413,0.400000000,0.400000000,0.500000000,0.000000000
1.796143421,1.874165916,0.292772688,0.012293955,0.265315404,0.070425266,0.400000000,0.400000000,0.500000000,0.000000000
1.995892455,2.066925701,0.345149611,0.002701636,0.288850149,0.117849201,0.400000000,0.400000000,0.500000000,0.000000000
2.195538619,2.258300932,0.402018860,-0.010998525,0.310619126,0.109008394,0.400000000,0.400000000,0.500000000,0.000000000
2.395284576,2.448487950,0.463070851,-0.017315798,0.337533407,0.134716603,0.400000000,0.400000000,0.500000000,0.000000000
2.595095435,2.637024357,0.529240352,-0.015925134,0.347943795,0.052088138,0.400000000,0.400000000,0.500000000,0.000000000
2.795004807,2.824954319,0.597402560,-0.024527505,0.364496834,0.082788884,0.400000000,0.400000000,0.500000000,0.000000000
2.994976405,3.011788431,0.668688281,-0.024485469,0.380618969,0.080644567,0.400000000,0.400000000,0.500000000,0.000000000
3.194832370,3.197341678,0.742933815,-0.027734076,0.387361713,0.033749081,0.400000000,0.400000000,0.500000000,0.000000000
3.394556576,3.382268096,0.818379018,-0.030472142,0.395227345,0.039358283,0.400000000,0.400000000,0.500000000,0.000000000
3.594525214,3.566820962,0.895370547,-0.039814289,0.409614035,0.071947536,0.400000000,0.400000000,0.500000000,0.000000000
3.794474812,3.750229650,0.975001538,-0.009224046,0.414156525,0.022719005,0.400000000,0.400000000,0.500000000,0.000000000
3.994409468,3.933261046,1.055458825,-0.019724024,0.417078313,0.014614949,0.400000000,0.400000000,0.500000000,0.000000000
4.194310215,4.116025579,1.136436810,-0.024831205,0.413057647,-0.020108908,0.400000000,0.400000000,0.500000000,0.000000000
4.394298241,4.299194158,1.216714341,-0.021227692,0.415369193,0.011563214,0.400000000,0.400000000,0.500000000,0.000000000
4.594120364,4.482024887,1.297348115,-0.008914436,0.413396120,-0.009873474,0.400000000,0.400000000,0.500000000,0.000000000
4.793969603,4.665039188,1.377631886,-0.011012999,0.424068331,0.053388159,0.400000000,0.400000000,0.500000000,0.000000000
4.993915380,4.847274265,1.459903938,-0.018025803,0.432994891,0.044668826,0.400000000,0.400000000,0.500000000,0.000000000
5.193645672,5.028572087,1.543709008,-0.019044881,0.459582623,0.133113478,0.400000000,0.400000000,0.500000000,0.000000000
5.393378299,5.207579999,1.632305223,-0.010049656,0.477913391,0.091755537,0.400000000,0.400000000,0.500000000,0.000000000
5.593196725,5.385010078,1.724207184,-0.009545694,0.508108479,0.151082943,0.400000000,0.400000000,0.500000000,0.000000000
5.793078503,5.559640061,1.821454778,-0.017115413,0.533872542,0.128905169,0.400000000,0.400000000,0.500000000,0.000000000
5.992922351,5.731674219,1.923149477,-0.021673636,0.561323888,0.137453027,0.400000000,0.400000000,0.500000000,0.000000000
6.192494726,5.900622441,2.029383330,-0.025518091,0.585287334,0.120011280,0.400000000,0.400000000,0.500000000,0.000000000
6.392266026,6.067142484,2.139744769,-0.029714294,0.621741853,0.182433500,0.400000000,0.400000000,0.500000000,0.000000000
6.592119802,6.229596652,2.256149988,-0.032295655,0.646266254,0.122759206,0.400000000,0.400000000,0.500000000,0.000000000
6.791808946,6.389016056,2.376404751,-0.022457752,0.669306140,0.115346532,0.400000000,0.400000000,0.500000000,0.000000000
6.991600842,6.545703321,2.500364030,-0.021660846,0.684818682,0.077640069,0.400000000,0.400000000,0.500000000,0.000000000
7.191406412,6.700459478,2.626747563,-0.023666910,0.698104109,0.066482062,0.400000000,0.400000000,0.500000000,0.000000000
7.391267412,6.853565431,2.755211514,-0.020487650,0.701857652,0.018775626,0.400000000,0.400000000,0.500000000,0.000000000
7.591237676,7.006271551,2.884319792,-0.025768593,0.705751186,0.019471071,0.400000000,0.400000000,0.500000000,0.000000000
7.791197231,7.158465675,3.014014711,-0.026346131,0.701388076,-0.021819174,0.400000000,0.400000000,0.500000000,0.000000000
7.991170929,7.311235028,3.143053484,-0.020110807,0.704974747,0.017937129,0.400000000,0.400000000,0.500000000,0.000000000
8.191112901,7.463516415,3.272618800,-0.018506693,0.709330199,0.021782799,0.400000000,0.400000000,0.500000000,0.000000000
8.391068949,7.615242725,3.402855307,-0.008922173,0.712712540,0.016919167,0.400000000,0.400000000,0.500000000,0.000000000
8.590936211,7.766460490,3.533546203,-0.013979122,0.724949673,0.061214396,0.400000000,0.400000000,0.500000000,0.000000000
8.790878716,7.916124012,3.666127633,-0.014634727,0.737718327,0.063882209,0.400000000,0.400000000,0.500000000,0.000000000
8.990689686,8.063985156,3.800520734,-0.017035861,0.754765436,0.085293995,0.400000000,0.400000000,0.500000000,0.000000000
9.190599762,8.209606106,3.937482690,-0.023549222,0.764083423,0.046612944,0.400000000,0.400000000,0.500000000,0.000000000
9.390490813,8.353930807,4.075782412,-0.028446811,0.786418206,0.111715566,0.400000000,0.400000000,0.500000000,0.000000000
9.590442306,8.495173569,4.217313616,-0.026928747,0.803162629,0.083765941,0.400000000,0.400000000,0.500000000,0.000000000
9.790276869,8.633945584,4.361105760,-0.021219280,0.821905631,0.093798451,0.400000000,0.400000000,0.500000000,0.000000000
9.990080629,8.769977313,4.507450937,-0.022358104,0.835327527,0.067160832,0.400000000,0.400000000,0.500000000,0.000000000
10.189968031,8.904088737,4.655670704,-0.032761930,0.845679488,0.051776293,0.400000000,0.400000000,0.500000000,0.000000000
10.389951436,9.036722309,4.805342671,-0.033729647,0.851432257,0.028769341,0.400000000,0.400000000,0.500000000,0.000000000
10.589891085,9.168463833,4.955742254,-0.038138049,0.846980486,-0.022268720,0.400000000,0.400000000,0.500000000,0.000000000
10.789773902,9.300835955,5.105511281,-0.040418784,0.839849755,-0.035677932,0.400000000,0.400000000,0.500000000,0.000000000
10.989618087,9.434246876,5.254303836,-0.044986124,0.833604074,-0.031246997,0.400000000,0.400000000,0.500000000,0.000000000
11.189535202,9.568633525,5.402314246,-0.046914802,0.836739685,0.015688469,0.400000000,0.400000000,0.500000000,0.000000000
11.389352389,9.702488470,5.550671120,-0.047977760,0.830076791,-0.033335620,0.400000000,0.400000000,0.500000000,0.000000000
11.589280712,9.837403920,5.698214863,-0.051480082,0.833481764,0.017028480,0.400000000,0.400000000,0.500000000,0.000000000
11.789267289,9.971855370,5.846260256,-0.053949634,0.847784876,0.071517101,0.400000000,0.400000000,0.500000000,0.000000000
11.989268689,10.104185437,5.996224629,-0.053170477,0.860002984,0.061119152,0.400000000,0.400000000,0.500000000,0.000000000
12.189077557,10.234547777,6.147648683,-0.055786143,0.874083857,0.070474403,0.400000000,0.400000000,0.500000000,0.000000000
12.388867863,10.362753170,6.300879044,-0.054793288,0.891363258,0.086466529,0.400000000,0.400000000,0.500000000,0.000000000
12.588750951,10.488350127,6.456373910,-0.062865939,0.903552925,0.060980744,0.400000000,0.400000000,0.500000000,0.000000000
12.788652806,10.612053983,6.613402913,-0.060559277,0.899230049,-0.021621196,0.400000000,0.400000000,0.500000000,0.000000000
12.988624502,10.736478953,6.769950369,-0.052645413,0.891346130,-0.039432223,0.400000000,0.400000000,0.500000000,0.000000000
13.188523683,10.862088685,6.925455602,-0.060338301,0.875653137,-0.078516819,0.400000000,0.400000000,0.500000000,0.000000000
13.388356228,10.990080513,7.078919403,-0.062473089,0.870066092,-0.027949123,0.400000000,0.400000000,0.500000000,0.000000000
13.588324302,11.119015133,7.231769310,-0.064977638,0.861263009,-0.044027003,0.400000000,0.400000000,0.500000000,0.000000000
13.788249634,11.249262446,7.383445861,-0.067144515,0.858538306,-0.013627951,0.400000000,0.400000000,0.500000000,0.000000000
13.988193928,11.379934941,7.534781315,-0.068726508,0.850222511,-0.041596271,0.400000000,0.400000000,0.500000000,0.000000000
14.188082175,11.511824397,7.684982789,-0.066553378,0.852043607,0.009110342,0.400000000,0.400000000,0.500000000,0.000000000
14.387980455,11.643446709,7.835431748,-0.069705070,0.836710066,-0.076709746,0.400000000,0.400000000,0.500000000,0.000000000
14.587859034,11.777347175,7.983830237,-0.072653605,0.833552573,-0.015802325,0.400000000,0.400000000,0.500000000,0.000000000
14.787604238,11.911625879,8.131706457,-0.070802367,0.825295437,-0.041321096,0.400000000,0.400000000,0.500000000,0.000000000
14.987515054,12.047233367,8.278590573,-0.071140145,0.824680598,-0.003075437,0.400000000,0.400000000,0.500000000,0.000000000
15.187442284,12.182942280,8.425403338,-0.068084297,0.816549509,-0.040682950,0.400000000,0.400000000,0.500000000,0.000000000
15.387243526,12.319754173,8.571015983,-0.070348163,0.820416860,0.019347542,0.400000000,0.400000000,0.500000000,0.000000000
15.587219018,12.456120733,8.717284088,-0.074631813,0.825883613,0.027338290,0.400000000,0.400000000,0.500000000,0.000000000
15.787176781,12.591673629,8.864282453,-0.085549039,0.836739309,0.054323324,0.400000000,0.400000000,0.500000000,0.000000000
15.986886878,12.725456892,9.012559766,-0.076705333,0.849451699,0.063634952,0.400000000,0.400000000,0.500000000,0.000000000
16.186715181,12.857422499,9.162614520,-0.074238853,0.861106848,0.058316367,0.400000000,0.400000000,0.500000000,0.000000000
16.386606005,12.987671010,9.314244552,-0.076551688,0.867293379,0.030948462,0.400000000,0.400000000,0.500000000,0.000000000
16.586510214,13.116987630,9.466687672,-0.081405680,0.865786620,-0.007536459,0.400000000,0.400000000,0.500000000,0.000000000
16.786464575,13.246566299,9.618973966,-0.088631224,0.859862064,-0.029631831,0.400000000,0.400000000,0.500000000,0.000000000
16.986387428,13.377024356,9.770466019,-0.090318080,0.858462593,-0.006999535,0.400000000,0.400000000,0.500000000,0.000000000
17.186339993,13.507713714,9.921797840,-0.090413798,0.857723177,-0.003697954,0.400000000,0.400000000,0.500000000,0.000000000
17.386292989,13.638515216,10.073033311,-0.079959696,0.859698644,0.009881113,0.400000000,0.400000000,0.500000000,0.000000000
17.586187049,13.768979236,10.224482229,-0.086756102,0.861411447,0.008567212,0.400000000,0.400000000,0.500000000,0.000000000
17.786143496,13.899224300,10.376201720,-0.088229009,0.869317225,0.039533881,0.400000000,0.400000000,0.500000000,0.000000000
17.986135506,14.028288796,10.528973314,-0.084391391,0.870981147,0.008320623,0.400000000,0.400000000,0.500000000,0.000000000
18.186094770,14.157077823,10.681934400,-0.081367682,0.866016335,-0.024829448,0.400000000,0.400000000,0.500000000,0.000000000
18.386048287,14.286620959,10.834249813,-0.077441256,0.860433467,-0.027923158,0.400000000,0.400000000,0.500000000,0.000000000
18.585967955,14.416990355,10.985813971,-0.079400314,0.857778384,-0.013284317,0.400000000,0.400000000,0.500000000,0.000000000
18.785780105,14.547691377,11.136950129,-0.079618346,0.853860222,-0.019600765,0.400000000,0.400000000,0.500000000,0.000000000
18.985764527,14.679096766,11.287702882,-0.084008925,0.847597663,-0.031316397,0.400000000,0.400000000,0.500000000,0.000000000
19.185733440,14.811433407,11.437618124,-0.083604756,0.843615177,-0.019920860,0.400000000,0.400000000,0.500000000,0.000000000
19.385594949,14.944294634,11.586924913,-0.088255236,0.847326171,0.018565485,0.400000000,0.400000000,0.500000000,0.000000000
19.585506580,15.076634050,11.736761287,-0.093633664,0.843343093,-0.019923701,0.400000000,0.400000000,0.500000000,0.000000000
19.785427814,15.209575611,11.886076528,-0.099911561,0.840474089,-0.014351761,0.400000000,0.400000000,0.500000000,0.000000000
19.985318483,15.342924620,12.034986976,-0.099946946,0.850568170,0.050490201,0.400000000,0.400000000,0.500000000,0.000000000
20.185269261,15.474803392,12.185281031,-0.094883335,0.869963318,0.097020056,0.400000000,0.400000000,0.500000000,0.000000000
20.385129518,15.603684195,12.338035281,-0.096113008,0.874344817,0.021927299,0.400000000,0.400000000,0.500000000,0.000000000
20.584907637,15.731841779,12.491289745,-0.100023986,0.887913555,0.067887385,0.400000000,0.400000000,0.500000000,0.000000000
20.784869018,15.858023803,12.646411150,-0.097190058,0.899429002,0.057607405,0.400000000,0.400000000,0.500000000,0.000000000
20.984695926,15.982327560,12.802869993,-0.094519520,0.896820992,-0.013047704,0.400000000,0.400000000,0.500000000,0.000000000
21.184634310,16.107108511,12.959091220,-0.094858801,0.896024026,-0.003986027,0.400000000,0.400000000,0.500000000,0.000000000
21.384575517,16.232015688,13.115215155,-0.096995928,0.897192265,0.005842558,0.400000000,0.400000000,0.500000000,0.000000000
21.584541016,16.356755544,13.271503892,-0.102335306,0.889119153,-0.040374067,0.400000000,0.400000000,0.500000000,0.000000000
21.784490161,16.482742753,13.426767808,-0.099954904,0.883024652,-0.030481601,0.400000000,0.400000000,0.500000000,0.000000000
21.984421036,16.609662274,13.581246900,-0.099876322,0.882348576,-0.003381863,0.400000000,0.400000000,0.500000000,0.000000000
22.184314706,16.736662569,13.735611419,-0.100637516,0.872495964,-0.049281472,0.400000000,0.400000000,0.500000000,0.000000000
22.384269991,16.865217181,13.888764373,-0.104205142,0.863076562,-0.047103413,0.400000000,0.400000000,0.500000000,0.000000000
22.584258844,16.995230502,14.040725151,-0.102957698,0.862549741,-0.002634485,0.400000000,0.400000000,0.500000000,0.000000000
22.784212125,17.125300720,14.192590397,-0.105954278,0.865889211,0.016700499,0.400000000,0.400000000,0.500000000,0.000000000
22.984183148,17.254874561,14.344902674,-0.107314840,0.859186414,-0.033529626,0.400000000,0.400000000,0.500000000,0.000000000
23.184024779,17.385381902,14.496245039,-0.101356092,0.856023547,-0.015823367,0.400000000,0.400000000,0.500000000,0.000000000
23.383954537,17.516425028,14.647240427,-0.101560035,0.854098665,-0.009629495,0.400000000,0.400000000,0.500000000,0.000000000
23.583813627,17.647712138,14.797930012,-0.106420380,0.850782551,-0.016589217,0.400000000,0.400000000,0.500000000,0.000000000
23.783745856,17.779546455,14.948238390,-0.115283757,0.845102115,-0.028408954,0.400000000,0.400000000,0.500000000,0.000000000
23.983717684,17.912258739,15.097825094,-0.119664444,0.854937970,0.049194917,0.400000000,0.400000000,0.500000000,0.000000000
24.183617056,18.043445763,15.248655209,-0.125039265,0.870827384,0.079493756,0.400000000,0.400000000,0.500000000,0.000000000
24.383478579,18.172195343,15.401521732,-0.125801010,0.891649500,0.104227040,0.400000000,0.400000000,0.500000000,0.000000000
24.583162875,18.297622918,15.556897860,-0.119146392,0.904107196,0.062363940,0.400000000,0.400000000,0.500000000,0.000000000
24.782992010,18.421194749,15.713938256,-0.121057128,0.915438522,0.056696705,0.400000000,0.400000000,0.500000000,0.000000000
24.982878016,18.543013868,15.872413862,-0.121683352,0.927633365,0.061001933,0.400000000,0.400000000,0.500000000,0.000000000
25.182807770,18.662917630,16.032398219,-0.117067917,0.928980534,0.006738868,0.400000000,0.400000000,0.500000000,0.000000000
25.382698490,18.782582388,16.192512695,-0.116253104,0.927775401,-0.006027983,0.400000000,0.400000000,0.500000000,0.000000000
25.582653708,18.902478693,16.352534460,-0.115134891,0.930295192,0.012601336,0.400000000,0.400000000,0.500000000,0.000000000
25.782622685,19.021979619,16.512868863,-0.113324911,0.932249740,0.009774990,0.400000000,0.400000000,0.500000000,0.000000000
25.982561583,19.141149007,16.673412377,-0.114278484,0.927199727,-0.025255959,0.400000000,0.400000000,0.500000000,0.000000000
26.182528882,19.261144662,16.833374758,-0.114084550,0.926173493,-0.005132457,0.400000000,0.400000000,0.500000000,0.000000000
26.382461427,19.381283529,16.993186132,-0.120356958,0.914190453,-0.059930761,0.400000000,0.400000000,0.500000000,0.000000000
26.582422618,19.503346237,17.151569127,-0.123476397,0.904346056,-0.049265862,0.400000000,0.400000000,0.500000000,0.000000000
26.782103587,19.626788958,17.308522573,-0.120083568,0.890755490,-0.068035100,0.400000000,0.400000000,0.500000000,0.000000000
26.981935835,19.752448426,17.463901546,-0.115052988,0.874106471,-0.083287566,0.400000000,0.400000000,0.500000000,0.000000000
27.181895000,19.880758708,17.617264316,-0.113534336,0.857621251,-0.082449025,0.400000000,0.400000000,0.500000000,0.000000000
27.381820096,20.011557371,17.768465354,-0.114933740,0.850370665,-0.036263726,0.400000000,0.400000000,0.500000000,0.000000000
27.581775022,20.143468561,17.918736477,-0.118534178,0.849073638,-0.006486335,0.400000000,0.400000000,0.500000000,0.000000000
27.781745982,20.275585139,18.068848418,-0.113128903,0.832100842,-0.084874989,0.400000000,0.400000000,0.500000000,0.000000000
27.981718345,20.410231329,18.216697494,-0.117449937,0.820740408,-0.056843785,0.400000000,0.400000000,0.500000000,0.000000000
28.181450979,20.546385006,18.362832026,-0.121917497,0.810546583,-0.051047266,0.400000000,0.400000000,0.500000000,0.000000000
28.381104330,20.683966618,18.507513609,-0.120349417,0.797531430,-0.065129413,0.400000000,0.400000000,0.500000000,0.000000000
28.581118682,20.823671729,18.650650687,-0.122599087,0.774147331,-0.116931176,0.400000000,0.400000000,0.500000000,0.000000000
28.781058670,20.966632299,18.790430063,-0.118245273,0.773694619,-0.002264564,0.400000000,0.400000000,0.500000000,0.000000000
28.980941774,21.109615444,18.930104956,-0.119851489,0.762593220,-0.055526140,0.400000000,0.400000000,0.500000000,0.000000000
29.180918694,21.254208166,19.068248770,-0.119548603,0.754875799,-0.038594644,0.400000000,0.400000000,0.500000000,0.000000000
29.380862640,21.399838669,19.205250004,-0.115406298,0.754987857,0.000560469,0.400000000,0.400000000,0.500000000,0.000000000
29.580789359,21.545441272,19.342255750,-0.118120557,0.774654795,0.098397894,0.400000000,0.400000000,0.500000000,0.000000000
29.780599268,21.688237929,19.482016670,-0.123757777,0.788433527,0.068999164,0.400000000,0.400000000,0.500000000,0.000000000
29.980174564,21.828929971,19.623565418,-0.124045363,0.817402913,0.145124567,0.400000000,0.400000000,0.500000000,0.000000000
30.179820069,21.965511006,19.769181175,-0.122984244,0.832055776,0.073351817,0.400000000,0.400000000,0.500000000,0.000000000
30.379693838,22.100097470,19.916951291,-0.130936004,0.847929799,0.079415184,0.400000000,0.400000000,0.500000000,0.000000000
30.579588875,22.232335439,20.066855078,-0.131523351,0.842438983,-0.027469814,0.400000000,0.400000000,0.500000000,0.000000000
30.779464240,22.365381410,20.216015833,-0.133743919,0.837500784,-0.024704055,0.400000000,0.400000000,0.500000000,0.000000000
30.979377036,22.499187396,20.364545576,-0.128383609,0.821076522,-0.082157225,0.400000000,0.400000000,0.500000000,0.000000000
31.179284892,22.635411349,20.510854104,-0.130323216,0.821284006,0.001037782,0.400000000,0.400000000,0.500000000,0.000000000
31.379237312,22.771635304,20.657223515,-0.133258896,0.804879521,-0.082039931,0.400000000,0.400000000,0.500000000,0.000000000
31.579195046,22.910245620,20.801342478,-0.139966859,0.797671875,-0.036054701,0.400000000,0.400000000,0.500000000,0.000000000
31.779053718,23.049821903,20.944387751,-0.146139245,0.787594636,-0.050423718,0.400000000,0.400000000,0.500000000,0.000000000
31.978895674,23.190820782,21.086007395,-0.145437971,0.775121096,-0.062405172,0.400000000,0.400000000,0.500000000,0.000000000
32.178810945,23.333627516,21.225908618,-0.142305737,0.757238338,-0.089462251,0.400000000,0.400000000,0.500000000,0.000000000
32.378673673,23.478874918,21.363197737,-0.143051110,0.746828230,-0.052089984,0.400000000,0.400000000,0.500000000,0.000000000
32.578506251,23.625521493,21.498946922,-0.144402601,0.735450324,-0.056918743,0.400000000,0.400000000,0.500000000,0.000000000
32.778466208,23.773797540,21.633104287,-0.146334057,0.723984329,-0.057351254,0.400000000,0.400000000,0.500000000,0.000000000
32.978355647,23.923549223,21.765506028,-0.150065371,0.714204414,-0.048926663,0.400000000,0.400000000,0.500000000,0.000000000
33.178243153,24.074587141,21.896435637,-0.151459921,0.703427958,-0.053918027,0.400000000,0.400000000,0.500000000,0.000000000
33.378088528,24.226995089,22.025702768,-0.151454052,0.697396389,-0.030171325,0.400000000,0.400000000,0.500000000,0.000000000
33.578063814,24.380279522,22.154131727,-0.152867054,0.683698262,-0.068495758,0.400000000,0.400000000,0.500000000,0.000000000
33.778055488,24.535321460,22.280459345,-0.154843976,0.675842207,-0.039287610,0.400000000,0.400000000,0.500000000,0.000000000
33.977988126,24.691304982,22.405528129,-0.157796507,0.673246971,-0.012982656,0.400000000,0.400000000,0.500000000,0.000000000
34.177855789,24.847561764,22.530151164,-0.155399393,0.660941095,-0.061558435,0.400000000,0.400000000,0.500000000,0.000000000
34.377796798,25.005398171,22.652886959,-0.154620486,0.653312389,-0.038159291,0.400000000,0.400000000,0.500000000,0.000000000
34.577689614,25.164128024,22.774385815,-0.155181127,0.645450127,-0.039330483,0.400000000,0.400000000,0.500000000,0.000000000
34.777600782,25.323822876,22.894643992,-0.156338629,0.633068214,-0.061927207,0.400000000,0.400000000,0.500000000,0.000000000
34.977573104,25.485043779,23.012951854,-0.160307479,0.622949871,-0.050606796,0.400000000,0.400000000,0.500000000,0.000000000
35.177479874,25.647400249,23.129584154,-0.163596571,0.616048286,-0.034551725,0.400000000,0.400000000,0.500000000,0.000000000
35.377065272,25.810295501,23.244907474,-0.168561711,0.601181908,-0.074428210,0.400000000,0.400000000,0.500000000,0.000000000
35.576958545,25.975141022,23.357970617,-0.164976543,0.595236644,-0.029744616,0.400000000,0.400000000,0.500000000,0.000000000
35.776818613,26.140628324,23.470033100,-0.166073167,0.589495891,-0.028724129,0.400000000,0.400000000,0.500000000,0.000000000
35.976674390,26.306752651,23.581141333,-0.174245663,0.575285299,-0.071083044,0.400000000,0.400000000,0.500000000,0.000000000
36.176645979,26.474536235,23.689940713,-0.183888394,0.554191638,-0.105520431,0.400000000,0.400000000,0.500000000,0.000000000
36.376469372,26.644451286,23.795098993,-0.181665253,0.540109001,-0.070533026,0.400000000,0.400000000,0.500000000,0.000000000
36.575963050,26.815547565,23.897684523,-0.182545103,0.508962490,-0.156011672,0.400000000,0.400000000,0.500000000,0.000000000
36.775737601,26.990000797,23.995028969,-0.184256548,0.486429888,-0.112786012,0.400000000,0.400000000,0.500000000,0.000000000
36.975518376,27.166608484,24.088421061,-0.183342803,0.462835320,-0.118088518,0.400000000,0.400000000,0.500000000,0.000000000
37.175336485,27.345403762,24.177637232,-0.178765870,0.435406053,-0.137237109,0.400000000,0.400000000,0.500000000,0.000000000
37.375241281,27.526657212,24.261952798,-0.173830182,0.411125421,-0.121608777,0.400000000,0.400000000,0.500000000,0.000000000
37.574650342,27.709449842,24.341644879,-0.176408397,0.401395428,-0.048765985,0.400000000,0.400000000,0.500000000,0.000000000
37.774288083,27.893219715,24.419643991,-0.170561414,0.373328424,-0.140559309,0.400000000,0.400000000,0.500000000,0.000000000
37.973998963,28.079174225,24.492481864,-0.183871611,0.340109979,-0.166253523,0.400000000,0.400000000,0.500000000,0.000000000
38.173881632,28.267607211,24.559160878,-0.182814110,0.320651831,-0.097530399,0.400000000,0.400000000,0.500000000,0.000000000
38.373009745,28.456585799,24.621923120,-0.151426471,0.293388651,-0.136778100,0.400000000,0.400000000,0.500000000,0.000000000
38.572517612,28.647568572,24.679620342,-0.158076802,0.261898720,-0.157800439,0.400000000,0.400000000,0.500000000,0.000000000
38.772104066,28.840349151,24.731296267,-0.177627445,0.253185760,-0.043617298,0.400000000,0.400000000,0.500000000,0.000000000
38.972034946,29.033906101,24.781376838,-0.183457470,0.254848073,0.008314469,0.400000000,0.400000000,0.500000000,0.000000000
39.171964309,29.227378067,24.831778708,-0.188236774,0.251988715,-0.014303451,0.400000000,0.400000000,0.500000000,0.000000000
39.371848532,29.420949644,24.881615913,-0.193246779,0.240786091,-0.056039213,0.400000000,0.400000000,0.500000000,0.000000000
39.571775964,29.615109334,24.929291831,-0.195232374,0.233830898,-0.034809859,0.400000000,0.400000000,0.500000000,0.000000000
39.771458273,29.809357467,24.975559392,-0.193077518,0.216983872,-0.084324450,0.400000000,0.400000000,0.500000000,0.000000000
39.971347530,30.004559565,25.018592591,-0.193705819,0.194860545,-0.110651543,0.400000000,0.400000000,0.500000000,0.000000000
40.171323925,30.200751343,25.057313965,-0.197599219,0.170915845,-0.119741574,0.400000000,0.400000000,0.500000000,0.000000000
40.371277605,30.397791579,25.091323070,-0.196334985,0.160240542,-0.053421066,0.400000000,0.400000000,0.500000000,0.000000000
40.570988431,30.594943897,25.123188065,-0.195547404,0.139949342,-0.101548837,0.400000000,0.400000000,0.500000000,0.000000000
40.770905074,30.792905967,25.151075028,-0.198304386,0.124214057,-0.078721531,0.400000000,0.400000000,0.500000000,0.000000000
40.970755099,30.991216217,25.175835424,-0.199801760,0.109001911,-0.076101134,0.400000000,0.400000000,0.500000000,0.000000000
41.170688853,31.189963398,25.197585455,-0.204106906,0.096770836,-0.061169531,0.400000000,0.400000000,0.500000000,0.000000000
41.370660052,31.388999004,25.216906646,-0.201499603,0.071178605,-0.128033759,0.400000000,0.400000000,0.500000000,0.000000000
41.570451100,31.588284155,25.231115489,-0.206969828,0.063271037,-0.039581823,0.400000000,0.400000000,0.500000000,0.000000000
41.770214584,31.787647924,25.243746301,-0.211648574,0.049835829,-0.067248693,0.400000000,0.400000000,0.500000000,0.000000000
41.970015934,31.987201211,25.253699446,-0.210975626,0.025447899,-0.122007826,0.400000000,0.400000000,0.500000000,0.000000000
42.169981164,32.187101695,25.258787591,-0.214264660,0.004838095,-0.103133082,0.400000000,0.400000000,0.500000000,0.000000000
42.369682832,32.386801027,25.259753763,-0.215461808,0.001925401,-0.014588945,0.400000000,0.400000000,0.500000000,0.000000000
42.569282591,32.586400416,25.260138072,-0.214969029,-0.012795231,-0.073680500,0.400000000,0.400000000,0.500000000,0.000000000
42.769259354,32.786360809,25.257579393,-0.216101079,-0.026940835,-0.070746669,0.400000000,0.400000000,0.500000000,0.000000000
42.969173806,32.986202715,25.252194183,-0.219063659,-0.019800132,0.035716887,0.400000000,0.400000000,0.500000000,0.000000000
43.169108733,33.186098452,25.248235703,-0.220628415,-0.014139417,0.028310344,0.400000000,0.400000000,0.500000000,0.000000000
43.369077643,33.386047373,25.245408354,-0.218567086,-0.013323525,0.004079991,0.400000000,0.400000000,0.500000000,0.000000000
43.569056888,33.586008868,25.242744004,-0.221285111,-0.016368006,-0.015223781,0.400000000,0.400000000,0.500000000,0.000000000
43.769041300,33.785966492,25.239470804,-0.223254263,-0.022165698,-0.028998313,0.400000000,0.400000000,0.500000000,0.000000000
43.968920411,33.985796503,25.235040707,-0.221268338,-0.028467960,-0.031528635,0.400000000,0.400000000,0.500000000,0.000000000
44.168820884,34.185615979,25.229350717,-0.228744562,-0.032395119,-0.019641257,0.400000000,0.400000000,0.500000000,0.000000000
44.368808907,34.385499073,25.222873214,-0.232021301,-0.047603846,-0.076047877,0.400000000,0.400000000,0.500000000,0.000000000
44.568794707,34.585258320,25.213356716,-0.236718231,-0.057806538,-0.051044557,0.400000000,0.400000000,0.500000000,0.000000000
44.768563492,34.784693424,25.201815205,-0.238634253,-0.079339177,-0.107763880,0.400000000,0.400000000,0.500000000,0.000000000
44.968413271,34.983914535,25.185975917,-0.238029625,-0.097888949,-0.092864396,0.400000000,0.400000000,0.500000000,0.000000000
45.168060103,35.182605599,25.166463895,-0.243647161,-0.132566498,-0.173603302,0.400000000,0.400000000,0.500000000,0.000000000
45.367896589,35.380688704,25.140049797,-0.248717159,-0.157626949,-0.125508826,0.400000000,0.400000000,0.500000000,0.000000000
45.567391302,35.577710195,25.108734111,-0.255892921,-0.178366640,-0.103906070,0.400000000,0.400000000,0.500000000,0.000000000
45.767090188,35.774240819,25.073303062,-0.258794299,-0.194355885,-0.080014323,0.400000000,0.400000000,0.500000000,0.000000000
45.967046632,35.970432538,25.034684557,-0.260515797,-0.225277103,-0.154639980,0.400000000,0.400000000,0.500000000,0.000000000
46.166986589,36.165320461,24.990022675,-0.262721727,-0.242154971,-0.084478445,0.400000000,0.400000000,0.500000000,0.000000000
46.366619979,36.359129243,24.942151530,-0.276629883,-0.264448704,-0.111635926,0.400000000,0.400000000,0.500000000,0.000000000
46.566379021,36.551944010,24.889939076,-0.288052756,-0.287932512,-0.117519468,0.400000000,0.400000000,0.500000000,0.000000000
46.766268971,36.743605097,24.833176235,-0.297533956,-0.288366463,-0.002170343,0.400000000,0.400000000,0.500000000,0.000000000
46.966270351,36.935348361,24.776298539,-0.298930794,-0.295325048,-0.034817696,0.400000000,0.400000000,0.500000000,0.000000000
47.165983575,37.126415518,24.718171837,-0.301334404,-0.310549536,-0.076204360,0.400000000,0.400000000,0.500000000,0.000000000
47.365836502,37.316708638,24.657100394,-0.299533978,-0.306983638,0.017861291,0.400000000,0.400000000,0.500000000,0.000000000
47.565271233,37.506819676,24.596834275,-0.290387988,-0.319045070,-0.060404713,0.400000000,0.400000000,0.500000000,0.000000000
47.765188076,37.696647791,24.534128366,-0.291376600,-0.331508550,-0.062359340,0.400000000,0.400000000,0.500000000,0.000000000
47.964999630,37.885580091,24.469095737,-0.309645473,-0.338875551,-0.036874722,0.400000000,0.400000000,0.500000000,0.000000000
48.164756329,38.073976439,24.402691256,-0.314185997,-0.325597061,0.066450587,0.400000000,0.400000000,0.500000000,0.000000000
48.364646741,38.263364590,24.338751404,-0.312295773,-0.330736875,-0.025711158,0.400000000,0.400000000,0.500000000,0.000000000
48.564567891,38.452450675,24.273828999,-0.310857424,-0.333485287,-0.013747283,0.400000000,0.400000000,0.500000000,0.000000000
48.764494552,38.641362821,24.208385349,-0.302287766,-0.345565803,-0.060474263,0.400000000,0.400000000,0.500000000,0.000000000
48.964091323,38.829160219,24.140776117,-0.295351129,-0.348493296,-0.014657445,0.400000000,0.400000000,0.500000000,0.000000000
49.163949162,39.017004262,24.072528250,-0.295197424,-0.357735755,-0.046231235,0.400000000,0.400000000,0.500000000,0.000000000
49.363926055,39.204321029,24.002505495,-0.298284439,-0.364494919,-0.033803825,0.400000000,0.400000000,0.500000000,0.000000000
49.563853649,39.391114166,23.931235818,-0.302691963,-0.368498240,-0.020026638,0.400000000,0.400000000,0.500000000,0.000000000
49.763725405,39.577568402,23.859239035,-0.298134069,-0.374609701,-0.030583952,0.400000000,0.400000000,0.500000000,0.000000000
49.963504549,39.763492963,23.786137983,-0.294277397,-0.382030565,-0.037135962,0.400000000,0.400000000,0.500000000,0.000000000
50.163383650,39.948962689,23.711621971,-0.299698358,-0.394545106,-0.062598963,0.400000000,0.400000000,0.500000000,0.000000000
50.363334159,40.133551303,23.634763338,-0.303032326,-0.406859868,-0.061599876,0.400000000,0.400000000,0.500000000,0.000000000
50.563211871,40.317112595,23.555666233,-0.299533642,-0.420344549,-0.067450137,0.400000000,0.400000000,0.500000000,0.000000000
50.763172577,40.499666401,23.474067262,-0.306711884,-0.431615526,-0.056391199,0.400000000,0.400000000,0.500000000,0.000000000
50.962952167,40.681124424,23.390491724,-0.312683434,-0.440155588,-0.042737391,0.400000000,0.400000000,0.500000000,0.000000000
51.162824301,40.861945821,23.305330160,-0.315554980,-0.447759762,-0.038048083,0.400000000,0.400000000,0.500000000,0.000000000
51.362665124,41.042086190,23.218809630,-0.312731266,-0.465718749,-0.089836579,0.400000000,0.400000000,0.500000000,0.000000000
51.562633509,41.220757748,23.129010803,-0.311014417,-0.479804384,-0.070471974,0.400000000,0.400000000,0.500000000,0.000000000
51.762413219,41.397979379,23.036791359,-0.315817478,-0.497547318,-0.088848719,0.400000000,0.400000000,0.500000000,0.000000000
51.962024767,41.573389185,22.941522423,-0.317227568,-0.518773314,-0.106257088,0.400000000,0.400000000,0.500000000,0.000000000
52.161927235,41.746990094,22.842407736,-0.312927200,-0.553604775,-0.174195534,0.400000000,0.400000000,0.500000000,0.000000000
52.361916772,41.917108157,22.737261840,-0.313306704,-0.571417735,-0.089145822,0.400000000,0.400000000,0.500000000,0.000000000
52.561558380,42.085033716,22.629290648,-0.316397570,-0.586535343,-0.075704374,0.400000000,0.400000000,0.500000000,0.000000000
52.761298300,42.251389762,22.518738844,-0.310602492,-0.603121704,-0.082988034,0.400000000,0.400000000,0.500000000,0.000000000
52.961282782,42.416090772,22.405304411,-0.312146340,-0.612467672,-0.046736602,0.400000000,0.400000000,0.500000000,0.000000000
53.161238975,42.579701302,22.290351928,-0.316362220,-0.605812119,0.033289672,0.400000000,0.400000000,0.500000000,0.000000000
53.361138960,42.744027071,22.176522908,-0.318846180,-0.607244413,-0.007167187,0.400000000,0.400000000,0.500000000,0.000000000
53.560919850,42.908091831,22.062526598,-0.315240245,-0.622866299,-0.078157378,0.400000000,0.400000000,0.500000000,0.000000000
53.760889498,43.070509118,21.945871187,-0.310988960,-0.631904921,-0.045245351,0.400000000,0.400000000,0.500000000,0.000000000
53.960456640,43.231540597,21.827990285,-0.307229897,-0.635310080,-0.017058161,0.400000000,0.400000000,0.500000000,0.000000000
54.160130316,43.392255488,21.709498510,-0.310121560,-0.645309057,-0.050083597,0.400000000,0.400000000,0.500000000,0.000000000
54.359746484,43.551731624,21.589440288,-0.312810945,-0.660310528,-0.075095325,0.400000000,0.400000000,0.500000000,0.000000000
54.559657991,43.709622092,21.466822140,-0.313407754,-0.656604250,0.018556642,0.400000000,0.400000000,0.500000000,0.000000000
54.759201977,43.867674830,21.345014363,-0.315802017,-0.657645378,-0.005214047,0.400000000,0.400000000,0.500000000,0.000000000
54.959012996,44.025812005,21.222878874,-0.314870086,-0.664648102,-0.035036828,0.400000000,0.400000000,0.500000000,0.000000000
55.158936194,44.183178327,21.099569809,-0.313803514,-0.666970986,-0.011618866,0.400000000,0.400000000,0.500000000,0.000000000
55.358859988,44.340258260,20.975895163,-0.315992175,-0.662385014,0.022940574,0.400000000,0.400000000,0.500000000,0.000000000
55.558749042,44.497876315,20.852963545,-0.315049717,-0.661105785,0.006398464,0.400000000,0.400000000,0.500000000,0.000000000
55.758715257,44.655712403,20.730186281,-0.316650718,-0.661866635,-0.003805239,0.400000000,0.400000000,0.500000000,0.000000000
55.958645162,44.813426387,20.607311279,-0.313870349,-0.661049367,0.004087544,0.400000000,0.400000000,0.500000000,0.000000000
56.158597171,44.971258188,20.484551641,-0.312902968,-0.657551466,0.017496390,0.400000000,0.400000000,0.500000000,0.000000000
56.358487557,45.129469648,20.362382497,-0.313879240,-0.661495191,-0.019729464,0.400000000,0.400000000,0.500000000,0.000000000
56.558377158,45.287197460,20.239590844,-0.313375460,-0.666912558,-0.027102215,0.400000000,0.400000000,0.500000000,0.000000000
56.758260061,45.444252489,20.115950670,-0.305111036,-0.666960550,-0.000240206,0.400000000,0.400000000,0.500000000,0.000000000
56.957971687,45.601167012,19.992408911,-0.306791920,-0.670025162,-0.015340446,0.400000000,0.400000000,0.500000000,0.000000000
57.157806524,45.757798765,19.868310336,-0.309630163,-0.668248094,0.008893276,0.400000000,0.400000000,0.500000000,0.000000000
57.357614778,45.914629936,19.744506774,-0.312135996,-0.662806097,0.027235884,0.400000000,0.400000000,0.500000000,0.000000000
57.557425620,46.072134561,19.621556923,-0.308407107,-0.661888321,0.004593058,0.400000000,0.400000000,0.500000000,0.000000000
57.757251059,46.229763473,19.498742706,-0.310339118,-0.662311151,-0.002116174,0.400000000,0.400000000,0.500000000,0.000000000
57.957043523,46.387314440,19.375882127,-0.307865278,-0.658994340,0.016595564,0.400000000,0.400000000,0.500000000,0.000000000
58.156973540,46.545380794,19.253460564,-0.304961563,-0.665492155,-0.032502925,0.400000000,0.400000000,0.500000000,0.000000000
58.356872424,46.702623855,19.130033729,-0.305332380,-0.665653907,-0.000809062,0.400000000,0.400000000,0.500000000,0.000000000
58.556822551,46.859887253,19.006549815,-0.301832412,-0.656181031,0.047419747,0.400000000,0.400000000,0.500000000,0.000000000
58.756403878,47.018021114,18.884786159,-0.304382604,-0.650922813,0.026332036,0.400000000,0.400000000,0.500000000,0.000000000
58.956200118,47.176964016,18.763725465,-0.306214142,-0.651957094,-0.005174567,0.400000000,0.400000000,0.500000000,0.000000000
59.156159618,47.335911396,18.642401387,-0.303448577,-0.648472160,0.017427833,0.400000000,0.400000000,0.500000000,0.000000000
59.356127390,47.495287209,18.521626969,-0.301008747,-0.646737673,0.008674719,0.400000000,0.400000000,0.500000000,0.000000000
59.556054149,47.654839534,18.401153882,-0.298210326,-0.649485585,-0.013744722,0.400000000,0.400000000,0.500000000,0.000000000
59.755977070,47.814057151,18.280245136,-0.296726525,-0.641536964,0.039759812,0.400000000,0.400000000,0.500000000,0.000000000
59.955885012,47.974218785,18.160614720,-0.292793917,-0.630923841,0.053090974,0.400000000,0.400000000,0.500000000,0.000000000
60.155784145,48.135633914,18.042696022,-0.294149926,-0.632531671,-0.008046933,0.400000000,0.400000000,0.500000000,0.000000000
60.355498056,48.296709853,17.924627449,-0.296171337,-0.629228432,0.016542511,0.400000000,0.400000000,0.500000000,0.000000000
60.555147701,48.458122964,17.807129413,-0.301244182,-0.625881351,0.016760019,0.400000000,0.400000000,0.500000000,0.000000000
60.754910357,48.620020035,17.690106095,-0.299288731,-0.637195872,-0.056608689,0.400000000,0.400000000,0.500000000,0.000000000
60.954890587,48.780757588,17.571129073,-0.293353380,-0.643792707,-0.033000697,0.400000000,0.400000000,0.500000000,0.000000000
61.154709395,48.940577667,17.451191180,-0.296787937,-0.644518032,-0.003628793,0.400000000,0.400000000,0.500000000,0.000000000
61.354651290,49.100409105,17.331063445,-0.296899828,-0.650987200,-0.032357925,0.400000000,0.400000000,0.500000000,0.000000000
61.554559311,49.259433131,17.209924781,-0.295894107,-0.651664567,-0.003387802,0.400000000,0.400000000,0.500000000,0.000000000
61.754537478,49.418430837,17.088635882,-0.295953822,-0.651664081,0.000002432,0.400000000,0.400000000,0.500000000,0.000000000
61.954519803,49.577431907,16.967344539,-0.295738195,-0.668793916,-0.085661174,0.400000000,0.400000000,0.500000000,0.000000000
62.154476560,49.734311992,16.843363315,-0.293773180,-0.678328219,-0.047710268,0.400000000,0.400000000,0.500000000,0.000000000
62.354193395,49.889816080,16.718042556,-0.292619262,-0.689895450,-0.057898701,0.400000000,0.400000000,0.500000000,0.000000000
62.554042232,50.043961998,16.590847456,-0.290248809,-0.702239259,-0.061749109,0.400000000,0.400000000,0.500000000,0.000000000
62.753996083,50.196606309,16.461691515,-0.290763836,-0.718102240,-0.079355538,0.400000000,0.400000000,0.500000000,0.000000000
62.953833235,50.347094821,16.330207314,-0.289760701,-0.726974182,-0.044395364,0.400000000,0.400000000,0.500000000,0.000000000
63.153673509,50.496413238,16.197391105,-0.285933342,-0.737299613,-0.051671577,0.400000000,0.400000000,0.500000000,0.000000000
63.353487586,50.644332942,16.063057839,-0.287527273,-0.747275250,-0.049907321,0.400000000,0.400000000,0.500000000,0.000000000
63.553438344,50.791005510,15.927162793,-0.286409932,-0.760954830,-0.068410028,0.400000000,0.400000000,0.500000000,0.000000000
63.753413552,50.935823132,15.789257245,-0.284716740,-0.762656969,-0.008511859,0.400000000,0.400000000,0.500000000,0.000000000
63.953383606,51.080402083,15.651108957,-0.280313161,-0.759245771,0.017058149,0.400000000,0.400000000,0.500000000,0.000000000
64.153362735,51.225458026,15.513448413,-0.279908244,-0.755923932,0.016613402,0.400000000,0.400000000,0.500000000,0.000000000
64.353282110,51.370926975,15.376311469,-0.276285068,-0.751892995,0.020160943,0.400000000,0.400000000,0.500000000,0.000000000
64.553238346,51.516974453,15.239736836,-0.278612007,-0.748348168,0.017730958,0.400000000,0.400000000,0.500000000,0.000000000
64.753127967,51.663456331,15.103726101,-0.275943941,-0.750158154,-0.009054022,0.400000000,0.400000000,0.500000000,0.000000000
64.953057559,51.809721033,14.967423207,-0.271182311,-0.748074478,0.010420505,0.400000000,0.400000000,0.500000000,0.000000000
65.153046367,51.956312833,14.831385098,-0.269709240,-0.744323636,0.018757748,0.400000000,0.400000000,0.500000000,0.000000000
65.352981899,52.103374672,14.695933879,-0.270321246,-0.743529116,0.003974014,0.400000000,0.400000000,0.500000000,0.000000000
65.552903993,52.250534192,14.560608644,-0.267740469,-0.732257410,0.056371932,0.400000000,0.400000000,0.500000000,0.000000000
65.752884679,52.399253250,14.426911536,-0.265658455,-0.716739274,0.077600536,0.400000000,0.400000000,0.500000000,0.000000000
65.952849173,52.550016840,14.295548914,-0.267356633,-0.710042514,0.033497033,0.400000000,0.400000000,0.500000000,0.000000000
66.152725938,52.701590219,14.165256044,-0.266043414,-0.701339345,0.043534216,0.400000000,0.400000000,0.500000000,0.000000000
66.352679103,52.854350173,14.036237964,-0.258642978,-0.687900010,0.067208700,0.400000000,0.400000000,0.500000000,0.000000000
66.552651352,53.008844940,13.909272350,-0.262011468,-0.687455590,0.002222745,0.400000000,0.400000000,0.500000000,0.000000000
66.752563703,53.163349825,13.782413418,-0.262113356,-0.693919680,-0.032330524,0.400000000,0.400000000,0.500000000,0.000000000
66.952526015,53.317069868,13.654526457,-0.258019422,-0.685878586,0.040215979,0.400000000,0.400000000,0.500000000,0.000000000
67.152458094,53.471789884,13.527898843,-0.258528805,-0.686686725,-0.004044003,0.400000000,0.400000000,0.500000000,0.000000000
67.352198733,53.626259467,13.401267604,-0.258623785,-0.690270121,-0.017933253,0.400000000,0.400000000,0.500000000,0.000000000
67.552094976,53.780394272,13.273984573,-0.253187840,-0.686378370,0.019466907,0.400000000,0.400000000,0.500000000,0.000000000
67.752030999,53.935054033,13.147277149,-0.252937173,-0.671828865,0.072755629,0.400000000,0.400000000,0.500000000,0.000000000
67.952046892,54.091603404,13.022783566,-0.251403739,-0.670467530,0.006807960,0.400000000,0.400000000,0.500000000,0.000000000
68.151955261,54.248237859,12.898570025,-0.248041407,-0.668319867,0.010741843,0.400000000,0.400000000,0.500000000,0.000000000
68.351915444,54.405179387,12.774661061,-0.248612987,-0.663531218,0.023947420,0.400000000,0.400000000,0.500000000,0.000000000
68.551885166,54.562719986,12.651499178,-0.244948674,-0.662649592,0.004409142,0.400000000,0.400000000,0.500000000,0.000000000
68.751823862,54.720344646,12.528495322,-0.241233176,-0.664068464,-0.007095695,0.400000000,0.400000000,0.500000000,0.000000000
68.951810011,54.877831990,12.405238693,-0.237772390,-0.671778310,-0.038555297,0.400000000,0.400000000,0.500000000,0.000000000
69.151759923,55.034336010,12.280794091,-0.238505346,-0.668729272,0.015249757,0.400000000,0.400000000,0.500000000,0.000000000
69.351690044,55.191203209,12.156839523,-0.237286604,-0.675834859,-0.035537592,0.400000000,0.400000000,0.500000000,0.000000000
69.551650374,55.347209255,12.031754562,-0.235631496,-0.676912079,-0.005387681,0.400000000,0.400000000,0.500000000,0.000000000
69.751572844,55.503050953,11.906525337,-0.231585970,-0.688702332,-0.058973266,0.400000000,0.400000000,0.500000000,0.000000000
69.951498800,55.657408062,11.779465229,-0.231034869,-0.696830131,-0.040652628,0.400000000,0.400000000,0.500000000,0.000000000
70.151437620,55.810737230,11.651146493,-0.229007833,-0.705091932,-0.041343346,0.400000000,0.400000000,0.500000000,0.000000000
70.351165401,55.962840316,11.521702151,-0.227845909,-0.701314899,0.018900843,0.400000000,0.400000000,0.500000000,0.000000000
70.551105522,56.115593457,11.392696222,-0.223684087,-0.698700222,0.013082828,0.400000000,0.400000000,0.500000000,0.000000000
70.750876689,56.268554021,11.264198809,-0.228362779,-0.689198425,0.047541932,0.400000000,0.400000000,0.500000000,0.000000000
70.950826817,56.422866732,11.137046770,-0.224154748,-0.658090173,0.155655510,0.400000000,0.400000000,0.500000000,0.000000000
71.150566966,56.580893496,11.014884299,-0.222128681,-0.624766135,0.166948440,0.400000000,0.400000000,0.500000000,0.000000000
71.350021874,56.742671357,10.898221608,-0.213690438,-0.603745770,0.105459075,0.400000000,0.400000000,0.500000000,0.000000000
71.549204609,56.906641535,10.785139589,-0.202753903,-0.576503440,0.136523954,0.400000000,0.400000000,0.500000000,0.000000000
71.749094512,57.074223978,10.676180433,-0.208243236,-0.546400602,0.150576291,0.400000000,0.400000000,0.500000000,0.000000000
71.949024545,57.245044270,10.572293734,-0.214615259,-0.530611399,0.079003695,0.400000000,0.400000000,0.500000000,0.000000000
72.148798313,57.417348710,10.471196068,-0.219585260,-0.528987947,0.008122953,0.400000000,0.400000000,0.500000000,0.000000000
72.348744155,57.589965606,10.370291423,-0.218129472,-0.528701843,0.001430698,0.400000000,0.400000000,0.500000000,0.000000000
72.548748807,57.762662143,10.269406506,-0.211799758,-0.534397064,-0.028494767,0.400000000,0.400000000,0.500000000,0.000000000
72.748481616,57.934547380,10.167678140,-0.205435843,-0.541557270,-0.035839050,0.400000000,0.400000000,0.500000000,0.000000000
72.948323622,58.105793393,10.064665371,-0.212789616,-0.553497830,-0.059732169,0.400000000,0.400000000,0.500000000,0.000000000
73.148282551,58.275896662,9.959553758,-0.212451428,-0.557513416,-0.020082019,0.400000000,0.400000000,0.500000000,0.000000000
73.348241999,58.445576917,9.853759656,-0.210454443,-0.550978370,0.032679975,0.400000000,0.400000000,0.500000000,0.000000000
73.548223816,58.615963970,9.749064963,-0.207687080,-0.539543666,0.057193229,0.400000000,0.400000000,0.500000000,0.000000000
73.748101969,58.787448075,9.646378654,-0.200039095,-0.524817250,0.073681970,0.400000000,0.400000000,0.500000000,0.000000000
73.947949350,58.960399101,9.546244152,-0.201223936,-0.500601917,0.121203947,0.400000000,0.400000000,0.500000000,0.000000000
74.147672154,59.135614684,9.450386457,-0.199819795,-0.488956094,0.058365155,0.400000000,0.400000000,0.500000000,0.000000000
74.347014760,59.311599054,9.356754326,-0.199657673,-0.467472515,0.107615539,0.400000000,0.400000000,0.500000000,0.000000000
74.546929841,59.490065267,9.266666310,-0.198477251,-0.452125033,0.076773610,0.400000000,0.400000000,0.500000000,0.000000000
74.746822222,59.669872612,9.179337720,-0.209894064,-0.442115684,0.050082132,0.400000000,0.400000000,0.500000000,0.000000000
74.946645562,59.850482635,9.093842769,-0.206453919,-0.437423367,0.023480444,0.400000000,0.400000000,0.500000000,0.000000000
75.146500580,60.031520533,9.009182816,-0.205578685,-0.426809275,0.053103368,0.400000000,0.400000000,0.500000000,0.000000000
75.346395822,60.213483421,8.926432498,-0.207671052,-0.427560744,-0.003758717,0.400000000,0.400000000,0.500000000,0.000000000
75.546354818,60.395442088,8.843519027,-0.208533558,-0.421341086,0.031108611,0.400000000,0.400000000,0.500000000,0.000000000
75.746262511,60.577866111,8.761759856,-0.207814145,-0.409878970,0.057331535,0.400000000,0.400000000,0.500000000,0.000000000
75.946206410,60.761248468,8.682082547,-0.210900738,-0.408811929,0.005339739,0.400000000,0.400000000,0.500000000,0.000000000
76.145922649,60.944506841,8.602691459,-0.211256248,-0.385305960,0.117635705,0.400000000,0.400000000,0.500000000,0.000000000
76.345837262,61.129764411,8.527555015,-0.200324295,-0.358690062,0.133210679,0.400000000,0.400000000,0.500000000,0.000000000
76.545516926,61.316735958,8.457457875,-0.204120308,-0.336768018,0.109881201,0.400000000,0.400000000,0.500000000,0.000000000
76.744842810,61.504865221,8.391592951,-0.202577054,-0.311510847,0.126567032,0.400000000,0.400000000,0.500000000,0.000000000
76.944617699,61.695025262,8.330362523,-0.207826331,-0.271131474,0.202130596,0.400000000,0.400000000,0.500000000,0.000000000
77.144353133,61.887464057,8.276869030,-0.207733409,-0.265608113,0.027656452,0.400000000,0.400000000,0.500000000,0.000000000
77.344043781,62.080152163,8.224451013,-0.209175970,-0.256344235,0.046387578,0.400000000,0.400000000,0.500000000,0.000000000
77.543763688,62.273345891,8.173812840,-0.205827593,-0.252097875,0.021271962,0.400000000,0.400000000,0.500000000,0.000000000
77.743288318,62.466563801,8.124044200,-0.211736750,-0.250367272,0.008663542,0.400000000,0.400000000,0.500000000,0.000000000
77.943277641,62.660317755,8.074494886,-0.207595028,-0.252758215,-0.011957586,0.400000000,0.400000000,0.500000000,0.000000000
78.143192207,62.853880304,8.024501155,-0.212240460,-0.232123646,0.103247718,0.400000000,0.400000000,0.500000000,0.000000000
78.342980470,63.048310257,7.978540917,-0.216570613,-0.212371620,0.098868495,0.400000000,0.400000000,0.500000000,0.000000000
78.542747307,63.243589088,7.936434297,-0.215382425,-0.179909432,0.162518735,0.400000000,0.400000000,0.500000000,0.000000000
78.742451487,63.440070024,7.900699138,-0.214565126,-0.157536371,0.112091256,0.400000000,0.400000000,0.500000000,0.000000000
78.941932668,63.637080986,7.869403420,-0.216507394,-0.129045991,0.142809296,0.400000000,0.400000000,0.500000000,0.000000000
79.141436952,63.834926415,7.843729588,-0.222190712,-0.105317817,0.118837542,0.400000000,0.400000000,0.500000000,0.000000000
79.341261313,64.033643590,7.822723406,-0.224548255,-0.094133740,0.055965142,0.400000000,0.400000000,0.500000000,0.000000000
79.541114970,64.232612432,7.803938206,-0.220625065,-0.103976280,-0.049235262,0.400000000,0.400000000,0.500000000,0.000000000
79.741076375,64.431493913,7.783184405,-0.219463931,-0.118729932,-0.073883281,0.400000000,0.400000000,0.500000000,0.000000000
79.940488637,64.629502289,7.759563788,-0.220460156,-0.136343510,-0.088281033,0.400000000,0.400000000,0.500000000,0.000000000
80.140105466,64.827266596,7.732431574,-0.225134686,-0.159942859,-0.118119362,0.400000000,0.400000000,0.500000000,0.000000000
80.340064140,65.024673075,7.700585797,-0.224443441,-0.169306043,-0.046831143,0.400000000,0.400000000,0.500000000,0.000000000
80.539973964,65.221724575,7.666901320,-0.224020652,-0.157868621,0.057228748,0.400000000,0.400000000,0.500000000,0.000000000
80.739770930,65.419036987,7.635490502,-0.229419301,-0.137005492,0.104446303,0.400000000,0.400000000,0.500000000,0.000000000
80.939466330,65.616861126,7.608216647,-0.223318778,-0.109757103,0.136459971,0.400000000,0.400000000,0.500000000,0.000000000
81.139119487,65.815312916,7.586347265,-0.226717234,-0.069947329,0.199365744,0.400000000,0.400000000,0.500000000,0.000000000
81.338804193,66.014509330,7.572391240,-0.220922040,-0.034560136,0.177378237,0.400000000,0.400000000,0.500000000,0.000000000
81.538101318,66.213687446,7.565504875,-0.215477909,-0.012233983,0.111883211,0.400000000,0.400000000,0.500000000,0.000000000
81.737893359,66.413464536,7.563060684,-0.219052782,0.010672877,0.114628335,0.400000000,0.400000000,0.500000000,0.000000000
81.937764449,66.613324242,7.565193843,-0.224072125,0.021591244,0.054622131,0.400000000,0.400000000,0.500000000,0.000000000
82.137669511,66.813182710,7.569509707,-0.220874462,0.025786585,0.020984562,0.400000000,0.400000000,0.500000000,0.000000000
82.337614339,67.013061065,7.574665029,-0.217593234,0.036428140,0.053234596,0.400000000,0.400000000,0.500000000,0.000000000
82.537466092,67.212780230,7.581943647,-0.221969558,0.034816243,-0.008066213,0.400000000,0.400000000,0.500000000,0.000000000
82.737280658,67.412473704,7.588899034,-0.215214035,0.040535781,0.028622684,0.400000000,0.400000000,0.500000000,0.000000000
82.937116317,67.612145205,7.596997310,-0.221124446,0.041841700,0.006535386,0.400000000,0.400000000,0.500000000,0.000000000
83.136925947,67.811779955,7.605355246,-0.221120324,0.037777120,-0.020338691,0.400000000,0.400000000,0.500000000,0.000000000
83.336805434,68.011516834,7.612904321,-0.222383738,0.031081778,-0.033489835,0.400000000,0.400000000,0.500000000,0.000000000
83.536768426,68.211383244,7.619118526,-0.224051500,0.046631897,0.077754647,0.400000000,0.400000000,0.500000000,0.000000000
83.736780539,68.411177929,7.628442090,-0.223275507,0.044786892,-0.009228541,0.400000000,0.400000000,0.500000000,0.000000000
83.936616019,68.610813022,7.637389108,-0.227610559,0.067661457,0.114441039,0.400000000,0.400000000,0.500000000,0.000000000
84.136533401,68.810272959,7.650905491,-0.232247132,0.092812902,0.125904291,0.400000000,0.400000000,0.500000000,0.000000000
84.336138266,69.009018720,7.669404811,-0.232095262,0.120136960,0.137067677,0.400000000,0.400000000,0.500000000,0.000000000
84.535215400,69.206660953,7.693263844,-0.227703046,0.147023704,0.134785839,0.400000000,0.400000000,0.500000000,0.000000000
84.735081284,69.404370577,7.722543116,-0.226914510,0.192265958,0.226426126,0.400000000,0.400000000,0.500000000,0.000000000
84.934801759,69.600410957,7.760706422,-0.229986826,0.216875300,0.123276221,0.400000000,0.400000000,0.500000000,0.000000000
85.134326492,69.795261740,7.803639989,-0.232885731,0.245384874,0.142805106,0.400000000,0.400000000,0.500000000,0.000000000
85.334067720,69.989019500,7.852163063,-0.236209312,0.267848491,0.112398258,0.400000000,0.400000000,0.500000000,0.000000000
85.534032778,70.181854311,7.905085267,-0.231944691,0.285121658,0.086400447,0.400000000,0.400000000,0.500000000,0.000000000
85.733902495,70.373654776,7.961303462,-0.233848330,0.295009579,0.049467614,0.400000000,0.400000000,0.500000000,0.000000000
85.933804673,70.564921052,8.019424823,-0.239644033,0.311551479,0.082747313,0.400000000,0.400000000,0.500000000,0.000000000
86.133715155,70.755207670,8.080704542,-0.239905378,0.327511424,0.079842055,0.400000000,0.400000000,0.500000000,0.000000000
86.333588352,70.944456771,8.145001297,-0.243304755,0.343756588,0.081276234,0.400000000,0.400000000,0.500000000,0.000000000
86.533462664,71.132637484,8.212364191,-0.240339328,0.358542375,0.073962020,0.400000000,0.400000000,0.500000000,0.000000000
86.733405769,71.319866071,8.282526161,-0.239342806,0.373419505,0.074405309,0.400000000,0.400000000,0.500000000,0.000000000
86.933353293,71.506034281,8.355467299,-0.238995088,0.388725065,0.076541929,0.400000000,0.400000000,0.500000000,0.000000000
87.133328023,71.691089501,8.431259503,-0.239883601,0.401523751,0.064017159,0.400000000,0.400000000,0.500000000,0.000000000
87.333202285,71.875067073,8.509374634,-0.235261132,0.413393841,0.059380201,0.400000000,0.400000000,0.500000000,0.000000000
87.533125293,72.058149112,8.589687622,-0.238379657,0.425394368,0.060017277,0.400000000,0.400000000,0.500000000,0.000000000
87.733102280,72.240303361,8.672214132,-0.241966422,0.438595938,0.066012627,0.400000000,0.400000000,0.500000000,0.000000000
87.933093467,72.421365146,8.757144133,-0.241981395,0.446065813,0.037355174,0.400000000,0.400000000,0.500000000,0.000000000
88.133039229,72.601746487,8.843404663,-0.242619819,0.457144863,0.055410648,0.400000000,0.400000000,0.500000000,0.000000000
88.332980255,72.781156844,8.931656222,-0.245830645,0.474551515,0.087063781,0.400000000,0.400000000,0.500000000,0.000000000
88.532893969,72.958979642,9.023004708,-0.246506545,0.489741262,0.075989403,0.400000000,0.400000000,0.500000000,0.000000000
88.732762329,73.135354395,9.117022301,-0.244324597,0.508325071,0.092965605,0.400000000,0.400000000,0.500000000,0.000000000
88.932687876,73.310001545,9.214329019,-0.244425157,0.531569021,0.116281990,0.400000000,0.400000000,0.500000000,0.000000000
89.132539232,73.482275975,9.315630970,-0.242477411,0.553651545,0.110502872,0.400000000,0.400000000,0.500000000,0.000000000
89.332353069,73.652239669,9.420692440,-0.243249207,0.570350346,0.083554663,0.400000000,0.400000000,0.500000000,0.000000000
89.532244196,73.820490402,9.528619051,-0.249945898,0.592552164,0.111051321,0.400000000,0.400000000,0.500000000,0.000000000
89.732192750,73.986351336,9.640286300,-0.253758645,0.609113056,0.082826450,0.400000000,0.400000000,0.500000000,0.000000000
89.932133421,74.150333837,9.754680407,-0.257823300,0.616228837,0.035588324,0.400000000,0.400000000,0.500000000,0.000000000
90.132086061,74.313507957,9.870245388,-0.261650805,0.625521071,0.046468936,0.400000000,0.400000000,0.500000000,0.000000000
90.332065118,74.475622605,9.987337078,-0.263886281,0.638439306,0.064596742,0.400000000,0.400000000,0.500000000,0.000000000
90.532048809,74.636214873,10.106515936,-0.261487198,0.641796406,0.016789606,0.400000000,0.400000000,0.500000000,0.000000000
90.731967155,74.796353798,10.226194129,-0.260394112,0.644980660,0.015926849,0.400000000,0.400000000,0.500000000,0.000000000
90.931908486,74.956129193,10.346395455,-0.264003228,0.652257703,0.036393039,0.400000000,0.400000000,0.500000000,0.000000000
91.131880288,75.115049872,10.467774776,-0.267911548,0.662590136,0.051665893,0.400000000,0.400000000,0.500000000,0.000000000
91.331877829,75.272728239,10.590805459,-0.269778075,0.669493068,0.034523990,0.400000000,0.400000000,0.500000000,0.000000000
91.531771433,75.429472082,10.714857144,-0.270352257,0.678383501,0.044478740,0.400000000,0.400000000,0.500000000,0.000000000
91.731637481,75.585085418,10.840280135,-0.276005250,0.690838659,0.062296472,0.400000000,0.400000000,0.500000000,0.000000000
91.931636053,75.739226699,10.967715979,-0.278178699,0.706247836,0.077048203,0.400000000,0.400000000,0.500000000,0.000000000
92.131621499,75.891376089,11.097503272,-0.275196488,0.718072364,0.059140319,0.400000000,0.400000000,0.500000000,0.000000000
92.331514162,76.041910334,11.229019500,-0.275996711,0.728116003,0.050244193,0.400000000,0.400000000,0.500000000,0.000000000
92.531412829,76.191120588,11.362044976,-0.284885033,0.744435737,0.081623607,0.400000000,0.400000000,0.500000000,0.000000000
92.731387534,76.338196052,11.497539221,-0.291958200,0.753226317,0.043957983,0.400000000,0.400000000,0.500000000,0.000000000
92.931365285,76.484076998,11.634323176,-0.293197307,0.757188957,0.019814810,0.400000000,0.400000000,0.500000000,0.000000000
93.131354751,76.629423289,11.771692177,-0.296793742,0.758634508,0.007228434,0.400000000,0.400000000,0.500000000,0.000000000
93.331327521,76.774558736,11.909259653,-0.293347256,0.758628709,-0.000028994,0.400000000,0.400000000,0.500000000,0.000000000
93.531316320,76.919706615,12.046837315,-0.298202807,0.754663585,-0.019827298,0.400000000,0.400000000,0.500000000,0.000000000
93.731293459,77.065390370,12.183830380,-0.300084973,0.750037618,-0.023133362,0.400000000,0.400000000,0.500000000,0.000000000
93.931254999,77.211694875,12.320137420,-0.303453442,0.758310610,0.041370483,0.400000000,0.400000000,0.500000000,0.000000000
94.131238930,77.356882976,12.457665556,-0.302139684,0.758602959,0.001462205,0.400000000,0.400000000,0.500000000,0.000000000
94.331129799,77.501963319,12.595172113,-0.305248122,0.768714344,0.050587561,0.400000000,0.400000000,0.500000000,0.000000000
94.530994953,77.645627405,12.734120702,-0.309283919,0.781191459,0.062417925,0.400000000,0.400000000,0.500000000,0.000000000
94.730919895,77.787589129,12.874893040,-0.315139196,0.796497967,0.076585986,0.400000000,0.400000000,0.500000000,0.000000000
94.930711905,77.927286626,13.017726707,-0.321174630,0.806049647,0.047784100,0.400000000,0.400000000,0.500000000,0.000000000
95.130703268,78.065751494,13.162032029,-0.321391498,0.827863108,0.109079967,0.400000000,0.400000000,0.500000000,0.000000000
95.330657547,78.201010785,13.309295866,-0.320452778,0.841834697,0.069901952,0.400000000,0.400000000,0.500000000,0.000000000
95.530448180,78.334090428,13.458312998,-0.325258998,0.854760703,0.064675953,0.400000000,0.400000000,0.500000000,0.000000000
95.730370764,78.465319424,13.609137367,-0.331404523,0.870301908,0.077721369,0.400000000,0.400000000,0.500000000,0.000000000
95.930365174,78.594234973,13.762037809,-0.332631911,0.871251996,0.004750517,0.400000000,0.400000000,0.500000000,0.000000000
96.130364279,78.723008218,13.915064256,-0.335437169,0.873003048,0.008756497,0.400000000,0.400000000,0.500000000,0.000000000
96.330308712,78.851478180,14.068274064,-0.333704357,0.876047319,0.015227162,0.400000000,0.400000000,0.500000000,0.000000000
96.530211565,78.979454516,14.221842316,-0.333331715,0.876014123,-0.000166053,0.400000000,0.400000000,0.500000000,0.000000000
96.730131125,79.107446645,14.375419154,-0.340960039,0.871265451,-0.023747392,0.400000000,0.400000000,0.500000000,0.000000000
96.930143328,79.236226265,14.528457356,-0.346900837,0.879177184,0.039562922,0.400000000,0.400000000,0.500000000,0.000000000
97.130087032,79.363747381,14.682456867,-0.351960458,0.878634430,-0.002714529,0.400000000,0.400000000,0.500000000,0.000000000
97.330031166,79.491352336,14.836387475,-0.351974058,0.874272141,-0.021816536,0.400000000,0.400000000,0.500000000,0.000000000
97.529993366,79.619639156,14.989773828,-0.353361152,0.877648976,0.016886427,0.400000000,0.400000000,0.500000000,0.000000000
97.729977656,79.747421399,15.143609502,-0.359793754,0.879237080,0.007941546,0.400000000,0.400000000,0.500000000,0.000000000
97.929941482,79.874946124,15.297632151,-0.354316962,0.876463641,-0.013869625,0.400000000,0.400000000,0.500000000,0.000000000
98.129907363,80.002898845,15.451302105,-0.352009637,0.872848095,-0.018080332,0.400000000,0.400000000,0.500000000,0.000000000
98.329883786,80.131413104,15.604516514,-0.353740057,0.873508592,0.003302916,0.400000000,0.400000000,0.500000000,0.000000000
98.529855383,80.259823038,15.757812073,-0.358037301,0.872890894,-0.003088704,0.400000000,0.400000000,0.500000000,0.000000000
98.729855740,80.388346120,15.911050319,-0.362986719,0.876080657,0.015951812,0.400000000,0.400000000,0.500000000,0.000000000
98.929780006,80.516331044,16.064639288,-0.363360623,0.879536252,0.017282799,0.400000000,0.400000000,0.500000000,0.000000000
99.129743904,80.643809730,16.218700137,-0.368986505,0.885964333,0.032145604,0.400000000,0.400000000,0.500000000,0.000000000
99.329714634,80.770299794,16.373582532,-0.370033290,0.893016246,0.035267038,0.400000000,0.400000000,0.500000000,0.000000000
99.529658328,80.895677552,16.529332006,-0.368036851,0.896192272,0.015883606,0.400000000,0.400000000,0.500000000,0.000000000
99.729626886,81.020575544,16.685498315,-0.372017658,0.897165732,0.004867837,0.400000000,0.400000000,0.500000000,0.000000000
99.929614226,81.145333172,16.841800811,-0.376720573,0.896457044,-0.003543733,0.400000000,0.400000000,0.500000000,0.000000000
100.129593786,81.270196680,16.998008777,-0.373844828,0.895936519,-0.002602937,0.400000000,0.400000000,0.500000000,0.000000000
100.329566243,81.395137044,17.154146182,-0.377696086,0.893908690,-0.010140448,0.400000000,0.400000000,0.500000000,0.000000000
100.529542280,81.520396013,17.310032699,-0.381460001,0.890948339,-0.014803746,0.400000000,0.400000000,0.500000000,0.000000000
100.729512326,81.646112145,17.465543063,-0.378307380,0.889903428,-0.005225050,0.400000000,0.400000000,0.500000000,0.000000000
100.929504612,81.772004703,17.620939261,-0.386702496,0.888264724,-0.008193862,0.400000000,0.400000000,0.500000000,0.000000000
101.129495413,81.898150803,17.776127798,-0.394897355,0.886076908,-0.010939706,0.400000000,0.400000000,0.500000000,0.000000000
101.329481748,82.024633300,17.931036519,-0.391760204,0.888686187,0.013047320,0.400000000,0.400000000,0.500000000,0.000000000
101.529466913,82.150710429,18.086273833,-0.394929919,0.884728310,-0.019792841,0.400000000,0.400000000,0.500000000,0.000000000
101.729411589,82.277375330,18.240979607,-0.397616634,0.880629538,-0.020498529,0.400000000,0.400000000,0.500000000,0.000000000
101.929375552,82.404685549,18.395179785,-0.397409398,0.881409667,0.003901625,0.400000000,0.400000000,0.500000000,0.000000000
102.129311097,82.531857356,18.549457305,-0.407102640,0.880012976,-0.006985391,0.400000000,0.400000000,0.500000000,0.000000000
102.329264624,82.659255975,18.703570916,-0.406617185,0.869945890,-0.050352426,0.400000000,0.400000000,0.500000000,0.000000000
102.529174367,82.788171352,18.856360742,-0.407747934,0.868602751,-0.006718072,0.400000000,0.400000000,0.500000000,0.000000000
102.729123095,82.917317011,19.009007041,-0.411137954,0.869630780,0.005140861,0.400000000,0.400000000,0.500000000,0.000000000
102.929118620,83.046335866,19.161821783,-0.415478291,0.867318060,-0.011564367,0.400000000,0.400000000,0.500000000,0.000000000
103.129096529,83.175696398,19.314324297,-0.417392701,0.870473379,0.015778712,0.400000000,0.400000000,0.500000000,0.000000000
103.329064758,83.304568854,19.467226823,-0.419367840,0.874982368,0.022549846,0.400000000,0.400000000,0.500000000,0.000000000
103.529009227,83.432735336,19.620690641,-0.424787484,0.880352876,0.026857446,0.400000000,0.400000000,0.500000000,0.000000000
103.728991206,83.560099685,19.774869481,-0.423813974,0.882981938,0.013147323,0.400000000,0.400000000,0.500000000,0.000000000
103.928947945,83.687042224,19.929363135,-0.425906370,0.884943581,0.009809606,0.400000000,0.400000000,0.500000000,0.000000000
104.128934383,83.813700268,20.084128490,-0.429949280,0.886204739,0.006307057,0.400000000,0.400000000,0.500000000,0.000000000
104.328867591,83.940129367,20.239012223,-0.432855694,0.889801013,0.017987618,0.400000000,0.400000000,0.500000000,0.000000000
104.528795287,84.065997175,20.394345344,-0.435685371,0.890150241,0.001746640,0.400000000,0.400000000,0.500000000,0.000000000
104.728752420,84.191829253,20.549745290,-0.438708243,0.885392164,-0.023794687,0.400000000,0.400000000,0.500000000,0.000000000
104.928722594,84.318407564,20.704554856,-0.439901635,0.885125498,-0.001333634,0.400000000,0.400000000,0.500000000,0.000000000
105.128660238,84.445006555,20.859305485,-0.445630113,0.883940759,-0.005925241,0.400000000,0.400000000,0.500000000,0.000000000
105.328618164,84.571801658,21.013921701,-0.449314171,0.880877057,-0.015320694,0.400000000,0.400000000,0.500000000,0.000000000
105.528603146,84.699087082,21.168169597,-0.448242096,0.876093220,-0.023920635,0.400000000,0.400000000,0.500000000,0.000000000
105.728593528,84.827112402,21.321810967,-0.452859619,0.883105806,0.035068336,0.400000000,0.400000000,0.500000000,0.000000000
105.928540684,84.954029721,21.476312939,-0.453951122,0.880427212,-0.013397620,0.400000000,0.400000000,0.500000000,0.000000000
106.128454565,85.081339241,21.630448742,-0.461733902,0.872342777,-0.040432976,0.400000000,0.400000000,0.500000000,0.000000000
106.328432740,85.209932033,21.783599532,-0.462587181,0.868905071,-0.017194520,0.400000000,0.400000000,0.500000000,0.000000000
106.528315097,85.338988684,21.936234185,-0.469920994,0.869706712,0.004009475,0.400000000,0.400000000,0.500000000,0.000000000
106.728306011,85.467992961,22.089055199,-0.471252781,0.863860743,-0.029234239,0.400000000,0.400000000,0.500000000,0.000000000
106.928254393,85.597860790,22.241087111,-0.473098272,0.865075215,0.006073521,0.400000000,0.400000000,0.500000000,0.000000000
107.128229721,85.727561362,22.393297142,-0.481005553,0.875883592,0.054051218,0.400000000,0.400000000,0.500000000,0.000000000
107.328183349,85.855595351,22.546883439,-0.481384270,0.881182386,0.026500657,0.400000000,0.400000000,0.500000000,0.000000000
107.528128331,85.982808225,22.701139334,-0.485402275,0.887901840,0.033606468,0.400000000,0.400000000,0.500000000,0.000000000
107.728073116,86.108981594,22.856246387,-0.487284297,0.895260938,0.036806259,0.400000000,0.400000000,0.500000000,0.000000000
107.928010410,86.234005425,23.012271908,-0.491951168,0.899050606,0.018953635,0.400000000,0.400000000,0.500000000,0.000000000
108.127961139,86.358445435,23.168780622,-0.493176261,0.903517485,0.022337684,0.400000000,0.400000000,0.500000000,0.000000000
108.327951184,86.482209433,23.325874516,-0.494523922,0.916568496,0.065263089,0.400000000,0.400000000,0.500000000,0.000000000
108.527909073,86.603893144,23.484544712,-0.498012097,0.916904693,0.001682088,0.400000000,0.400000000,0.500000000,0.000000000
108.727688101,86.725414708,23.643113844,-0.500284562,0.912903303,-0.020017636,0.400000000,0.400000000,0.500000000,0.000000000
108.927695197,86.847709247,23.801375920,-0.508687886,0.915424606,0.012615419,0.400000000,0.400000000,0.500000000,0.000000000
109.127405550,86.969423519,23.959710569,-0.511991945,0.911793368,-0.018173834,0.400000000,0.400000000,0.500000000,0.000000000
109.327306594,87.091828704,24.117752962,-0.511633956,0.909132580,-0.013307924,0.400000000,0.400000000,0.500000000,0.000000000
109.527285664,87.214701913,24.275530662,-0.514640742,0.911106483,0.009872337,0.400000000,0.400000000,0.500000000,0.000000000
109.727192156,87.337218966,24.433493245,-0.514565645,0.913353528,0.011239643,0.400000000,0.400000000,0.500000000,0.000000000
109.927128369,87.459398922,24.591754256,-0.518040663,0.914748261,0.006977120,0.400000000,0.400000000,0.500000000,0.000000000
110.126993988,87.581314966,24.750129582,-0.522182573,0.910943713,-0.019032261,0.400000000,0.400000000,0.500000000,0.000000000
110.326927963,87.703874575,24.908093934,-0.526644936,0.897247667,-0.068499974,0.400000000,0.400000000,0.500000000,0.000000000
110.526875585,87.828594620,25.064375608,-0.530425677,0.888084272,-0.045828913,0.400000000,0.400000000,0.500000000,0.000000000
110.726822353,87.954740942,25.219507216,-0.530515175,0.879439984,-0.043229094,0.400000000,0.400000000,0.500000000,0.000000000
110.926803509,88.082245461,25.373569087,-0.535974841,0.877491223,-0.009744651,0.400000000,0.400000000,0.500000000,0.000000000
111.126787757,88.210051944,25.527384568,-0.540421022,0.879754200,0.011317153,0.400000000,0.400000000,0.500000000,0.000000000
111.326723314,88.337478987,25.681451358,-0.537497191,0.882925464,0.015862826,0.400000000,0.400000000,0.500000000,0.000000000
111.526623536,88.464394369,25.835894178,-0.544060865,0.890517627,0.037970615,0.400000000,0.400000000,0.500000000,0.000000000
111.726619128,88.590193538,25.991370240,-0.548045665,0.900460386,0.049720103,0.400000000,0.400000000,0.500000000,0.000000000
111.926571143,88.714413582,26.148055241,-0.548101512,0.902269482,0.009046894,0.400000000,0.400000000,0.500000000,0.000000000
112.126556520,88.838370642,26.304990890,-0.552636643,0.906278862,0.020048095,0.400000000,0.400000000,0.500000000,0.000000000
112.326547051,88.961700672,26.462426325,-0.552978250,0.910616184,0.021688699,0.400000000,0.400000000,0.500000000,0.000000000
112.526517625,89.084334457,26.620379436,-0.558296835,0.912240268,0.008122544,0.400000000,0.400000000,0.500000000,0.000000000
112.726442503,89.206683586,26.778495366,-0.561776173,0.917517215,0.026393423,0.400000000,0.400000000,0.500000000,0.000000000
112.926385479,89.328207646,26.937269093,-0.561501291,0.920056166,0.012700748,0.400000000,0.400000000,0.500000000,0.000000000
113.126253642,89.449282877,27.096291328,-0.563027498,0.923077912,0.015115081,0.400000000,0.400000000,0.500000000,0.000000000
113.326217284,89.569934639,27.255754836,-0.566334714,0.936575530,0.067496722,0.400000000,0.400000000,0.500000000,0.000000000
113.526199450,89.688434076,27.416847202,-0.568444141,0.936235005,-0.001703173,0.400000000,0.400000000,0.500000000,0.000000000
113.726087974,89.806932848,27.577823793,-0.569839250,0.932920465,-0.016581660,0.400000000,0.400000000,0.500000000,0.000000000
113.925983146,89.925968490,27.738412073,-0.575462580,0.934935335,0.010087024,0.400000000,0.400000000,0.500000000,0.000000000
114.125585292,90.044506308,27.899004111,-0.575773903,0.933485577,-0.007256004,0.400000000,0.400000000,0.500000000,0.000000000
114.325585310,90.163513568,28.059743898,-0.583016377,0.918097381,-0.076947338,0.400000000,0.400000000,0.500000000,0.000000000
114.525548298,90.284957647,28.218604001,-0.582274323,0.915360256,-0.013688595,0.400000000,0.400000000,0.500000000,0.000000000
114.725498447,90.406828264,28.377120923,-0.585583710,0.915650742,0.001452736,0.400000000,0.400000000,0.500000000,0.000000000
114.925464202,90.528662338,28.535685615,-0.588425165,0.910654751,-0.024989714,0.400000000,0.400000000,0.500000000,0.000000000
115.125341828,90.651233033,28.693570036,-0.590763275,0.909862912,-0.003960718,0.400000000,0.400000000,0.500000000,0.000000000
115.325310579,90.773984645,28.851429286,-0.594907748,0.913742299,0.019401688,0.400000000,0.400000000,0.500000000,0.000000000
115.525243587,90.896101108,29.009735247,-0.597091663,0.909549710,-0.020967071,0.400000000,0.400000000,0.500000000,0.000000000
115.725231566,91.018913964,29.167571219,-0.601612132,0.898747038,-0.054029243,0.400000000,0.400000000,0.500000000,0.000000000
115.925124038,91.143365210,29.323996562,-0.602519620,0.897898775,-0.004244923,0.400000000,0.400000000,0.500000000,0.000000000
116.124891520,91.267871200,29.480218536,-0.602658226,0.893373382,-0.022643995,0.400000000,0.400000000,0.500000000,0.000000000
116.324822838,91.393185569,29.636003134,-0.606060228,0.888165585,-0.026049091,0.400000000,0.400000000,0.500000000,0.000000000
116.524735901,91.519298014,29.791118845,-0.612908239,0.886328082,-0.009190789,0.400000000,0.400000000,0.500000000,0.000000000
116.724680362,91.645715123,29.946026889,-0.618805267,0.895956777,0.048157230,0.400000000,0.400000000,0.500000000,0.000000000
116.924620112,91.770631889,30.102141287,-0.620363304,0.894270056,-0.008435884,0.400000000,0.400000000,0.500000000,0.000000000
117.124572336,91.895819609,30.258054489,-0.620999702,0.894305808,0.000178819,0.400000000,0.400000000,0.500000000,0.000000000
117.324490182,92.020980232,30.413945360,-0.625548015,0.892955559,-0.006753557,0.400000000,0.400000000,0.500000000,0.000000000
117.524435495,92.146368457,30.569688486,-0.629520019,0.893717452,0.003810126,0.400000000,0.400000000,0.500000000,0.000000000
117.724420877,92.271663090,30.725558329,-0.633647483,0.894807546,0.005451567,0.400000000,0.400000000,0.500000000,0.000000000
117.924354920,92.396755614,30.881524613,-0.635832841,0.889642947,-0.025829333,0.400000000,0.400000000,0.500000000,0.000000000
118.124322215,92.522672909,31.036868599,-0.633643093,0.889785267,0.000711742,0.400000000,0.400000000,0.500000000,0.000000000
118.324273202,92.648557826,31.192217834,-0.636750427,0.896305553,0.032611864,0.400000000,0.400000000,0.500000000,0.000000000
118.524193544,92.773408016,31.348360632,-0.641887520,0.899941491,0.018191705,0.400000000,0.400000000,0.500000000,0.000000000
118.724008834,92.897624349,31.504874058,-0.649281369,0.898232771,-0.008548890,0.400000000,0.400000000,0.500000000,0.000000000
118.923945998,93.022183866,31.661270338,-0.655506424,0.915220924,0.084955117,0.400000000,0.400000000,0.500000000,0.000000000
119.123936443,93.144101134,31.819802221,-0.657398884,0.909742230,-0.027399628,0.400000000,0.400000000,0.500000000,0.000000000
119.323855592,93.266841344,31.977607503,-0.656977238,0.908783609,-0.004796966,0.400000000,0.400000000,0.500000000,0.000000000
119.523614465,93.389634250,32.135168633,-0.660960475,0.909434084,0.003255710,0.400000000,0.400000000,0.500000000,0.000000000
119.723445922,93.512369220,32.292866883,-0.662145023,0.911848997,0.012083923,0.400000000,0.400000000,0.500000000,0.000000000
119.923304543,93.634739639,32.450882544,-0.672950604,0.900327203,-0.057645530,0.400000000,0.400000000,0.500000000,0.000000000
120.123190001,93.758939193,32.607498850,-0.677494615,0.905704480,0.026903223,0.400000000,0.400000000,0.500000000,0.000000000
120.323053705,93.882281361,32.764763625,-0.674676106,0.902957725,-0.013739046,0.400000000,0.400000000,0.500000000,0.000000000
120.523036433,94.006128743,32.921782470,-0.677678620,0.901950933,-0.005034335,0.400000000,0.400000000,0.500000000,0.000000000
120.723023867,94.130137064,33.078680239,-0.684842270,0.904740310,0.013947866,0.400000000,0.400000000,0.500000000,0.000000000
120.923008089,94.253705273,33.235920778,-0.681898216,0.898141900,-0.032995409,0.400000000,0.400000000,0.500000000,0.000000000
121.122982420,94.378302158,33.392334809,-0.688884141,0.903660577,0.027612994,0.400000000,0.400000000,0.500000000,0.000000000
121.322723565,94.501889670,33.549250874,-0.695595108,0.904497447,0.004188329,0.400000000,0.400000000,0.500000000,0.000000000
121.522602371,94.625430907,33.706378530,-0.696955592,0.916018967,0.057643212,0.400000000,0.400000000,0.500000000,0.000000000
121.722474220,94.747149398,33.864913589,-0.702553781,0.910530897,-0.027457103,0.400000000,0.400000000,0.500000000,0.000000000
121.922357829,94.869743316,34.022787552,-0.701563750,0.920647700,0.050606086,0.400000000,0.400000000,0.500000000,0.000000000
122.122298096,94.990768103,34.181938774,-0.706994355,0.918499413,-0.010747297,0.400000000,0.400000000,0.500000000,0.000000000
122.322139682,95.112074613,34.340751212,-0.708130759,0.917310937,-0.005947117,0.400000000,0.400000000,0.500000000,0.000000000
122.521979246,95.233568551,34.499417761,-0.712741700,0.906731712,-0.052921335,0.400000000,0.400000000,0.500000000,0.000000000
122.721947278,95.356813407,34.656891312,-0.707498781,0.913790598,0.035297641,0.400000000,0.400000000,0.500000000,0.000000000
122.921941999,95.478959914,34.815252038,-0.715439909,0.912122685,-0.008343519,0.400000000,0.400000000,0.500000000,0.000000000
123.121757716,95.601260821,34.973267255,-0.717171554,0.906865572,-0.026300489,0.400000000,0.400000000,0.500000000,0.000000000
123.321714550,95.724477696,35.130748483,-0.718015588,0.901724811,-0.025712342,0.400000000,0.400000000,0.500000000,0.000000000
123.521624434,95.848473391,35.287557377,-0.726934651,0.902987401,0.006317405,0.400000000,0.400000000,0.500000000,0.000000000
123.721432555,95.972207984,35.444442799,-0.727573968,0.904566580,0.007902633,0.400000000,0.400000000,0.500000000,0.000000000
123.921283161,96.095720930,35.601556826,-0.728487416,0.899316340,-0.026271408,0.400000000,0.400000000,0.500000000,0.000000000
124.121124371,96.220051210,35.758012860,-0.733034845,0.899018557,-0.001490586,0.400000000,0.400000000,0.500000000,0.000000000
124.320835070,96.344346847,35.914329710,-0.744463844,0.905761228,0.033754540,0.400000000,0.400000000,0.500000000,0.000000000
124.520635552,96.467641077,36.071551736,-0.743484392,0.904052425,-0.008549189,0.400000000,0.400000000,0.500000000,0.000000000
124.720592933,96.591300821,36.228686145,-0.742313220,0.888772663,-0.076432888,0.400000000,0.400000000,0.500000000,0.000000000
124.920453315,96.717285866,36.383837491,-0.741082998,0.887257342,-0.007582541,0.400000000,0.400000000,0.500000000,0.000000000
125.120279870,96.843484508,36.538771525,-0.740373059,0.886663231,-0.002972103,0.400000000,0.400000000,0.500000000,0.000000000
125.320244962,96.969862732,36.693737917,-0.740098958,0.883758986,-0.014522471,0.400000000,0.400000000,0.500000000,0.000000000
125.520245300,97.096712837,36.848363872,-0.742469545,0.882190068,-0.007845084,0.400000000,0.400000000,0.500000000,0.000000000
125.720219925,97.223789041,37.002770766,-0.749249551,0.883285214,0.005476966,0.400000000,0.400000000,0.500000000,0.000000000
125.920155040,97.350670998,37.157286200,-0.747576908,0.887586983,0.021515167,0.400000000,0.400000000,0.500000000,0.000000000
126.120102077,97.476894619,37.312355266,-0.736393493,0.888267407,0.003408407,0.400000000,0.400000000,0.500000000,0.000000000
126.319417059,97.602614025,37.467019718,-0.756552623,0.883676382,-0.022995260,0.400000000,0.400000000,0.500000000,0.000000000
126.519403519,97.729468099,37.621624466,-0.765715208,0.894257907,0.052946728,0.400000000,0.400000000,0.500000000,0.000000000
126.719119781,97.854509978,37.777352158,-0.753996064,0.901119127,0.034356764,0.400000000,0.400000000,0.500000000,0.000000000
126.918812847,97.978466042,37.933915931,-0.766790717,0.896376475,-0.023742375,0.400000000,0.400000000,0.500000000,0.000000000
127.118628887,98.103240026,38.089986115,-0.754827302,0.892048261,-0.021662373,0.400000000,0.400000000,0.500000000,0.000000000
127.318419170,98.228672174,38.245494744,-0.764917499,0.898103975,0.030307103,0.400000000,0.400000000,0.500000000,0.000000000
127.518251692,98.353186631,38.401793134,-0.779198785,0.892045794,-0.030305287,0.400000000,0.400000000,0.500000000,0.000000000
127.718228718,98.478736404,38.557446805,-0.785542126,0.892532822,0.002435897,0.400000000,0.400000000,0.500000000,0.000000000
127.918127262,98.604161111,38.713100494,-0.777875735,0.903482529,0.054772949,0.400000000,0.400000000,0.500000000,0.000000000
128.118048439,98.727887978,38.870135965,-0.780387021,0.914308979,0.054144504,0.400000000,0.400000000,0.500000000,0.000000000
128.318034786,98.849947267,39.028553355,-0.782496068,0.919937798,0.028148083,0.400000000,0.400000000,0.500000000,0.000000000
128.517991212,98.971094795,39.187631476,-0.784516003,0.921271384,0.006669288,0.400000000,0.400000000,0.500000000,0.000000000
128.717953240,99.092033460,39.346875477,-0.792749636,0.919416794,-0.009275064,0.400000000,0.400000000,0.500000000,0.000000000
128.917899933,99.213257952,39.505882718,-0.795253421,0.907698317,-0.058615202,0.400000000,0.400000000,0.500000000,0.000000000
129.117795255,99.336305777,39.663418022,-0.792133923,0.902193969,-0.027538437,0.400000000,0.400000000,0.500000000,0.000000000
129.317656846,99.460197955,39.820247178,-0.799589978,0.895309521,-0.034435275,0.400000000,0.400000000,0.500000000,0.000000000
129.517643070,99.585244800,39.976316958,-0.803736933,0.898681733,0.016863984,0.400000000,0.400000000,0.500000000,0.000000000
129.717587285,99.709738479,40.132774663,-0.809520437,0.902782740,0.020512787,0.400000000,0.400000000,0.500000000,0.000000000
129.917491667,99.833564804,40.289710328,-0.813509179,0.908365638,0.027925405,0.400000000,0.400000000,0.500000000,0.000000000
130.117430429,99.956534193,40.447361962,-0.811510676,0.920801199,0.062193206,0.400000000,0.400000000,0.500000000,0.000000000
130.317390010,100.077546238,40.606547135,-0.811768126,0.924033248,0.016172591,0.400000000,0.400000000,0.500000000,0.000000000
130.517124934,100.197907777,40.765943307,-0.813422853,0.920874550,-0.015810012,0.400000000,0.400000000,0.500000000,0.000000000
130.716971848,100.318839967,40.925047657,-0.818067951,0.917250860,-0.018130356,0.400000000,0.400000000,0.500000000,0.000000000
130.916862057,100.440374231,41.083747117,-0.821197117,0.918270776,0.005101478,0.400000000,0.400000000,0.500000000,0.000000000
131.116822961,100.561789497,41.242626620,-0.822535568,0.910358653,-0.039567887,0.400000000,0.400000000,0.500000000,0.000000000
131.316787474,100.684460238,41.400543357,-0.827153881,0.906075558,-0.021420664,0.400000000,0.400000000,0.500000000,0.000000000
131.516725738,100.807790031,41.557912576,-0.823057316,0.899372052,-0.033525221,0.400000000,0.400000000,0.500000000,0.000000000
131.716694977,100.932191242,41.714475776,-0.822311673,0.898129573,-0.006213304,0.400000000,0.400000000,0.500000000,0.000000000
131.916667258,101.056788778,41.870886668,-0.825218281,0.887894926,-0.051187367,0.400000000,0.400000000,0.500000000,0.000000000
132.116582795,101.182944763,42.025970160,-0.827368772,0.879915321,-0.039921829,0.400000000,0.400000000,0.500000000,0.000000000
132.316427702,101.310289216,42.179987616,-0.830250932,0.876446592,-0.017355334,0.400000000,0.400000000,0.500000000,0.000000000
132.516313148,101.438193088,42.333593577,-0.832844880,0.869434172,-0.035075996,0.400000000,0.400000000,0.500000000,0.000000000
132.716268422,101.567216013,42.486352199,-0.836580368,0.862134072,-0.036510771,0.400000000,0.400000000,0.500000000,0.000000000
132.916199701,101.697335026,42.638146660,-0.838644684,0.862827212,0.003466428,0.400000000,0.400000000,0.500000000,0.000000000
133.116184009,101.827383279,42.790071562,-0.840661071,0.860049864,-0.013888554,0.400000000,0.400000000,0.500000000,0.000000000
133.316147365,101.957839308,42.941618809,-0.837998265,0.855985609,-0.020326934,0.400000000,0.400000000,0.500000000,0.000000000
133.516072320,102.088885014,43.092605599,-0.844323044,0.852893351,-0.015466422,0.400000000,0.400000000,0.500000000,0.000000000
133.716014469,102.220408292,43.243199390,-0.842532986,0.850442077,-0.012260330,0.400000000,0.400000000,0.500000000,0.000000000
133.915942997,102.352291338,43.393460093,-0.846035277,0.850055940,-0.001931074,0.400000000,0.400000000,0.500000000,0.000000000
134.115934242,102.484273783,43.543716980,-0.849603652,0.847038384,-0.015088564,0.400000000,0.400000000,0.500000000,0.000000000
134.315922150,102.616706826,43.693572418,-0.852181049,0.842204248,-0.024172953,0.400000000,0.400000000,0.500000000,0.000000000
134.515896177,102.749853498,43.842775552,-0.853822078,0.848152258,0.029748186,0.400000000,0.400000000,0.500000000,0.000000000
134.715812152,102.882071965,43.992724458,-0.848433645,0.851330359,0.015895802,0.400000000,0.400000000,0.500000000,0.000000000
134.915762635,103.013835952,44.143118764,-0.859803885,0.864967908,0.068225351,0.400000000,0.400000000,0.500000000,0.000000000
135.115588588,103.143455962,44.295201190,-0.862774238,0.891116579,0.130869068,0.400000000,0.400000000,0.500000000,0.000000000
135.315367007,103.269025483,44.450583661,-0.860525013,0.916540957,0.127345222,0.400000000,0.400000000,0.500000000,0.000000000
135.514876331,103.390440583,44.608894570,-0.866386567,0.935018862,0.092535155,0.400000000,0.400000000,0.500000000,0.000000000
135.714731809,103.509115415,44.769700342,-0.868204033,0.949087564,0.070373629,0.400000000,0.400000000,0.500000000,0.000000000
135.914701842,103.625582969,44.932252866,-0.872606639,0.953595711,0.022551892,0.400000000,0.400000000,0.500000000,0.000000000
136.114533568,103.741236485,45.095215999,-0.873481320,0.948847103,-0.023762500,0.400000000,0.400000000,0.500000000,0.000000000
136.314373842,103.857667523,45.257635051,-0.872976308,0.943103493,-0.028733185,0.400000000,0.400000000,0.500000000,0.000000000
136.514322314,103.975093049,45.419470267,-0.871757464,0.933981200,-0.045623822,0.400000000,0.400000000,0.500000000,0.000000000
136.714264133,104.093986022,45.580222226,-0.873696417,0.934980046,0.004995597,0.400000000,0.400000000,0.500000000,0.000000000
136.914212961,104.212722530,45.741098500,-0.875515685,0.927279397,-0.038515892,0.400000000,0.400000000,0.500000000,0.000000000
137.114131821,104.332676376,45.901031690,-0.873591372,0.915751889,-0.057655027,0.400000000,0.400000000,0.500000000,0.000000000
137.314089411,104.454489437,46.059602229,-0.877248027,0.914151121,-0.008007623,0.400000000,0.400000000,0.500000000,0.000000000
137.513943016,104.576492698,46.217895211,-0.881726838,0.906371333,-0.038919062,0.400000000,0.400000000,0.500000000,0.000000000
137.713881562,104.699776114,46.375301123,-0.882895027,0.904948950,-0.007116297,0.400000000,0.400000000,0.500000000,0.000000000
137.913696667,104.823207045,46.532434447,-0.885610772,0.906534337,0.007933795,0.400000000,0.400000000,0.500000000,0.000000000
138.113535506,104.946403335,46.689781947,-0.886550157,0.904508855,-0.010135022,0.400000000,0.400000000,0.500000000,0.000000000
138.313396053,105.069931494,46.846896657,-0.887348873,0.896403109,-0.040556874,0.400000000,0.400000000,0.500000000,0.000000000
138.513256873,105.194729284,47.003005143,-0.892802368,0.898464650,0.010316956,0.400000000,0.400000000,0.500000000,0.000000000
138.713037313,105.319154922,47.159307684,-0.893320717,0.896528868,-0.009685235,0.400000000,0.400000000,0.500000000,0.000000000
138.912995459,105.443993841,47.315507891,-0.896866235,0.886523645,-0.050047250,0.400000000,0.400000000,0.500000000,0.000000000
139.112866728,105.570334388,47.470383939,-0.895982573,0.886440122,-0.000417895,0.400000000,0.400000000,0.500000000,0.000000000
139.312730107,105.696682882,47.625243321,-0.899198392,0.886539705,0.000498223,0.400000000,0.400000000,0.500000000,0.000000000
139.512619769,105.823032568,47.780135651,-0.900399430,0.881620284,-0.024608082,0.400000000,0.400000000,0.500000000,0.000000000
139.712551271,105.950169309,47.934436833,-0.904107848,0.859661966,-0.109813188,0.400000000,0.400000000,0.500000000,0.000000000
139.912533060,106.080696144,48.085947430,-0.903931972,0.857956278,-0.008532130,0.400000000,0.400000000,0.500000000,0.000000000
140.112378287,106.211391910,48.237131860,-0.902816780,0.854245100,-0.018565183,0.400000000,0.400000000,0.500000000,0.000000000
140.312332630,106.342719513,48.387912495,-0.909673803,0.846841687,-0.037028619,0.400000000,0.400000000,0.500000000,0.000000000
140.512252530,106.475136984,48.537690930,-0.907184463,0.846157848,-0.003420079,0.400000000,0.400000000,0.500000000,0.000000000
140.712229293,106.607694541,48.687421354,-0.910631969,0.851966235,0.029045725,0.400000000,0.400000000,0.500000000,0.000000000
140.912199786,106.739376046,48.837914474,-0.911756425,0.849272706,-0.013469789,0.400000000,0.400000000,0.500000000,0.000000000
141.112165493,106.871459269,48.988048768,-0.916977737,0.846090780,-0.015914897,0.400000000,0.400000000,0.500000000,0.000000000
141.312067252,107.003977146,49.137714146,-0.913360245,0.848634877,0.012727715,0.400000000,0.400000000,0.500000000,0.000000000
141.511938177,107.136093451,49.287693041,-0.922710573,0.865497241,0.084368135,0.400000000,0.400000000,0.500000000,0.000000000
141.711795516,107.265653287,49.439867956,-0.921699085,0.882673401,0.086013690,0.400000000,0.400000000,0.500000000,0.000000000
141.911315260,107.392365957,49.593984884,-0.929534323,0.902191780,0.097783444,0.400000000,0.400000000,0.500000000,0.000000000
142.111005617,107.516152331,49.750679403,-0.931528563,0.918078372,0.079498184,0.400000000,0.400000000,0.500000000,0.000000000
142.310982869,107.637608093,49.909548530,-0.935748086,0.933709895,0.078199703,0.400000000,0.400000000,0.500000000,0.000000000
142.510786269,107.756462334,50.070156960,-0.932720020,0.927944927,-0.028841882,0.400000000,0.400000000,0.500000000,0.000000000
142.710745963,107.876334193,50.230202631,-0.935925947,0.924976594,-0.014845895,0.400000000,0.400000000,0.500000000,0.000000000
142.910672172,107.996660438,50.389865036,-0.941266942,0.919675467,-0.026513793,0.400000000,0.400000000,0.500000000,0.000000000
143.110622417,108.117845948,50.548906454,-0.946666840,0.915158871,-0.022588896,0.400000000,0.400000000,0.500000000,0.000000000
143.310567073,108.239745137,50.707394477,-0.947386375,0.913004102,-0.010776147,0.400000000,0.400000000,0.500000000,0.000000000
143.510536773,108.362000859,50.865639285,-0.946551278,0.913910404,0.004532781,0.400000000,0.400000000,0.500000000,0.000000000
143.710454705,108.484081501,51.023953833,-0.949022602,0.911907997,-0.010014627,0.400000000,0.400000000,0.500000000,0.000000000
143.910433113,108.606515934,51.182071426,-0.953509863,0.908806046,-0.015513245,0.400000000,0.400000000,0.500000000,0.000000000
144.110364630,108.729411427,51.339771488,-0.954731700,0.900835371,-0.039873109,0.400000000,0.400000000,0.500000000,0.000000000
144.310234100,108.853521451,51.496438354,-0.956930052,0.898291031,-0.012729532,0.400000000,0.400000000,0.500000000,0.000000000
144.510118322,108.978038875,51.652800477,-0.962183687,0.902532711,0.021221539,0.400000000,0.400000000,0.500000000,0.000000000
144.709986146,109.101881783,51.809676482,-0.962701225,0.906809283,0.021403195,0.400000000,0.400000000,0.500000000,0.000000000
144.909737971,109.224981183,51.966989322,-0.961890651,0.912763809,0.029797907,0.400000000,0.400000000,0.500000000,0.000000000
145.109646265,109.347237373,52.125156164,-0.960232413,0.923206033,0.052228316,0.400000000,0.400000000,0.500000000,0.000000000
145.309604448,109.467865411,52.284630774,-0.967055290,0.919851365,-0.016776627,0.400000000,0.400000000,0.500000000,0.000000000
145.509567720,109.589030837,52.443703870,-0.972347519,0.912951221,-0.034507126,0.400000000,0.400000000,0.500000000,0.000000000
145.709529415,109.711290032,52.601935878,-0.973724813,0.908509902,-0.022216835,0.400000000,0.400000000,0.500000000,0.000000000
145.909383052,109.834184332,52.759538123,-0.976342135,0.907501287,-0.005047562,0.400000000,0.400000000,0.500000000,0.000000000
146.109173676,109.957198730,52.916966681,-0.983242158,0.900151120,-0.036800883,0.400000000,0.400000000,0.500000000,0.000000000
146.308838173,110.081288535,53.073388009,-0.989905230,0.904584800,0.022188359,0.400000000,0.400000000,0.500000000,0.000000000
146.508813555,110.204875732,53.230602380,-0.994082949,0.911230167,0.033232351,0.400000000,0.400000000,0.500000000,0.000000000
146.708771025,110.327404483,53.388620400,-0.995518188,0.914967164,0.018692858,0.400000000,0.400000000,0.500000000,0.000000000
146.908644878,110.449290876,53.547028936,-0.992199303,0.908964991,-0.030022033,0.400000000,0.400000000,0.500000000,0.000000000
147.108621597,110.572189081,53.704784188,-0.995394745,0.914274645,0.026558256,0.400000000,0.400000000,0.500000000,0.000000000
147.308494008,110.694184266,53.863107135,-1.004213862,0.915538770,0.006322922,0.400000000,0.400000000,0.500000000,0.000000000
147.508476162,110.816046087,54.021671187,-1.004551653,0.913158465,-0.011912348,0.400000000,0.400000000,0.500000000,0.000000000
147.708130462,110.938084593,54.179685245,-1.006294296,0.911449210,-0.008554764,0.400000000,0.400000000,0.500000000,0.000000000
147.908079176,111.060573365,54.337723180,-1.006982456,0.915331803,0.019416540,0.400000000,0.400000000,0.500000000,0.000000000
148.108056549,111.182465086,54.496258217,-1.015394385,0.919319569,0.019943366,0.400000000,0.400000000,0.500000000,0.000000000
148.307987935,111.303695755,54.655241500,-1.017147238,0.913455415,-0.029332295,0.400000000,0.400000000,0.500000000,0.000000000
148.507898852,111.425844130,54.813494933,-1.016479458,0.912715893,-0.003699795,0.400000000,0.400000000,0.500000000,0.000000000
148.707751772,111.548074032,54.971612107,-1.018268630,0.910473190,-0.011221408,0.400000000,0.400000000,0.500000000,0.000000000
148.907617327,111.670665986,55.129464737,-1.019304268,0.913083549,0.013064140,0.400000000,0.400000000,0.500000000,0.000000000
149.107373620,111.792778679,55.287550369,-1.028388634,0.905660373,-0.037146501,0.400000000,0.400000000,0.500000000,0.000000000
149.307286681,111.916158245,55.444848539,-1.034325428,0.910566755,0.024544707,0.400000000,0.400000000,0.500000000,0.000000000
149.507164704,112.038743076,55.602722487,-1.033915527,0.906759831,-0.019043745,0.400000000,0.400000000,0.500000000,0.000000000
149.707094781,112.161960112,55.760169614,-1.036567038,0.903555753,-0.016024216,0.400000000,0.400000000,0.500000000,0.000000000
149.907068992,112.285708299,55.917255805,-1.039287365,0.896484423,-0.035381073,0.400000000,0.400000000,0.500000000,0.000000000
150.106817852,112.410423490,56.073286981,-1.041943276,0.901731536,0.026252660,0.400000000,0.400000000,0.500000000,0.000000000
150.306808040,112.534467940,56.230159699,-1.044742523,0.898968087,-0.013822195,0.400000000,0.400000000,0.500000000,0.000000000
150.506674386,112.658868344,56.386592100,-1.050111063,0.895716872,-0.016262624,0.400000000,0.400000000,0.500000000,0.000000000
150.706646850,112.783843004,56.542702063,-1.053058360,0.887756994,-0.039809699,0.400000000,0.400000000,0.500000000,0.000000000
150.906569732,112.910025014,56.697773849,-1.053400549,0.882870433,-0.024446234,0.400000000,0.400000000,0.500000000,0.000000000
151.106426729,113.036921450,56.852176290,-1.055648851,0.876826491,-0.030233233,0.400000000,0.400000000,0.500000000,0.000000000
151.306390206,113.164816866,57.005890814,-1.056405939,0.871633889,-0.025970538,0.400000000,0.400000000,0.500000000,0.000000000
151.506310361,113.293480852,57.158906001,-1.066096376,0.872260531,0.003134080,0.400000000,0.400000000,0.500000000,0.000000000
151.706279367,113.422080342,57.312039193,-1.065405272,0.884091098,0.059171506,0.400000000,0.400000000,0.500000000,0.000000000
151.906181814,113.548817024,57.466631565,-1.063287078,0.892558059,0.042350158,0.400000000,0.400000000,0.500000000,0.000000000
152.106133167,113.674270937,57.622329540,-1.066716040,0.897651776,0.025473228,0.400000000,0.400000000,0.500000000,0.000000000
152.306108439,113.798945056,57.778683220,-1.067761298,0.907028833,0.046891594,0.400000000,0.400000000,0.500000000,0.000000000
152.506077878,113.922143985,57.936194491,-1.075219497,0.924032948,0.085031459,0.400000000,0.400000000,0.500000000,0.000000000
152.706052436,114.042649977,58.095781864,-1.074242454,0.932908634,0.044403157,0.400000000,0.400000000,0.500000000,0.000000000
152.905853801,114.161631658,58.256293375,-1.074602324,0.952239340,0.096726478,0.400000000,0.400000000,0.500000000,0.000000000
153.105744546,114.277540329,58.419147574,-1.073452875,0.962876016,0.053209941,0.400000000,0.400000000,0.500000000,0.000000000
153.305652242,114.391719930,58.583239334,-1.082748126,0.972626952,0.048776242,0.400000000,0.400000000,0.500000000,0.000000000
153.505566153,114.504297581,58.748441768,-1.078803656,0.973917961,0.006457048,0.400000000,0.400000000,0.500000000,0.000000000
153.705528177,114.616688901,58.913829198,-1.083088215,0.981255812,0.036692852,0.400000000,0.400000000,0.500000000,0.000000000
153.905526000,114.727883523,59.080066635,-1.083994320,0.973341084,-0.039580941,0.400000000,0.400000000,0.500000000,0.000000000
154.105453351,114.840350729,59.245360534,-1.086564596,0.966521992,-0.034105647,0.400000000,0.400000000,0.500000000,0.000000000
154.305405729,114.953956685,59.409904268,-1.087389289,0.961453758,-0.025351026,0.400000000,0.400000000,0.500000000,0.000000000
154.505297387,115.068360372,59.573820317,-1.094183754,0.955275989,-0.030898429,0.400000000,0.400000000,0.500000000,0.000000000
154.705281048,115.183827627,59.737101602,-1.097422119,0.947702186,-0.037872998,0.400000000,0.400000000,0.500000000,0.000000000
154.905254367,115.300522183,59.899495286,-1.095118054,0.942729454,-0.024866011,0.400000000,0.400000000,0.500000000,0.000000000
155.105242821,115.418031727,60.061318922,-1.097161325,0.941200025,-0.007648005,0.400000000,0.400000000,0.500000000,0.000000000
155.305209354,115.535775723,60.222944927,-1.103662527,0.936877810,-0.021614780,0.400000000,0.400000000,0.500000000,0.000000000
155.505173910,115.654216028,60.384058916,-1.113413021,0.933227610,-0.018253334,0.400000000,0.400000000,0.500000000,0.000000000
155.705158044,115.773255296,60.544755235,-1.117206613,0.924329160,-0.044497228,0.400000000,0.400000000,0.500000000,0.000000000
155.905127832,115.893711138,60.704374489,-1.118128965,0.916822541,-0.037538820,0.400000000,0.400000000,0.500000000,0.000000000
156.105096068,116.015360831,60.863083807,-1.123574164,0.917713737,0.004456769,0.400000000,0.400000000,0.500000000,0.000000000
156.305056589,116.136864348,61.021895348,-1.123097653,0.913141226,-0.022866752,0.400000000,0.400000000,0.500000000,0.000000000
156.505022253,116.259095903,61.180153724,-1.125134178,0.905540784,-0.038010027,0.400000000,0.400000000,0.500000000,0.000000000
156.704973384,116.382517778,61.337467090,-1.127841822,0.900507783,-0.025172867,0.400000000,0.400000000,0.500000000,0.000000000
156.904896889,116.506712684,61.494135637,-1.130208912,0.897629800,-0.014393711,0.400000000,0.400000000,0.500000000,0.000000000
157.104867748,116.631387488,61.650483127,-1.137069718,0.890571013,-0.035296560,0.400000000,0.400000000,0.500000000,0.000000000
157.304866295,116.757180216,61.805968202,-1.139504185,0.886873805,-0.018487078,0.400000000,0.400000000,0.500000000,0.000000000
157.504845070,116.883534450,61.960971808,-1.142006485,0.883161369,-0.018564872,0.400000000,0.400000000,0.500000000,0.000000000
157.704808121,117.010453273,62.115493115,-1.144264669,0.881784545,-0.006885109,0.400000000,0.400000000,0.500000000,0.000000000
157.904787510,117.137595111,62.269852141,-1.147874846,0.874983872,-0.034007179,0.400000000,0.400000000,0.500000000,0.000000000
158.104762489,117.265780920,62.423339569,-1.147899671,0.870702721,-0.021412144,0.400000000,0.400000000,0.500000000,0.000000000
158.304667881,117.394577821,62.576223591,-1.152944551,0.867642008,-0.015309414,0.400000000,0.400000000,0.500000000,0.000000000
158.504609488,117.523865469,62.728740312,-1.146356852,0.860913590,-0.033651310,0.400000000,0.400000000,0.500000000,0.000000000
158.704557537,117.654180578,62.880388572,-1.153854833,0.860943131,0.000147736,0.400000000,0.400000000,0.500000000,0.000000000
158.904526467,117.784504815,63.032056518,-1.156620370,0.860683529,-0.001298368,0.400000000,0.400000000,0.500000000,0.000000000
159.104448175,117.914837637,63.183654819,-1.156117964,0.856018847,-0.023329708,0.400000000,0.400000000,0.500000000,0.000000000
159.304418091,118.045907794,63.334679921,-1.159511944,0.850138625,-0.029405231,0.400000000,0.400000000,0.500000000,0.000000000
159.504391580,118.177866099,63.484934379,-1.162244736,0.852808094,0.013348962,0.400000000,0.400000000,0.500000000,0.000000000
159.704369537,118.309425773,63.635543925,-1.165581894,0.851428219,-0.006903271,0.400000000,0.400000000,0.500000000,0.000000000
159.904165712,118.441073367,63.785835051,-1.168704772,0.852693486,0.006330262,0.400000000,0.400000000,0.500000000,0.000000000
160.104121473,118.572635698,63.936412803,-1.173132398,0.852237890,-0.002278301,0.400000000,0.400000000,0.500000000,0.000000000
160.304109154,118.704287631,64.086954629,-1.175409811,0.851339984,-0.004490219,0.400000000,0.400000000,0.500000000,0.000000000
160.504060011,118.836050416,64.237350484,-1.185144021,0.853752015,0.012063731,0.400000000,0.400000000,0.500000000,0.000000000
160.703990416,118.967436619,64.388048302,-1.185855767,0.856062995,0.011557934,0.400000000,0.400000000,0.500000000,0.000000000
160.903954924,119.098496565,64.539075106,-1.184914348,0.869994862,0.069681070,0.400000000,0.400000000,0.500000000,0.000000000
161.103862409,119.227403003,64.691869519,-1.187720584,0.886866663,0.084426844,0.400000000,0.400000000,0.500000000,0.000000000
161.303628781,119.353624139,64.846707590,-1.191246063,0.909799850,0.114785323,0.400000000,0.400000000,0.500000000,0.000000000
161.503437606,119.476287527,65.004432857,-1.198382642,0.923438078,0.068231576,0.400000000,0.400000000,0.500000000,0.000000000
161.703388644,119.596874247,65.163929755,-1.200856425,0.938278097,0.074215918,0.400000000,0.400000000,0.500000000,0.000000000
161.903348644,119.715086137,65.325205763,-1.201049522,0.943251841,0.024873047,0.400000000,0.400000000,0.500000000,0.000000000
162.103318673,119.832500311,65.487075846,-1.203777438,0.946449044,0.015987974,0.400000000,0.400000000,0.500000000,0.000000000
162.303299480,119.949402656,65.649329244,-1.207308244,0.943687110,-0.013811506,0.400000000,0.400000000,0.500000000,0.000000000
162.503265428,120.066743967,65.811247115,-1.209278948,0.943945804,0.001293623,0.400000000,0.400000000,0.500000000,0.000000000
162.703252244,120.184055629,65.973212237,-1.207633824,0.938746061,-0.026003719,0.400000000,0.400000000,0.500000000,0.000000000
162.903187969,120.302177693,66.134523960,-1.211840574,0.930510233,-0.041189029,0.400000000,0.400000000,0.500000000,0.000000000
163.103155091,120.421643029,66.294882569,-1.213989976,0.926644637,-0.019333819,0.400000000,0.400000000,0.500000000,0.000000000
163.303066901,120.541694137,66.454733948,-1.215931521,0.923930202,-0.013578124,0.400000000,0.400000000,0.500000000,0.000000000
163.502979717,120.662179314,66.614259671,-1.214795711,0.914066174,-0.049334420,0.400000000,0.400000000,0.500000000,0.000000000
163.702949501,120.784266951,66.772634300,-1.218753733,0.917198882,0.015667829,0.400000000,0.400000000,0.500000000,0.000000000
163.902869990,120.905827875,66.931351482,-1.221683069,0.923849720,0.033265518,0.400000000,0.400000000,0.500000000,0.000000000
164.102812557,121.026343823,67.090891245,-1.220064897,0.922143145,-0.008537408,0.400000000,0.400000000,0.500000000,0.000000000
164.302657637,121.147072970,67.250147421,-1.225806622,0.919784635,-0.011798587,0.400000000,0.400000000,0.500000000,0.000000000
164.502607776,121.268241052,67.409201983,-1.222652801,0.930261378,0.052396888,0.400000000,0.400000000,0.500000000,0.000000000
164.702555238,121.387734541,67.569515094,-1.226448324,0.922608890,-0.038272563,0.400000000,0.400000000,0.500000000,0.000000000
164.902500986,121.508450279,67.728907732,-1.232724634,0.911112314,-0.057501896,0.400000000,0.400000000,0.500000000,0.000000000
165.102420753,121.630974546,67.886881519,-1.237285985,0.907364263,-0.018750231,0.400000000,0.400000000,0.500000000,0.000000000
165.302287892,121.754057634,68.044353504,-1.237189783,0.905528902,-0.009180884,0.400000000,0.400000000,0.500000000,0.000000000
165.502242982,121.877483823,68.201668520,-1.239014584,0.901148512,-0.021905449,0.400000000,0.400000000,0.500000000,0.000000000
165.702223754,122.001613868,68.358461508,-1.238415791,0.900296808,-0.004259728,0.400000000,0.400000000,0.500000000,0.000000000
165.902129442,122.125830753,68.515089888,-1.244869633,0.907791203,0.037482658,0.400000000,0.400000000,0.500000000,0.000000000
166.102108808,122.248915674,68.672702861,-1.246817381,0.901912335,-0.029400252,0.400000000,0.400000000,0.500000000,0.000000000
166.302048429,122.372900402,68.829558333,-1.247708912,0.900719890,-0.005964211,0.400000000,0.400000000,0.500000000,0.000000000
166.501975557,122.497064325,68.986256058,-1.253252097,0.895810694,-0.024558229,0.400000000,0.400000000,0.500000000,0.000000000
166.701848499,122.621962148,69.142300047,-1.259131745,0.895098893,-0.003560278,0.400000000,0.400000000,0.500000000,0.000000000
166.901832861,122.747040699,69.298342033,-1.263189482,0.890118921,-0.024907720,0.400000000,0.400000000,0.500000000,0.000000000
167.101721808,122.872834733,69.453685047,-1.256775538,0.890831960,0.003566296,0.400000000,0.400000000,0.500000000,0.000000000
167.301709208,122.998579874,69.609194274,-1.262000297,0.888779450,-0.010264024,0.400000000,0.400000000,0.500000000,0.000000000
167.501664206,123.124623509,69.764419927,-1.264795360,0.887560291,-0.006097235,0.400000000,0.400000000,0.500000000,0.000000000
167.701614996,123.250853638,69.919488533,-1.264204229,0.886530689,-0.005148754,0.400000000,0.400000000,0.500000000,0.000000000
167.901606063,123.377268819,70.074458301,-1.265723939,0.878850267,-0.038403724,0.400000000,0.400000000,0.500000000,0.000000000
168.101597230,123.504870557,70.228452663,-1.273027981,0.879694662,0.004222570,0.400000000,0.400000000,0.500000000,0.000000000
168.301549958,123.632317716,70.382525098,-1.280790523,0.878490494,-0.006022286,0.400000000,0.400000000,0.500000000,0.000000000
168.501501364,123.759949469,70.536442934,-1.278183970,0.873560807,-0.024652929,0.400000000,0.400000000,0.500000000,0.000000000
168.701476636,123.888353758,70.689748015,-1.284850144,0.869875393,-0.018430357,0.400000000,0.400000000,0.500000000,0.000000000
168.901429819,124.017307922,70.842561952,-1.287765750,0.875469219,0.027975913,0.400000000,0.400000000,0.500000000,0.000000000
169.101379131,124.145402777,70.996091868,-1.293860219,0.879414473,0.019731327,0.400000000,0.400000000,0.500000000,0.000000000
169.301327076,124.272890052,71.150124903,-1.291673385,0.878997383,-0.002085963,0.400000000,0.400000000,0.500000000,0.000000000
169.501280919,124.400445323,71.304109291,-1.288896427,0.881198510,0.011007514,0.400000000,0.400000000,0.500000000,0.000000000
169.701258708,124.527676581,71.458392547,-1.297186854,0.879529964,-0.008344218,0.400000000,0.400000000,0.500000000,0.000000000
169.901209431,124.655147837,71.612442444,-1.303389279,0.879896019,0.001830548,0.400000000,0.400000000,0.500000000,0.000000000
170.101199512,124.782587772,71.766569324,-1.310221231,0.878808864,-0.005436052,0.400000000,0.400000000,0.500000000,0.000000000
170.301189219,124.910194954,71.920557278,-1.308702510,0.881944215,0.015678816,0.400000000,0.400000000,0.500000000,0.000000000
170.501146753,125.037298252,72.074919732,-1.310431433,0.887574004,0.028153741,0.400000000,0.400000000,0.500000000,0.000000000
170.701120577,125.163540796,72.230007933,-1.309057398,0.897606762,0.050169225,0.400000000,0.400000000,0.500000000,0.000000000
170.901101742,125.288225628,72.386360609,-1.311722069,0.904941039,0.036675783,0.400000000,0.400000000,0.500000000,0.000000000
171.101071701,125.411753460,72.543614732,-1.317803149,0.903084216,-0.009285063,0.400000000,0.400000000,0.500000000,0.000000000
171.301060844,125.535584951,72.700654279,-1.321425612,0.903918209,0.004170794,0.400000000,0.400000000,0.500000000,0.000000000
171.500991850,125.659249469,72.857751364,-1.330288646,0.902658075,-0.006302678,0.400000000,0.400000000,0.500000000,0.000000000
171.700933376,125.783118369,73.014700749,-1.331697422,0.896685047,-0.029869689,0.400000000,0.400000000,0.500000000,0.000000000
171.900930324,125.907957112,73.170950764,-1.333190627,0.892804008,-0.019406059,0.400000000,0.400000000,0.500000000,0.000000000
172.100915251,126.033393786,73.326705739,-1.331393339,0.893441935,0.003189865,0.400000000,0.400000000,0.500000000,0.000000000
172.300901271,126.158731758,73.482541552,-1.328392637,0.891543822,-0.009492906,0.400000000,0.400000000,0.500000000,0.000000000
172.500816596,126.284320888,73.638084175,-1.331762264,0.889356486,-0.010939443,0.400000000,0.400000000,0.500000000,0.000000000
172.700800064,126.410292865,73.793404646,-1.338768857,0.891243741,0.009436869,0.400000000,0.400000000,0.500000000,0.000000000
172.900791369,126.535976413,73.948968677,-1.346451850,0.881414422,-0.049148434,0.400000000,0.400000000,0.500000000,0.000000000
173.100783492,126.663183474,74.103290460,-1.349660315,0.880561488,-0.004266157,0.400000000,0.400000000,0.500000000,0.000000000
173.300651981,126.790443396,74.257408355,-1.348125179,0.881460718,0.004498266,0.400000000,0.400000000,0.500000000,0.000000000
173.500595166,126.917612186,74.411698263,-1.349183701,0.882373411,0.004565422,0.400000000,0.400000000,0.500000000,0.000000000
173.700480752,127.044603511,74.566059693,-1.344111506,0.882514799,0.000707156,0.400000000,0.400000000,0.500000000,0.000000000
173.900472188,127.171640247,74.720520828,-1.349634485,0.888876664,0.031811453,0.400000000,0.400000000,0.500000000,0.000000000
174.100453312,127.297685258,74.875779016,-1.352929478,0.888934345,0.000288428,0.400000000,0.400000000,0.500000000,0.000000000
174.300437763,127.423723410,75.031047058,-1.352919241,0.881657117,-0.036390464,0.400000000,0.400000000,0.500000000,0.000000000
174.500404858,127.550877100,75.185380393,-1.354251715,0.879220425,-0.012185946,0.400000000,0.400000000,0.500000000,0.000000000
174.700356033,127.678396321,75.339391174,-1.354158905,0.877165039,-0.010279019,0.400000000,0.400000000,0.500000000,0.000000000
174.900323533,127.806242262,75.493152081,-1.355832902,0.873127104,-0.020192315,0.400000000,0.400000000,0.500000000,0.000000000
175.100303487,127.934716036,75.646405046,-1.355825511,0.867827343,-0.026500295,0.400000000,0.400000000,0.500000000,0.000000000
175.300300556,128.064011271,75.798988039,-1.362660905,0.870404604,0.012887186,0.400000000,0.400000000,0.500000000,0.000000000
175.500275952,128.192898862,75.951887182,-1.367551183,0.869602353,-0.004011672,0.400000000,0.400000000,0.500000000,0.000000000
175.700259037,128.321914036,76.104688751,-1.372803335,0.866159401,-0.017218302,0.400000000,0.400000000,0.500000000,0.000000000
175.900193384,128.451422962,76.257008090,-1.372841768,0.863333093,-0.014134727,0.400000000,0.400000000,0.500000000,0.000000000
176.100168783,128.581388551,76.408991990,-1.373305592,0.863363751,0.000153314,0.400000000,0.400000000,0.500000000,0.000000000
176.300129057,128.711339651,76.560968378,-1.378141445,0.867843333,0.022401362,0.400000000,0.400000000,0.500000000,0.000000000
176.500106850,128.840619985,76.713538733,-1.381116104,0.876755580,0.044574008,0.400000000,0.400000000,0.500000000,0.000000000
176.700013104,128.968489698,76.867200201,-1.382126391,0.892732470,0.079936252,0.400000000,0.400000000,0.500000000,0.000000000
176.899843383,129.093840505,77.022825763,-1.385259409,0.910488725,0.088847776,0.400000000,0.400000000,0.500000000,0.000000000
177.099708449,129.216429707,77.180679912,-1.386272778,0.925520351,0.075191086,0.400000000,0.400000000,0.500000000,0.000000000
177.299664306,129.336686948,77.340431408,-1.387000407,0.932528103,0.035044293,0.400000000,0.400000000,0.500000000,0.000000000
177.499644510,129.455836253,77.501041262,-1.391091178,0.937178879,0.023255567,0.400000000,0.400000000,0.500000000,0.000000000
177.699634885,129.574243333,77.662211711,-1.396854617,0.935146436,-0.010163194,0.400000000,0.400000000,0.500000000,0.000000000
177.899605926,129.692966260,77.823125613,-1.400448294,0.929262203,-0.029424384,0.400000000,0.400000000,0.500000000,0.000000000
178.099590499,129.812642078,77.983348981,-1.408879628,0.923715806,-0.027736600,0.400000000,0.400000000,0.500000000,0.000000000
178.299538887,129.933182900,78.142877249,-1.408768792,0.917613924,-0.030517269,0.400000000,0.400000000,0.500000000,0.000000000
178.499486832,130.054694625,78.301666675,-1.411392960,0.911086818,-0.032640547,0.400000000,0.400000000,0.500000000,0.000000000
178.699476693,130.177265878,78.459692724,-1.412418416,0.908016291,-0.015353392,0.400000000,0.400000000,0.500000000,0.000000000
178.899467011,130.300322058,78.617342031,-1.409678566,0.906832130,-0.005921392,0.400000000,0.400000000,0.500000000,0.000000000
179.099436846,130.423552211,78.774829377,-1.419730829,0.908332347,0.007501836,0.400000000,0.400000000,0.500000000,0.000000000
179.299426922,130.546558410,78.932517377,-1.420054630,0.909960781,0.008143089,0.400000000,0.400000000,0.500000000,0.000000000
179.499391449,130.669291980,79.090385306,-1.418150834,0.909099557,-0.004306728,0.400000000,0.400000000,0.500000000,0.000000000
179.699369995,130.792170078,79.248158535,-1.427489696,0.907001425,-0.010491435,0.400000000,0.400000000,0.500000000,0.000000000
179.899361969,130.915387208,79.405684180,-1.430532538,0.902577072,-0.022122857,0.400000000,0.400000000,0.500000000,0.000000000
180.099349895,131.039297570,79.562659950,-1.436719996,0.894363092,-0.041076284,0.400000000,0.400000000,0.500000000,0.000000000
180.299298680,131.164468631,79.718582118,-1.432143408,0.893201128,-0.005811250,0.400000000,0.400000000,0.500000000,0.000000000
180.499251640,131.289823401,79.874361988,-1.435215393,0.889973331,-0.016141190,0.400000000,0.400000000,0.500000000,0.000000000
180.699243767,131.415704995,80.029766862,-1.435424063,0.880678709,-0.046478115,0.400000000,0.400000000,0.500000000,0.000000000
180.899207145,131.543007259,80.183972848,-1.437822562,0.875191536,-0.027442065,0.400000000,0.400000000,0.500000000,0.000000000
181.099152855,131.671142434,80.337464424,-1.442517636,0.876789489,0.007992826,0.400000000,0.400000000,0.500000000,0.000000000
181.299053857,131.799003577,80.491126192,-1.443426075,0.879595560,0.014034656,0.400000000,0.400000000,0.500000000,0.000000000
181.499030168,131.926481038,80.645204165,-1.442830288,0.880727675,0.005662505,0.400000000,0.400000000,0.500000000,0.000000000
181.698917356,132.053727249,80.799357627,-1.448493411,0.886060544,0.026675450,0.400000000,0.400000000,0.500000000,0.000000000
181.898863181,132.180186659,80.954232900,-1.449278209,0.894184115,0.040626091,0.400000000,0.400000000,0.500000000,0.000000000
182.098835186,132.305400164,81.110150767,-1.452254980,0.898712991,0.022646451,0.400000000,0.400000000,0.500000000,0.000000000
182.298826248,132.429918119,81.266649021,-1.454072370,0.892598894,-0.030572422,0.400000000,0.400000000,0.500000000,0.000000000
182.498809239,132.555385523,81.422376755,-1.455404223,0.893173230,0.002871903,0.400000000,0.400000000,0.500000000,0.000000000
182.698795226,132.680765345,81.578178859,-1.458620318,0.893719581,0.002732081,0.400000000,0.400000000,0.500000000,0.000000000
182.898761489,132.806047667,81.734034066,-1.463378071,0.893973721,0.001270876,0.400000000,0.400000000,0.500000000,0.000000000
183.098739712,132.931297868,81.889930433,-1.458739716,0.892896400,-0.005387311,0.400000000,0.400000000,0.500000000,0.000000000
183.298709034,133.056710364,82.045684841,-1.459448982,0.891928895,-0.004838324,0.400000000,0.400000000,0.500000000,0.000000000
183.498673351,133.182270352,82.201313943,-1.466149267,0.886051208,-0.029394109,0.400000000,0.400000000,0.500000000,0.000000000
183.698631295,133.308738874,82.356197424,-1.470781111,0.878702424,-0.036752992,0.400000000,0.400000000,0.500000000,0.000000000
183.898573674,133.436332243,82.510135356,-1.468519544,0.876593845,-0.010544874,0.400000000,0.400000000,0.500000000,0.000000000
184.098556153,133.564275573,82.663834726,-1.472522988,0.874188516,-0.012028781,0.400000000,0.400000000,0.500000000,0.000000000
184.298502628,133.692565129,82.817198289,-1.472324275,0.881237725,0.035255032,0.400000000,0.400000000,0.500000000,0.000000000
184.498453338,133.819773110,82.971465641,-1.476173640,0.887389828,0.030767581,0.400000000,0.400000000,0.500000000,0.000000000
184.698410180,133.946033493,83.126517421,-1.472773737,0.890695007,0.016529894,0.400000000,0.400000000,0.500000000,0.000000000
184.898356350,134.071774001,83.281977369,-1.473588701,0.889852902,-0.004211673,0.400000000,0.400000000,0.500000000,0.000000000
185.098301141,134.197644511,83.437330303,-1.482189902,0.890139465,0.001433056,0.400000000,0.400000000,0.500000000,0.000000000
185.298289061,134.323497638,83.592752820,-1.483936560,0.888301187,-0.009191906,0.400000000,0.400000000,0.500000000,0.000000000
185.498278543,134.449637248,83.747944933,-1.484764993,0.889087854,0.003933848,0.400000000,0.400000000,0.500000000,0.000000000
185.698236585,134.575634923,83.903211814,-1.488340518,0.892679793,0.017962637,0.400000000,0.400000000,0.500000000,0.000000000
185.898212904,134.701085542,84.058944502,-1.487959135,0.890751217,-0.009643642,0.400000000,0.400000000,0.500000000,0.000000000
186.098204966,134.826846171,84.214447201,-1.491357127,0.884717263,-0.030174023,0.400000000,0.400000000,0.500000000,0.000000000
186.298155911,134.953516752,84.369156425,-1.494835841,0.881575518,-0.015712559,0.400000000,0.400000000,0.500000000,0.000000000
186.498107311,135.080673054,84.523467272,-1.497112885,0.879419920,-0.010780247,0.400000000,0.400000000,0.500000000,0.000000000
186.698071939,135.208170126,84.677513852,-1.493652893,0.879513037,0.000465707,0.400000000,0.400000000,0.500000000,0.000000000
186.898001017,135.335630189,84.831544915,-1.501534669,0.881022617,0.007549584,0.400000000,0.400000000,0.500000000,0.000000000
187.097982649,135.462891028,84.985808754,-1.507448102,0.885364917,0.021712883,0.400000000,0.400000000,0.500000000,0.000000000
187.297975197,135.589487720,85.140632192,-1.514967620,0.881029592,-0.021678067,0.400000000,0.400000000,0.500000000,0.000000000
187.497955709,135.716746771,85.294896055,-1.513833408,0.875502387,-0.027640277,0.400000000,0.400000000,0.500000000,0.000000000
187.697913154,135.844841744,85.448436464,-1.521230915,0.869409064,-0.030471262,0.400000000,0.400000000,0.500000000,0.000000000
187.897894120,135.973885083,85.601211474,-1.526323464,0.869816346,0.002036559,0.400000000,0.400000000,0.500000000,0.000000000
188.097883899,136.102871873,85.754045763,-1.527402104,0.862128934,-0.038440268,0.400000000,0.400000000,0.500000000,0.000000000
188.297859732,136.233020663,85.905873382,-1.530321015,0.861713453,-0.002077922,0.400000000,0.400000000,0.500000000,0.000000000
188.497783906,136.363198886,86.057607708,-1.528426414,0.864259205,0.012732555,0.400000000,0.400000000,0.500000000,0.000000000
188.697740360,136.493011367,86.209697495,-1.531829814,0.865182860,0.004620089,0.400000000,0.400000000,0.500000000,0.000000000
188.897626884,136.622637964,86.361853888,-1.532173349,0.861948814,-0.016175586,0.400000000,0.400000000,0.500000000,0.000000000
189.097607734,136.752817365,86.513661872,-1.538003129,0.864001148,0.010262283,0.400000000,0.400000000,0.500000000,0.000000000
189.297602860,136.882694203,86.665747563,-1.538998120,0.873011348,0.045052436,0.400000000,0.400000000,0.500000000,0.000000000
189.497593643,137.011192673,86.818993953,-1.541986184,0.879773661,0.033820301,0.400000000,0.400000000,0.500000000,0.000000000
189.697498771,137.138597324,86.973039775,-1.542237525,0.885596269,0.029136996,0.400000000,0.400000000,0.500000000,0.000000000
189.897264216,137.265014477,87.127716653,-1.541650669,0.889514833,0.019608311,0.400000000,0.400000000,0.500000000,0.000000000
190.097182506,137.390920809,87.283006441,-1.548417694,0.896398565,0.034430294,0.400000000,0.400000000,0.500000000,0.000000000
190.297128227,137.515772323,87.439180674,-1.552769453,0.898162509,0.008820797,0.400000000,0.400000000,0.500000000,0.000000000
190.497133707,137.640385392,87.595621637,-1.554458334,0.900304143,0.010709788,0.400000000,0.400000000,0.500000000,0.000000000
190.697067748,137.764618746,87.752273144,-1.552053952,0.908664764,0.041823492,0.400000000,0.400000000,0.500000000,0.000000000
190.896937532,137.887498565,87.909907153,-1.559880677,0.918951000,0.051460675,0.400000000,0.400000000,0.500000000,0.000000000
191.096836752,138.008768308,88.068820171,-1.561271312,0.930617013,0.058349786,0.400000000,0.400000000,0.500000000,0.000000000
191.296800066,138.128214245,88.229188482,-1.563914361,0.933199920,0.012917219,0.400000000,0.400000000,0.500000000,0.000000000
191.496753426,138.247239643,88.389856775,-1.566978052,0.938161502,0.024813586,0.400000000,0.400000000,0.500000000,0.000000000
191.696708183,138.365467237,88.551114771,-1.566512168,0.939576188,0.007074559,0.400000000,0.400000000,0.500000000,0.000000000
191.896689645,138.483482342,88.712561418,-1.568288248,0.937650189,-0.009630786,0.400000000,0.400000000,0.500000000,0.000000000
192.096675184,138.601810586,88.873783757,-1.569813760,0.935999457,-0.008254453,0.400000000,0.400000000,0.500000000,0.000000000
192.296651214,138.720399165,89.034802891,-1.569011524,0.934828838,-0.005853734,0.400000000,0.400000000,0.500000000,0.000000000
192.496631662,138.839178779,89.195686647,-1.569464633,0.928336476,-0.032464377,0.400000000,0.400000000,0.500000000,0.000000000
192.696618898,138.959004465,89.355801292,-1.577268675,0.919829958,-0.042538869,0.400000000,0.400000000,0.500000000,0.000000000
192.896571387,139.080166762,89.514863216,-1.578584387,0.920621473,0.003958248,0.400000000,0.400000000,0.500000000,0.000000000
193.096550906,139.201219483,89.674042506,-1.579041891,0.914387389,-0.031173934,0.400000000,0.400000000,0.500000000,0.000000000
193.296525660,139.323259275,89.832460282,-1.580552332,0.906732525,-0.038284776,0.400000000,0.400000000,0.500000000,0.000000000
193.496440668,139.446471323,89.989892177,-1.586536873,0.907663179,0.004655004,0.400000000,0.400000000,0.500000000,0.000000000
193.696376298,139.569549498,90.147454924,-1.587625527,0.908878315,0.006076869,0.400000000,0.400000000,0.500000000,0.000000000
193.896362590,139.692467260,90.305207073,-1.588908726,0.907716603,-0.005809794,0.400000000,0.400000000,0.500000000,0.000000000
194.096291437,139.815532842,90.462771049,-1.590383595,0.910603362,0.014438547,0.400000000,0.400000000,0.500000000,0.000000000
194.296230823,139.938149525,90.620697953,-1.591800573,0.917911346,0.036549627,0.400000000,0.400000000,0.500000000,0.000000000
194.496184314,140.059617386,90.779527917,-1.593870234,0.912062501,-0.029253893,0.400000000,0.400000000,0.500000000,0.000000000
194.696098030,140.181987789,90.937613268,-1.602464292,0.913042604,0.004902434,0.400000000,0.400000000,0.500000000,0.000000000
194.896027542,140.304212849,91.095830980,-1.605903899,0.908241875,-0.024009678,0.400000000,0.400000000,0.500000000,0.000000000
195.095997171,140.427220737,91.253491730,-1.603229935,0.908715018,0.002366849,0.400000000,0.400000000,0.500000000,0.000000000
195.295835865,140.550073520,91.411107393,-1.609498539,0.904425643,-0.021458684,0.400000000,0.400000000,0.500000000,0.000000000
195.495776713,140.673664390,91.568274946,-1.609942384,0.901660488,-0.013830745,0.400000000,0.400000000,0.500000000,0.000000000
195.695691963,140.797673500,91.725080073,-1.609368299,0.893832894,-0.039156421,0.400000000,0.400000000,0.500000000,0.000000000
195.895587218,140.922893680,91.880894127,-1.614312409,0.893502492,-0.001652548,0.400000000,0.400000000,0.500000000,0.000000000
196.095561582,141.048214911,92.036728447,-1.612894562,0.887005508,-0.032489454,0.400000000,0.400000000,0.500000000,0.000000000
196.295530662,141.174542605,92.191741178,-1.615316919,0.879494744,-0.037570588,0.400000000,0.400000000,0.500000000,0.000000000
196.495382145,141.301956016,92.345710129,-1.614709024,0.874439269,-0.025289796,0.400000000,0.400000000,0.500000000,0.000000000
196.695333813,141.430210443,92.499109840,-1.615396871,0.874847866,0.002043592,0.400000000,0.400000000,0.500000000,0.000000000
196.895263616,141.558388163,92.652545163,-1.613490435,0.869804080,-0.025224406,0.400000000,0.400000000,0.500000000,0.000000000
197.095246548,141.687372411,92.805372637,-1.616217118,0.867789876,-0.010072891,0.400000000,0.400000000,0.500000000,0.000000000
197.295189212,141.816638189,92.957909280,-1.616347343,0.871270136,0.017406131,0.400000000,0.400000000,0.500000000,0.000000000
197.495135328,141.945374540,93.110897519,-1.618215225,0.872100876,0.004154834,0.400000000,0.400000000,0.500000000,0.000000000
197.695079987,142.073982817,93.263991535,-1.622443319,0.868105416,-0.019982242,0.400000000,0.400000000,0.500000000,0.000000000
197.895036070,142.203209130,93.416579200,-1.623945360,0.866934559,-0.005855725,0.400000000,0.400000000,0.500000000,0.000000000
198.094981677,142.332607232,93.569007467,-1.628252398,0.866371061,-0.002817958,0.400000000,0.400000000,0.500000000,0.000000000
198.294969870,142.462118785,93.721395245,-1.633072642,0.867364963,0.004969915,0.400000000,0.400000000,0.500000000,0.000000000
198.494948940,142.591472916,93.873904712,-1.638697041,0.868736837,0.006860233,0.400000000,0.400000000,0.500000000,0.000000000
198.694919458,142.720612177,94.026584964,-1.641441647,0.871448703,0.013570889,0.400000000,0.400000000,0.500000000,0.000000000
198.894608162,142.849155507,94.179399200,-1.635339702,0.877897997,0.032274445,0.400000000,0.400000000,0.500000000,0.000000000
199.094572086,142.976886429,94.333251019,-1.643629449,0.893816870,0.079614654,0.400000000,0.400000000,0.500000000,0.000000000
199.294501985,143.102130808,94.489090071,-1.647108179,0.911160791,0.086814260,0.400000000,0.400000000,0.500000000,0.000000000
199.494130965,143.224469214,94.646840013,-1.652558595,0.939007431,0.139465948,0.400000000,0.400000000,0.500000000,0.000000000
199.693821540,143.342404329,94.807984775,-1.653179723,0.959558488,0.102862515,0.400000000,0.400000000,0.500000000,0.000000000
199.893706951,143.457114891,94.971678588,-1.654022855,0.973353303,0.069002704,0.400000000,0.400000000,0.500000000,0.000000000
200.093652408,143.569590263,95.136988833,-1.657110786,0.979537873,0.030934411,0.400000000,0.400000000,0.500000000,0.000000000
200.293556829,143.681018242,95.302957452,-1.661676544,0.974316376,-0.026114660,0.400000000,0.400000000,0.500000000,0.000000000
200.493542054,143.793356694,95.468408841,-1.668217855,0.959101075,-0.076085552,0.400000000,0.400000000,0.500000000,0.000000000
200.693505409,143.908186880,95.632113979,-1.669313486,0.956174343,-0.014643111,0.400000000,0.400000000,0.500000000,0.000000000
200.893283802,144.023389036,95.795331225,-1.675033887,0.947757567,-0.042108026,0.400000000,0.400000000,0.500000000,0.000000000
201.093274862,144.140084951,95.957745780,-1.678561028,0.935502380,-0.061295326,0.400000000,0.400000000,0.500000000,0.000000000
201.293154751,144.258696502,96.118628563,-1.680067846,0.921548317,-0.069819331,0.400000000,0.400000000,0.500000000,0.000000000
201.492990808,144.379514902,96.277805710,-1.685150791,0.906149251,-0.077067594,0.400000000,0.400000000,0.500000000,0.000000000
201.692775738,144.502738525,96.435063322,-1.682814829,0.888138887,-0.090152077,0.400000000,0.400000000,0.500000000,0.000000000
201.892540554,144.628761589,96.590060643,-1.680330183,0.868956288,-0.096028437,0.400000000,0.400000000,0.500000000,0.000000000
202.092288748,144.757723804,96.742599452,-1.682521707,0.853093158,-0.079375477,0.400000000,0.400000000,0.500000000,0.000000000
202.292234893,144.889219619,96.893222530,-1.692765075,0.837860478,-0.076191533,0.400000000,0.400000000,0.500000000,0.000000000
202.492137183,145.022965141,97.041792583,-1.697456378,0.828891381,-0.044868013,0.400000000,0.400000000,0.500000000,0.000000000
202.692032719,145.158033241,97.189152122,-1.698415649,0.816498233,-0.062005607,0.400000000,0.400000000,0.500000000,0.000000000
202.891877435,145.294882370,97.334789432,-1.701895836,0.812612518,-0.019436147,0.400000000,0.400000000,0.500000000,0.000000000
203.091876619,145.432402583,97.480006045,-1.710514095,0.807722687,-0.024450656,0.400000000,0.400000000,0.500000000,0.000000000
203.291852497,145.570615126,97.624531631,-1.710683238,0.808184238,0.002308098,0.400000000,0.400000000,0.500000000,0.000000000
203.491817090,145.708753152,97.769112833,-1.706483805,0.808419607,0.001176993,0.400000000,0.400000000,0.500000000,0.000000000
203.691802373,145.846871434,97.913741509,-1.704005557,0.811697752,0.016393358,0.400000000,0.400000000,0.500000000,0.000000000
203.891752672,145.984490782,98.058796798,-1.702104517,0.808309648,-0.016943322,0.400000000,0.400000000,0.500000000,0.000000000
204.091736002,146.122623617,98.203408872,-1.707999247,0.804138741,-0.020856856,0.400000000,0.400000000,0.500000000,0.000000000
204.291707882,146.261350470,98.347435305,-1.714197556,0.807940187,0.019011908,0.400000000,0.400000000,0.500000000,0.000000000
204.491637366,146.399499517,98.491957412,-1.717811948,0.808804188,0.004321001,0.400000000,0.400000000,0.500000000,0.000000000
204.691615350,146.537557128,98.636633913,-1.719562486,0.809030718,0.001132762,0.400000000,0.400000000,0.500000000,0.000000000
204.891598345,146.675585420,98.781345311,-1.717340393,0.807827437,-0.006018096,0.400000000,0.400000000,0.500000000,0.000000000
205.091502713,146.813733405,98.925833687,-1.717157813,0.804901800,-0.014635380,0.400000000,0.400000000,0.500000000,0.000000000
205.291401613,146.952299727,99.069913333,-1.722539499,0.805991652,0.005451999,0.400000000,0.400000000,0.500000000,0.000000000
205.491301678,147.090709749,99.214144751,-1.724951078,0.801602452,-0.021959661,0.400000000,0.400000000,0.500000000,0.000000000
205.691152421,147.229717190,99.357731836,-1.724639661,0.795960075,-0.028226268,0.400000000,0.400000000,0.500000000,0.000000000
205.891097315,147.369598454,99.500599581,-1.731302656,0.796879361,0.004598258,0.400000000,0.400000000,0.500000000,0.000000000
206.090993210,147.509314075,99.643560813,-1.730717623,0.799756387,0.014393016,0.400000000,0.400000000,0.500000000,0.000000000
206.290878032,147.648610099,99.786915478,-1.733433435,0.792232797,-0.037636064,0.400000000,0.400000000,0.500000000,0.000000000
206.490799743,147.789006617,99.929244351,-1.732477081,0.792066748,-0.000830571,0.400000000,0.400000000,0.500000000,0.000000000
206.690720986,147.929426439,100.071549576,-1.730137058,0.791063136,-0.005020656,0.400000000,0.400000000,0.500000000,0.000000000
206.890593203,148.069954539,100.213678941,-1.727149182,0.790782023,-0.001406240,0.400000000,0.400000000,0.500000000,0.000000000
207.090528296,148.210566808,100.355813493,-1.726910976,0.790675769,-0.000531492,0.400000000,0.400000000,0.500000000,0.000000000
207.290426723,148.351168389,100.497907042,-1.729095768,0.789706741,-0.004847276,0.400000000,0.400000000,0.500000000,0.000000000
207.490351927,148.491926450,100.639883292,-1.730047130,0.790793744,0.005437122,0.400000000,0.400000000,0.500000000,0.000000000
207.690271701,148.632526279,100.782008603,-1.726807480,0.794926680,0.020671493,0.400000000,0.400000000,0.500000000,0.000000000
207.890219783,148.772557340,100.924733995,-1.724164791,0.791375031,-0.017769186,0.400000000,0.400000000,0.500000000,0.000000000
208.090025143,148.912994113,101.066859626,-1.724552588,0.789664678,-0.008558118,0.400000000,0.400000000,0.500000000,0.000000000
208.289922966,149.053738866,101.208810512,-1.718776009,0.794363941,0.023509834,0.400000000,0.400000000,0.500000000,0.000000000
208.489794802,149.193796793,101.351402685,-1.716469852,0.788260444,-0.030531555,0.400000000,0.400000000,0.500000000,0.000000000
208.689738047,149.334772767,101.493188002,-1.720294321,0.776222194,-0.060224752,0.400000000,0.400000000,0.500000000,0.000000000
208.889569861,149.477365817,101.633187916,-1.714837257,0.765643383,-0.052949472,0.400000000,0.400000000,0.500000000,0.000000000
209.089317538,149.621371237,101.771613252,-1.710108448,0.744124047,-0.107772593,0.400000000,0.400000000,0.500000000,0.000000000
209.288909252,149.768207167,101.906802238,-1.707600000,0.723604663,-0.102751638,0.400000000,0.400000000,0.500000000,0.000000000
209.488708234,149.917941317,102.039087223,-1.703604241,0.699205431,-0.122596980,0.400000000,0.400000000,0.500000000,0.000000000
209.686939064,150.069658040,102.166670521,-1.702830109,0.673540842,-0.129075695,0.400000000,0.400000000,0.500000000,0.000000000
209.886364583,150.225532604,102.291063680,-1.698775688,0.642074167,-0.232915762,0.400000000,0.400000000,0.336460760,-0.342970543
209.957118235,150.282196045,102.333435059,-1.693972230,0.642074167,0.000000000,0.400000000,0.400000000,0.000000000,-0.800000000
