index,s,x,y,yaw,center_on_road,left_road_extent,right_road_extent
0,0.000000046,-665.563452029,135.566143495,0.459548151,1,1.65149450302,3.01412525177
1,0.499999946,-665.115325546,135.787915076,0.45974984,1,1.65122690201,3.01331806183
2,0.999999946,-664.667243802,136.009777035,0.459956078,1,1.65092592239,3.01254587173
3,1.499999946,-664.219207824,136.2317314,0.460162326,1,1.65058927536,3.01181087494
4,1.999999946,-663.771217634,136.453778167,0.460372444,1,1.65021724701,3.01111297607
5,2.499999846,-663.32327411,136.675919059,0.460586852,1,1.64980783463,3.01045389175
6,2.999999846,-662.875378226,136.898155988,0.460803868,1,1.64935903549,3.00983581543
7,3.499999846,-662.427530582,137.120490113,0.46102291,1,1.6488697052,3.00925989151
8,3.999999846,-661.97973165,137.342922329,0.461245373,1,1.64833898544,3.00872707367
9,4.499999746,-661.531982213,137.565454159,0.461471525,1,1.64776525497,3.00823898315
10,4.999999746,-661.084283114,137.788087242,0.461699226,1,1.64714670181,3.00779733658
11,5.499999746,-660.636634721,138.01082226,0.461930933,1,1.64648275375,3.00740280151
12,5.999999746,-660.18903795,138.233660995,0.462166655,1,1.64577150345,3.00705728531
13,6.499999646,-659.74149372,138.456605232,0.462405868,1,1.64501104355,3.00676279068
14,6.999999646,-659.294002835,138.67965652,0.462646604,1,1.64419975281,3.00652084351
15,7.499999646,-658.84656566,138.902815529,0.462893338,1,1.64333696365,3.00633230209
16,7.999999546,-658.39918356,139.126084929,0.463142443,1,1.64241981506,3.00619983673
17,8.499999546,-657.951857092,139.349465766,0.463394529,1,1.64144716263,3.00612468719
18,8.999999546,-657.504586951,139.572959361,0.463649959,1,1.64041776657,3.00610818863
19,9.499999446,-657.057373913,139.796567194,0.463910719,1,1.63933000565,3.00615196228
20,9.999999446,-656.610219198,140.020291634,0.464172267,1,1.63818130493,3.0062584877
21,10.499999446,-656.163123014,140.244133019,0.46443869,1,1.63697147369,3.00642824173
22,10.999999346,-655.716086483,140.468093512,0.464709761,1,1.63569803238,3.00666341782
23,11.499999346,-655.26911068,140.692175175,0.464984643,1,1.6343588829,3.00696630478
24,11.999999246,-654.82219649,140.916379695,0.46526117,1,1.63295221329,3.0073387146
25,12.499999246,-654.375344316,141.140707789,0.46554392,1,1.63147735596,3.00778141022
26,12.999999246,-653.92855559,141.365162221,0.465831053,1,1.62993125916,3.00829734802
27,13.499999146,-653.481831332,141.589744932,0.466118657,1,1.6283118248,3.00888872147
28,13.999999146,-653.035171684,141.814456111,0.466411342,1,1.62661895752,3.00955553055
29,14.499999046,-652.588577826,142.039298012,0.466708202,1,1.62485027313,3.01030035019
30,14.999999046,-652.142050735,142.264272478,0.467008508,1,1.62300367355,3.01112508774
31,15.499998946,-651.695591226,142.489381028,0.467311254,1,1.62107772827,3.01203145981
32,15.999998946,-651.24919989,142.714624731,0.467619896,1,1.61907129288,3.01302051544
33,16.499998846,-650.802878096,142.940006198,0.467928842,1,1.61698141098,3.01409511566
34,16.999998846,-650.356625954,143.165525543,0.468244408,1,1.61480817795,3.0152554512
35,17.499998746,-649.910445002,143.391185699,0.468562419,1,1.61254825592,3.01650457382
36,17.999998746,-649.464335836,143.616987733,0.468880308,1,1.61020069122,3.0178437233
37,18.499998646,-649.018298473,143.842931569,0.469204123,1,1.60776557922,3.01927270889
38,18.999998646,-648.572334299,144.069019825,0.469531092,1,1.6052400589,3.02079429626
39,19.499998546,-648.126444073,144.295253886,0.469857572,1,1.60262269974,3.02241020203
40,19.999998546,-647.680627732,144.521633509,0.470186131,1,1.59991378784,3.02411985397
41,20.499998446,-647.234885795,144.748159596,0.470522045,1,1.59711256027,3.02592439651
42,20.999998346,-646.789219977,144.9748354,0.470853384,1,1.59421520233,3.02782716751
43,21.499998346,-646.343629291,145.201658859,0.471188767,1,1.59122438431,3.02982606888
44,21.999998246,-645.898114703,145.428631747,0.471524058,1,1.58813791275,3.03192281723
45,22.499998246,-645.452676242,145.655754001,0.471861839,1,1.58495616913,3.0341173172
46,22.999998146,-645.007314523,145.883026702,0.472197777,1,1.58167791367,3.0364107132
47,23.499998046,-644.562029181,146.110449004,0.472535048,1,1.57830429077,3.03880205154
48,23.999998046,-644.116820566,146.338021475,0.472869086,1,1.57483453751,3.04129180908
49,24.499997946,-643.671687993,146.56574265,0.473205669,1,1.57127046585,3.0438782692
50,24.999997946,-643.226632092,146.793613636,0.473538533,1,1.56761102676,3.04656267166
51,25.499997846,-642.781652065,147.021632754,0.473869546,1,1.56385803223,3.04934301376
52,25.999997746,-642.33674754,147.249799153,0.474197059,1,1.56001253128,3.05221815109
53,26.499997746,-641.891917765,147.478111252,0.474521829,1,1.55607643127,3.05518636703
54,26.999997646,-641.44716216,147.706567808,0.474842212,1,1.55205116272,3.05824613571
55,27.499997646,-641.00247977,147.935166845,0.475156566,1,1.54793901443,3.06139507294
56,27.999997546,-640.557869262,148.163905659,0.475467536,1,1.54374313354,3.06463022232
57,28.499997546,-640.113329906,148.392782722,0.475770538,1,1.53946523666,3.06794958115
58,28.999997446,-639.668859918,148.621794473,0.476068733,1,1.53510961533,3.07134914398
59,29.499997446,-639.224458238,148.850938753,0.476355894,1,1.53067846298,3.07482633591
60,29.999997346,-638.780122374,149.08021064,0.476636975,1,1.52617759705,3.07837553024
61,30.499997346,-638.33585097,149.309607414,0.476905821,1,1.52161006927,3.08199357986
62,30.999997346,-637.891641253,149.539123621,0.477166535,1,1.51698217392,3.08567419052
63,31.499997246,-637.447491385,149.768755633,0.477413325,1,1.51229801178,3.08941316605
64,31.999997246,-637.0033982,149.998497252,0.477650938,1,1.50756464005,3.09320354462
65,32.499997246,-636.559359613,150.228344388,0.477873138,1,1.50278673172,3.09704046249
66,32.999997246,-636.115372106,150.458290185,0.478080439,1,1.49797210693,3.10091609955
67,33.499997146,-635.671432275,150.688328018,0.478272413,1,1.49312839508,3.10482292175
68,33.999997146,-635.227536609,150.918451073,0.478448877,1,1.48826313019,3.10875310898
69,34.499997146,-634.783681557,151.148652458,0.47860601,1,1.48338441849,3.11269884109
70,34.999997146,-634.339862679,151.378923585,0.478744392,1,1.47850179672,3.11665019989
71,35.499997146,-633.896075668,151.609256128,0.478863558,1,1.473624897,3.12059774399
72,35.999997146,-633.452316106,151.839641554,0.478961557,1,1.46876335144,3.12453174591
73,36.499997146,-633.008579122,152.070070469,0.479037606,1,1.46392793655,3.12844152451
74,36.999997146,-632.564859662,152.30053313,0.479090709,1,1.45912971497,3.13231601715
75,37.499997146,-632.121152439,152.531019353,0.479119062,1,1.45438013077,3.13614358902
76,37.999997146,-631.67745175,152.761518158,0.479121531,1,1.44969177246,3.13991174698
77,38.499997146,-631.233751631,152.992018058,0.479098235,1,1.44507780075,3.14360752106
78,38.999997146,-630.790046143,153.222507621,0.479048175,1,1.44055109024,3.14721803665
79,39.499997146,-630.346329118,153.452974971,0.478969536,1,1.43612508774,3.15072965622
80,39.999997146,-629.902593972,153.683407425,0.478861543,1,1.43181438446,3.15412817001
81,40.499997046,-629.458833948,153.913791957,0.478722646,1,1.42763376236,3.15739879608
82,40.999997046,-629.015041932,154.144114848,0.478554671,1,1.42359867096,3.16052618027
83,41.499997046,-628.571211238,154.374363187,0.47835337,1,1.41972398758,3.16349554062
84,41.999997046,-628.127334211,154.604522174,0.478120039,1,1.41602640152,3.1662902832
85,42.499997046,-627.683403499,154.834577581,0.477853565,1,1.41252212524,3.16889457703
86,42.999996946,-627.239411507,155.06451468,0.477551596,1,1.40922784805,3.17129163742
87,43.499996946,-626.795350113,155.294317691,0.477214999,1,1.40616159439,3.17346391678
88,43.999996846,-626.351211403,155.523971214,0.476845139,1,1.4033408165,3.17539415359
89,44.499996746,-625.906987796,155.753460446,0.476437837,1,1.40078229904,3.17706565857
90,44.999996646,-625.462670768,155.982768718,0.475991793,1,1.39850492477,3.17845993042
91,45.499996546,-625.018251518,156.211878775,0.475510856,1,1.39652833939,3.17955770493
92,45.999996446,-624.57372215,156.440775059,0.474991266,1,1.39487009048,3.18034162521
93,46.499996246,-624.129073929,156.669440328,0.474435315,1,1.39354982376,3.1807926178
94,46.999996046,-623.684298668,156.897858351,0.473837822,1,1.39258594513,3.1808924675
95,47.499995946,-623.239387029,157.126010572,0.473203242,1,1.39199943542,3.18062067032
96,47.999995646,-622.794330723,157.353880402,0.47252681,1,1.39180908203,3.17995901108
97,48.499995446,-622.349120409,157.581449115,0.471813946,1,1.39203596115,3.17888660431
98,48.999995146,-621.903748009,157.808700384,0.471053976,1,1.39269866943,3.1773856163
99,49.499994846,-621.45820306,158.035613103,0.470260491,1,1.39382104874,3.17543258667
100,49.999994446,-621.012478228,158.262172202,0.469424091,1,1.39542007446,3.17301120758
101,50.499994046,-620.56656409,158.488358403,0.468542051,1,1.39751749039,3.1701002121
102,50.999993646,-620.120450662,158.71415118,0.467620145,1,1.40013647079,3.16667709351
103,51.499993146,-619.674129296,158.939532569,0.466661502,1,1.40329713821,3.16272211075
104,51.999992646,-619.227592111,159.164485975,0.46565519,1,1.40701847076,3.15821743011
105,52.499992146,-618.780828815,159.388989893,0.464600944,1,1.41132450104,3.15313978195
106,52.999991546,-618.333829131,159.613022664,0.463511438,1,1.41623945236,3.14746494293
107,53.499990846,-617.886585683,159.836568266,0.462377067,1,1.42178144455,3.14117603302
108,53.999990146,-617.439088981,160.059606364,0.461196402,1,1.42797346115,3.13425102234
109,54.499989446,-616.991329301,160.282115941,0.459976857,1,1.43483886719,3.12666692734
110,54.999988546,-616.543298636,160.504079269,0.45871517,1,1.44239749908,3.11840467453
111,55.499987746,-616.094988339,160.725477116,0.457401118,1,1.45067129135,3.10944423676
112,55.999986746,-615.646387571,160.946285634,0.456049529,1,1.4596865654,3.0997590065
113,56.499985746,-615.197488817,161.166487605,0.454645611,1,1.46946296692,3.08933143616
114,56.999984746,-614.748281422,161.386059112,0.45319749,1,1.48002700806,3.07813539505
115,57.499983546,-614.298756582,161.604979857,0.451706933,1,1.49140129089,3.0661488533
116,57.999982346,-613.848905989,161.823230288,0.450167508,1,1.50360803604,3.05335168839
117,58.499981046,-613.398720042,162.040787903,0.448580735,1,1.51667222977,3.03971967697
118,58.999979746,-612.9481895,162.257630878,0.446950244,1,1.5306180954,3.02522907257
119,59.499978246,-612.497306072,162.473738941,0.445273952,1,1.54546842575,3.00985879898
120,59.999976746,-612.04606108,162.68909086,0.443542182,1,1.56124734879,2.99358711243
121,60.499975146,-611.59444391,162.903660963,0.441774503,1,1.57798252106,2.97638473511
122,60.999973446,-611.142448255,163.117432369,0.43995535,1,1.59569368362,2.95823545456
123,61.499971646,-610.690064532,163.330381142,0.438100565,1,1.61440649033,2.93911218643
124,61.999969846,-610.23728668,163.542490443,0.436183176,1,1.63414163589,2.91900053024
125,62.499967846,-609.784103043,163.753731166,0.434225048,1,1.65493011475,2.89786663055
126,62.999965846,-609.330506748,163.964084043,0.432218733,1,1.67679395676,2.87569141388
127,63.499963646,-608.876489443,164.173526389,0.430162283,1,1.6997587204,2.85245113373
128,63.999961346,-608.422042471,164.382034592,0.428040712,1,1.72412986755,2.82738332748
129,64.499958946,-607.96715425,164.589578143,0.425895512,1,1.75007982254,2.80005989075
130,64.999956446,-607.511821934,164.796145354,0.423689344,1,1.77493419647,2.77387456894
131,65.499953846,-607.056035133,165.001707465,0.421441789,1,1.79872264862,2.74879150391
132,65.999951146,-606.599787576,165.206244606,0.419146681,1,1.82146720886,2.7247885704
133,66.499948346,-606.143071868,165.409734035,0.416798341,1,1.84319295883,2.70184049606
134,66.999945346,-605.685879703,165.612150315,0.414386436,1,1.86392784119,2.67991962433
135,67.499942246,-605.228200764,165.813463258,0.411945289,1,1.8837015152,2.65898809433
136,67.999939046,-604.770031883,166.013658285,0.409429263,1,1.90253257751,2.63903465271
137,68.499935646,-604.311360906,166.212699849,0.406874973,1,1.92045621872,2.62001571655
138,68.999932146,-603.852183091,166.410569155,0.404282488,1,1.93749217987,2.60191078186
139,69.499928546,-603.392493968,166.607247333,0.401635388,1,1.95366106033,2.58470058441
140,69.999924846,-602.932285963,166.802707923,0.398929451,1,1.96899051666,2.56835680008
141,70.499920946,-602.471550875,166.996922449,0.396203011,1,1.98350820541,2.55284519196
142,70.999916846,-602.010288134,167.189880025,0.393408737,1,1.99722728729,2.53815803528
143,71.499912746,-601.548488121,167.381547914,0.390576241,1,2.01018028259,2.52425794601
144,71.999908446,-601.08614716,167.571906948,0.387694819,1,2.02238702774,2.51112527847
145,72.499904046,-600.623259745,167.76093294,0.384766993,1,2.03387203217,2.49873437881
146,72.999899446,-600.159821048,167.948602803,0.381774074,1,2.04465942383,2.48706207275
147,73.499894646,-599.695822909,168.134884728,0.378761624,1,2.05477972031,2.4760720253
148,73.999889746,-599.231265797,168.319768004,0.375669177,1,2.0642455101,2.46575717926
149,74.499884746,-598.766139326,168.503213717,0.372567767,1,2.07309370041,2.45607280731
150,74.999879646,-598.300446229,168.685215972,0.369406808,1,2.08133077621,2.44701633453
151,75.499874346,-597.834180334,168.865745215,0.366215379,1,2.08898563385,2.4385559082
152,75.999868846,-597.367340855,169.044785415,0.362978814,1,2.09607372284,2.4306763649
153,76.499863246,-596.899924363,169.222313718,0.359696369,1,2.10261764526,2.4233546257
154,76.999857446,-596.431927921,169.398306701,0.35635583,1,2.10864057541,2.41656780243
155,77.499851546,-595.963346279,169.572735308,0.353008322,1,2.11416988373,2.41028461456
156,77.999845546,-595.494183492,169.745594312,0.349600977,1,2.11921005249,2.40450410843
157,78.499839346,-595.024434609,169.916853655,0.346147285,1,2.12379083633,2.39919452667
158,78.999833046,-594.554097088,170.086489598,0.342699318,1,2.12793531418,2.39432964325
159,79.499826646,-594.083177599,170.25450278,0.339184361,1,2.13164329529,2.38991298676
160,79.999820046,-593.611670642,170.420859601,0.335643449,1,2.13494844437,2.38590831757
161,80.499813446,-593.139577632,170.585545803,0.332063666,1,2.13786497116,2.38230161667
162,80.999806546,-592.666898319,170.74854089,0.328465428,1,2.14041318893,2.37907171249
163,81.499799646,-592.193635624,170.909834095,0.324820191,1,2.14260349274,2.37620868683
164,81.999792646,-591.719788176,171.06940106,0.321162998,1,2.14445991516,2.37368707657
165,82.499785446,-591.245360494,171.227233956,0.317463671,1,2.14598970413,2.37150030136
166,82.999778246,-590.770352251,171.383310691,0.313776967,1,2.14721431732,2.36962537766
167,83.499770946,-590.294771928,171.537635121,0.310035009,1,2.14812898636,2.3680685997
168,83.999763546,-589.818617493,171.690178864,0.306279178,1,2.1487616539,2.3668006897
169,84.499756146,-589.341893576,171.840933152,0.302503074,1,2.14912014008,2.36581392288
170,84.999748546,-588.864603921,171.989886171,0.298715152,1,2.14921522141,2.36509714127
171,85.499740846,-588.386753549,172.137030165,0.294916061,1,2.14905366898,2.36464366913
172,85.999733246,-587.908347549,172.282357724,0.291098672,1,2.14864177704,2.36444721222
173,86.499725646,-587.4293903,172.425857957,0.287261127,1,2.1479891777,2.36449775696
174,86.999717846,-586.949885991,172.567519087,0.283429998,1,2.14710664749,2.36478462219
175,87.499710046,-586.469842568,172.707342114,0.279588064,1,2.14599161148,2.36531038284
176,87.999702146,-585.989265528,172.845319809,0.27573851,1,2.14464988708,2.36606893539
177,88.499694446,-585.508160778,172.981446514,0.271888007,1,2.14308595657,2.36705617905
178,88.999686746,-585.026535438,173.115719719,0.268037926,1,2.14130058289,2.36827106476
179,89.499678846,-584.544396807,173.248137609,0.264186378,1,2.13929405212,2.36971330643
180,89.999671046,-584.061751767,173.378697534,0.260336078,1,2.13706760406,2.37138195038
181,90.499663146,-583.578607608,173.507398169,0.256500878,1,2.13462095261,2.37327728271
182,90.999655446,-583.094973222,173.634244957,0.252657363,1,2.13194665909,2.37540884018
183,91.499647846,-582.610854856,173.75923196,0.248835453,1,2.12904567719,2.37779531479
184,91.999640146,-582.126262359,173.882367793,0.245031704,1,2.12590684891,2.38042860031
185,92.499632546,-581.641204922,174.003659488,0.241226892,1,2.12255039215,2.38328504562
186,92.999624946,-581.155689474,174.123104766,0.237419257,1,2.11900835037,2.38633232117
187,93.499617546,-580.669722561,174.24070056,0.233645052,1,2.11531400681,2.38953762054
188,93.999610146,-580.183315278,174.356461382,0.229880103,1,2.11148176193,2.3928858757
189,94.499602746,-579.696475613,174.47039009,0.226158714,1,2.1075387001,2.39635057449
190,94.999595646,-579.209215125,174.582506343,0.222448547,1,2.10349378586,2.39992198944
191,95.499588546,-578.721541956,174.692814027,0.218758861,1,2.09937257767,2.40357446671
192,95.999581546,-578.233464986,174.801321629,0.215096418,1,2.09519586563,2.40728740692
193,96.499574646,-577.744993854,174.908040961,0.211460661,1,2.09098072052,2.41104364395
194,96.999567646,-577.256137975,175.012983623,0.207827729,1,2.0867442131,2.41482543945
195,97.499560846,-576.766903891,175.116149655,0.204252828,1,2.08251609802,2.4186044693
196,97.999554146,-576.277304012,175.217566091,0.200702011,1,2.07829732895,2.42237873077
197,98.499547646,-575.787346984,175.317243438,0.197209547,1,2.07410640717,2.42613077164
198,98.999541246,-575.297044664,175.415209055,0.193726568,1,2.06994380951,2.42985877991
199,99.499534946,-574.806404113,175.511466367,0.190280479,1,2.06583490372,2.43353805542
200,99.999528646,-574.315434652,175.606032342,0.186868403,1,2.06179103851,2.43715724945
201,100.499522546,-573.824145234,175.698922572,0.183511103,1,2.05782518387,2.44070396423
202,100.999516646,-573.332546531,175.790162912,0.180150765,1,2.05393857956,2.44417543411
203,101.499510846,-572.840643831,175.879750834,0.176857162,1,2.05016307831,2.44754171371
204,101.999505146,-572.348448694,175.967718148,0.173610796,1,2.04649410248,2.4508067131
205,102.499499646,-571.855970404,176.054087186,0.170388926,1,2.04293699265,2.45396490097
206,102.999494246,-571.363216252,176.138869103,0.167177798,1,2.03950815201,2.45699968338
207,103.499489046,-570.870192242,176.222068315,0.164048296,1,2.03623142242,2.45988931656
208,103.999483946,-570.376910145,176.303724224,0.160959206,1,2.03309364319,2.46264591217
209,104.499479046,-569.883378056,176.383855969,0.157868046,1,2.03010253906,2.46526117325
210,104.999474146,-569.389600513,176.462461765,0.154853913,1,2.02728776932,2.46770677567
211,105.499469446,-568.895588127,176.53957892,0.1518908,1,2.02463884354,2.46999282837
212,105.999464846,-568.401349314,176.615231938,0.148955554,1,2.02215805054,2.47211666107
213,106.499460346,-567.906890397,176.689433946,0.146063909,1,2.0198595047,2.47406454086
214,106.999456046,-567.412218828,176.762205868,0.143213579,1,2.01774959564,2.47583017349
215,107.499451746,-566.917341845,176.833567519,0.140396647,1,2.01583528519,2.47740631104
216,107.999447646,-566.422265652,176.903534876,0.137628735,1,2.01412792206,2.4787820816
217,108.499443646,-565.926997546,176.972131659,0.134889141,1,2.01263074875,2.47995405197
218,108.999439846,-565.431543229,177.039371372,0.132185966,1,2.01135730743,2.4809088707
219,109.499436146,-564.935908838,177.105271559,0.129535072,1,2.01031732559,2.48163690567
220,109.999432446,-564.440101466,177.169857644,0.126912645,1,2.009512043,2.48213691711
221,110.499428846,-563.944126314,177.233143305,0.124336836,1,2.00895490646,2.48239555359
222,110.999425446,-563.44798963,177.29515124,0.121792662,1,2.00865020752,2.48240871429
223,111.499422146,-562.951696694,177.35589673,0.119283953,1,2.00860958099,2.48216485977
224,111.999418946,-562.455252852,177.415396985,0.116816857,1,2.00884256363,2.48165435791
225,112.499415746,-561.958663684,177.473672291,0.114380635,1,2.00935583115,2.48087100983
226,112.999412646,-561.461933939,177.530737633,0.111978029,1,2.01016120911,2.47980308533
227,113.499409646,-560.965068366,177.586609382,0.10960995,1,2.01126689911,2.47846231461
228,113.999406846,-560.468071792,177.641304369,0.10727384,1,2.0126458168,2.47689781189
229,114.499403946,-559.97094875,177.694838174,0.104974091,1,2.01424627304,2.47516136169
230,114.999401246,-559.473703851,177.747228587,0.10270741,1,2.01601371765,2.47330617905
231,115.499398546,-558.976341394,177.798491779,0.100447422,1,2.01789588928,2.47138442993
232,115.999395946,-558.478864267,177.848630817,0.098233058,1,2.01985301971,2.46943359375
233,116.499393446,-557.981277264,177.897668144,0.096054888,1,2.02182674408,2.46751127243
234,116.999391046,-557.483584569,177.945621532,0.093884832,1,2.02376365662,2.46567020416
235,117.499388546,-556.985788957,177.992494789,0.091751535,1,2.02562408447,2.46394824982
236,117.999386246,-556.4878944,178.038306003,0.089651543,1,2.02735424042,2.46239776611
237,118.499383946,-555.989904694,178.083071546,0.08757749,1,2.02890253067,2.46106929779
238,118.999381746,-555.491823137,178.126804143,0.085514361,1,2.03022098541,2.46000938416
239,119.499379546,-554.993652362,178.169509045,0.083488159,1,2.03126916885,2.45925683975
240,119.999377346,-554.495396079,178.211204466,0.081483303,1,2.03199367523,2.45886335373
241,120.499375246,-553.997057129,178.251900878,0.079492556,1,2.03234920502,2.4588727951
242,120.999373246,-553.49863811,178.291605147,0.077524388,1,2.03229398727,2.45932512283
243,121.499371246,-553.000141841,178.330328372,0.075580711,1,2.0317820549,2.4602643013
244,121.999369246,-552.501571227,178.368082611,0.073660401,1,2.03076658249,2.4617354393
245,122.499367346,-552.002929015,178.404879371,0.071758123,1,2.0292014122,2.46378259659
246,122.999365446,-551.50421763,178.440727515,0.069873416,1,2.02704296112,2.46644735336
247,123.499363646,-551.005439551,178.475635672,0.068011384,1,2.02424793243,2.46977081299
248,123.999361846,-550.506597278,178.509615033,0.066173523,1,2.02077083588,2.47379646301
249,124.499360046,-550.007693364,178.542677536,0.064340757,1,2.01656475067,2.47856826782
250,124.999358346,-549.508729692,178.57482561,0.06252842,1,2.01159286499,2.48412103653
251,125.499356646,-549.009708515,178.606069346,0.060748286,1,2.00581111908,2.49049711227
252,125.999354946,-548.510632478,178.63642471,0.058973549,1,1.99916820526,2.49774370193
253,126.499353346,-548.011503308,178.6658943,0.057214998,1,1.99162750244,2.50589542389
254,126.999351746,-547.512323049,178.694486104,0.055480996,1,1.98314685822,2.51499223709
255,127.499350246,-547.013093972,178.722212284,0.053760201,1,1.97367925644,2.52507753372
256,127.999348646,-546.513817882,178.749079356,0.052063826,1,1.96318426132,2.53618984222
257,128.499347146,-546.014496873,178.775099432,0.050376253,1,10,2.5483716011
258,128.999345746,-545.515132634,178.800276833,0.048710697,1,10,2.56165904999
259,129.499344246,-545.015727132,178.824622482,0.047070317,1,10,2.57609472275
260,129.999342846,-544.516282354,178.848148883,0.045440366,1,10,2.59172086716
261,130.499341446,-544.016799859,178.870861185,0.043817138,1,1.89376220703,2.60857276917
262,130.999340146,-543.517281111,178.892762685,0.042232866,1,10,2.62668743134
263,131.499338846,-543.017728255,178.913872786,0.040662051,1,10,2.64611244202
264,131.999337546,-542.518142823,178.934198158,0.039100916,1,10,2.66623601913
265,132.499336246,-542.018526257,178.953743585,0.037570762,1,10,2.6856388092
266,132.999335046,-541.518880323,178.972524502,0.03605352,1,10,2.70428180695
267,133.499333846,-541.019206454,178.990547313,0.03455691,1,10,2.72217245102
268,133.999332746,-540.519506119,179.007822289,0.033083747,1,10,2.73932123184
269,134.499331546,-540.019780839,179.024361109,0.031627295,1,10,2.75573921204
270,134.999330446,-539.520032001,179.040172084,0.030198296,1,10,2.77143564224
271,135.499329446,-539.020261019,179.055268906,0.0287866,1,10,2.7864233017
272,135.999328346,-538.52046921,179.069660188,0.027395111,1,10,2.80071105957
273,136.499327446,-538.020657814,179.083356004,0.026029212,1,10,2.81430931091
274,136.999326446,-537.520828134,179.096369115,0.024687401,1,10,2.82723054886
275,137.499325546,-537.020981442,179.108711539,0.023366047,1,10,2.83948659897
276,137.999324646,-536.521118815,179.120393478,0.022071329,1,10,2.85108785629
277,138.499323746,-536.021241466,179.131428228,0.020798782,1,10,2.86204719543
278,138.999322946,-535.521350441,179.141826851,0.019550852,1,10,2.87237577438
279,139.499322146,-535.021446787,179.151601639,0.018331582,1,10,2.88208580017
280,139.999321346,-534.521531578,179.160766902,0.017134898,1,10,2.89119129181
281,140.499320646,-534.021605703,179.16933392,0.015964696,1,10,2.89970340729
282,140.999319946,-533.521670126,179.177315917,0.014820864,1,10,2.90763521194
283,141.499319246,-533.021725711,179.184726068,0.013705296,1,10,2.91499977112
284,141.999318646,-532.5217733,179.191578493,0.012615389,1,10,2.92181091309
285,142.499317946,-532.021813706,179.197886012,0.011552732,1,10,2.92808132172
286,142.999317446,-531.521847641,179.203662244,0.010519313,1,10,2.93382453918
287,143.499316846,-531.021875855,179.208921797,0.009513215,1,10,2.93905477524
288,143.999316346,-530.521898998,179.213678328,0.008534949,1,10,2.94378547668
289,144.499315846,-530.021917691,179.217945747,0.007588963,1,10,2.94803056717
290,144.999315446,-529.521932555,179.221740188,0.006664616,1,10,2.95180568695
291,145.499314946,-529.021944086,179.225072469,0.005774196,1,10,2.95512170792
292,145.999314546,-528.521952829,179.227959548,0.004911224,1,10,2.95799512863
293,146.499314146,-528.021959238,179.230415149,0.004077933,1,10,2.96043968201
294,146.999313846,-527.521963744,179.232454108,0.003273576,1,10,2.96246995926
295,147.499313546,-527.021966754,179.234090892,0.002498735,1,10,2.96410007477
296,147.999313246,-526.521968617,179.235340257,0.001752825,1,10,2.96534481049
297,148.499312946,-526.021969669,179.236216669,0.001035254,1,10,2.96621818542
298,148.999312646,-525.521970198,179.236734295,0.000346355,1,10,2.96673440933
299,149.499312446,-525.021970464,179.236907473,-0.000312511,1,10,2.96690759659
300,149.999312246,-524.521970711,179.236751218,-0.000944837,1,10,2.96675252914
301,150.499312046,-524.021971132,179.236278799,-0.001547705,1,10,2.96628227234
302,150.999311846,-523.521971915,179.235504948,-0.002123526,1,10,2.96551160812
303,151.499311646,-523.02197321,179.234443185,-0.002671884,1,10,2.9644536972
304,151.999311546,-522.521975143,179.233107245,-0.003191788,1,10,2.96312227249
305,152.499311346,-522.021977827,179.231511354,-0.003685812,1,10,2.96153144836
306,152.999311246,-521.521981343,179.229668453,-0.004152303,1,10,2.95969390869
307,153.499311146,-521.021985763,179.227592308,-0.004592959,1,10,2.95762348175
308,153.999311046,-520.521991133,179.225295837,-0.005008325,1,10,2.95533285141
309,154.499310946,-520.021997488,179.222791685,-0.005397013,1,10,2.95283460617
310,154.999310846,-519.522004846,179.220093192,-0.005762843,1,10,2.95014209747
311,155.499310846,-519.022013213,179.217211787,-0.006102565,1,10,2.94726657867
312,155.999310746,-518.522022581,179.214160524,-0.006419039,1,10,2.94422111511
313,156.499310746,-518.022032931,179.210951026,-0.006712703,1,10,2.94101724625
314,156.999310646,-517.522044237,179.2075947,-0.006982126,1,10,2.93766622543
315,157.499310646,-517.02205646,179.204103666,-0.007230389,1,10,2.93418035507
316,157.999310646,-516.522069559,179.200488503,-0.007455589,1,10,2.93056993484
317,158.499310546,-516.02208348,179.196760743,-0.007659596,1,10,2.92684659958
318,158.999310546,-515.522098167,179.192930983,-0.007843017,1,10,2.92302083969
319,159.499310546,-515.022113561,179.189009515,-0.008004876,1,10,2.91910295486
320,159.999310546,-514.522129593,179.18500712,-0.008147212,1,10,2.91510381699
321,160.499310546,-514.022146196,179.180933559,-0.008269015,1,10,2.91103305817
322,160.999310546,-513.522163297,179.176799099,-0.00837167,1,10,2.90690088272
323,161.499310546,-513.022180823,179.172613313,-0.008455535,1,10,2.90271701813
324,161.999310546,-512.5221987,179.168385596,-0.008520148,1,10,2.89849071503
325,162.499310546,-512.022216849,179.164125574,-0.008566288,1,10,2.8942317009
326,162.999310546,-511.522235195,179.159842482,-0.008593882,1,10,2.88994913101
327,163.499310546,-511.022253659,179.155545594,-0.008603694,1,10,2.88565235138
328,163.999310546,-510.522272165,179.151243799,-0.008595781,1,10,2.88135023117
329,164.499310546,-510.022290637,179.146945962,-0.008570414,1,10,2.87705154419
330,164.999310546,-509.522309001,179.142660807,-0.008527238,1,10,2.87276515961
331,165.499310546,-509.02232718,179.13839724,-0.008466817,1,10,2.86850004196
332,165.999310546,-508.522345105,179.134163882,-0.008388359,1,10,2.86426458359
333,166.499310446,-508.0223627,179.129969752,-0.008292971,1,10,2.86006803513
334,166.999310446,-507.522379899,179.125823314,-0.008180161,1,10,2.85591878891
335,167.499310446,-507.022396635,179.12173328,-0.008049623,1,10,2.85182561874
336,167.999310446,-506.522412844,179.117708511,-0.0079009,1,10,2.8477973938
337,168.499310446,-506.022428463,179.113758103,-0.00773363,1,10,2.84384307861
338,168.999310446,-505.522443432,179.109891326,-0.007548085,1,10,2.83997220993
339,169.499310446,-505.022457696,179.10611732,-0.007344087,1,10,2.83619375229
340,169.999310446,-504.522471203,179.102445309,-0.007119611,1,10,2.8325170517
341,170.499310346,-504.022483904,179.098885534,-0.006875455,1,10,2.82895231247
342,170.999310346,-503.522495756,179.095447834,-0.006609395,1,10,2.82550954819
343,171.499310246,-503.022506717,179.092143161,-0.006322297,1,10,2.82219953537
344,171.999310246,-502.522516757,179.088982033,-0.006011917,1,10,2.81903295517
345,172.499310146,-502.022525847,179.085976094,-0.005678973,1,10,2.81602144241
346,172.999310146,-501.522533972,179.083136623,-0.005319367,1,10,2.81317634583
347,173.499310046,-501.022541118,179.080476952,-0.004934894,1,10,2.81051111221
348,173.999309946,-500.522547291,179.078009516,-0.00452178,1,10,2.80803813934
349,174.499309846,-500.022552499,179.075748634,-0.004080301,1,10,2.80577192307
350,174.999309746,-499.522556771,179.073708489,-0.003607358,1,10,2.80372667313
351,175.499309646,-499.022560149,179.071904815,-0.003102125,1,10,2.80191822052
352,175.999309546,-498.522562697,179.070353755,-0.002559937,1,10,2.80036287308
353,176.499309346,-498.0225645,179.069073789,-0.001983316,1,10,2.79907922745
354,176.999309146,-497.522565672,179.068082131,-0.001366992,1,10,2.79808473587
355,177.499308946,-497.022566351,179.067398636,-0.00071236,1,10,2.79739933014
356,177.999308746,-496.522566716,179.067042456,-1.2968e-05,1,10,2.79704236984
357,178.499308446,-496.022566987,179.067035972,0.00072904,1,10,2.7970366478
358,178.999308146,-495.52256743,179.067400492,0.001512603,1,10,2.79740362167
359,179.499307746,-495.022568346,179.068156793,0.002352482,1,10,2.79816446304
360,179.999307346,-494.522570119,179.069333032,0.003236121,1,10,2.79934768677
361,180.499306946,-494.022573168,179.070951088,0.004172384,1,10,2.80097541809
362,180.999306446,-493.522578004,179.073037272,0.005165771,1,10,2.803074646
363,181.499305946,-493.022585226,179.075620143,0.006214327,1,10,2.80567426682
364,181.999305346,-492.522595485,179.078727283,0.007311016,1,10,2.80880231857
365,182.499304646,-492.022609522,179.082382753,0.008472871,1,10,2.81248369217
366,182.999303946,-491.522628206,179.086619131,0.009693337,1,10,2.81675138474
367,183.499303046,-491.022652512,179.091465716,0.010979185,1,10,2.82163572311
368,183.999302146,-490.522683569,179.096955188,0.012328865,1,10,2.82716999054
369,184.499301146,-490.02272258,179.103119452,0.01373912,1,10,2.83338680267
370,184.999300046,-489.522770866,179.109988781,0.01522326,1,10,2.8403178215
371,185.499298846,-489.022829996,179.117600099,0.016775158,1,10,2.84800081253
372,185.999297546,-488.522901654,179.125987262,0.018392142,1,10,2.85647029877
373,186.499296146,-488.022987671,179.135182788,0.020077897,1,10,2.86576032639
374,186.999294546,-487.523090018,179.145221031,0.021837117,1,10,2.87590665817
375,187.499292846,-487.023210903,179.156138685,0.02366499,1,10,2.88694696426
376,187.999291046,-486.523352712,179.167970032,0.025566061,1,10,2.89891729355
377,188.499289046,-486.023518067,179.18075162,0.027536064,1,10,2.91185541153
378,188.999286946,-485.523709751,179.194517854,0.029561909,1,10,2.92579612732
379,189.499284746,-485.023930455,179.209296589,0.031674822,1,10,2.94077167511
380,189.999282346,-484.524183649,179.225131276,0.033841745,1,10,2.95682420731
381,190.499279746,-484.024472464,179.242048834,0.036078852,1,10,2.97398414612
382,190.999277046,-483.524800555,179.260084249,0.03838175,1,10,2.99228801727
383,191.499274146,-483.02517171,179.279270301,0.040746699,1,10,3.01177015305
384,191.999271146,-482.525589713,179.299637891,0.043180254,1,10,3.03246450424
385,192.499267946,-482.026058958,179.321221172,0.045660075,1,10,3.05440454483
386,192.999264746,-481.52658336,179.344043127,0.048194118,1,10,3.07761650085
387,193.499261246,-481.027167347,179.368130694,0.050790699,1,10,3.10213108063
388,193.999257646,-480.52781577,179.393514941,0.053441971,1,10,3.12798061371
389,194.499253946,-480.028533323,179.420223011,0.05609455,1,10,3.15518569946
390,194.999250146,-479.52932357,179.448255365,0.058819949,1,10,3.18376131058
391,195.499246246,-479.030192133,179.477648156,0.06157383,1,10,3.2137383461
392,195.999242246,-478.531143631,179.508415377,0.064339052,1,10,3.24512968063
393,196.499238146,-478.032182259,179.540562448,0.067116981,1,10,3.27794265747
394,196.999234046,-477.533312123,179.574095473,0.069941201,1,10,3.31219339371
395,197.499229946,-477.034538677,179.609037281,0.072742019,1,10,3.34789085388
396,197.999225846,-476.535865033,179.645375926,0.075558664,1,10,3.38503408432
397,198.499221646,-476.037295782,179.683119006,0.078348549,1,10,3.42362155914
398,198.999217446,-475.538833764,179.722252889,0.081151332,1,10,3.46365156174
399,199.499213446,-475.040483304,179.762783704,0.08389265,1,10,3.50511083603
400,199.999209446,-474.54224571,179.804680512,0.086636021,1,10,3.54798736572
401,200.499205646,-474.044124807,179.847944021,0.089317264,1,10,3.59226322174
402,200.999201846,-473.546121621,179.892542963,0.091980989,1,10,3.63792142868
403,201.499198246,-473.048238886,179.9384683,0.094567944,1,10,3.68493337631
404,201.999194746,-472.550476472,179.985681496,0.097122351,1,10,3.73327512741
405,202.499191446,-472.052836065,180.034166046,0.099572976,1,10,3.782903862
406,202.999188346,-471.55531575,180.083870001,0.101959426,1,10,3.83378019333
407,203.499185546,-471.057915272,180.13476114,0.104244547,1,10,3.88585567474
408,203.999182846,-470.560632205,180.186788785,0.106441915,1,10,3.93908233643
409,204.499180446,-470.06346441,180.239909045,0.108530235,1,10,3.99340467453
410,204.999178246,-469.566408411,180.294067457,0.110510159,1,10,4.04876499176
411,205.499176346,-469.069460333,180.349209927,0.112362405,1,10,4.10509672165
412,205.999174646,-468.572615019,180.405272797,0.114078459,1,10,4.16232748032
413,206.499173146,-468.075866406,180.462188226,0.115654353,1,10,4.22038249969
414,206.999171946,-467.579207848,180.519886435,0.117079109,1,10,4.27918138504
415,207.499171046,-467.082631777,180.57829223,0.118349439,1,10,4.33864154816
416,207.999170246,-466.586130072,180.637328819,0.119439625,1,10,4.39866676331
417,208.499169746,-466.089692831,180.696906676,0.120358846,1,10,4.45916595459
418,208.999169346,-465.593310393,180.756940864,0.121092579,1,10,4.52003993988
419,209.499169146,-465.096971987,180.817339266,0.12162848,1,10,4.58118333817
420,209.999169046,-464.600665912,180.878003661,0.121969293,1,10,4.64249286652
421,210.499169046,-464.104380469,180.938837209,0.122109261,1,10,4.70386247635
422,210.999168946,-463.608103517,180.999740224,0.122046922,1,10,4.76518592834
423,211.499168946,-463.111822782,181.060612299,0.121793877,1,10,4.82636451721
424,211.999168846,-462.61552671,181.121358786,0.121347758,1,10,4.88729801178
425,212.499168746,-462.119203675,181.181883848,0.120728021,1,10,4.94789848328
426,212.999168446,-461.622843336,181.242101296,0.119938098,1,10,5.00807905197
427,213.499168046,-461.126435717,181.301926622,0.118985136,1,10,5.06775760651
428,213.999167446,-460.629971468,181.361278845,0.117888325,1,10,5.12686328888
429,214.499166746,-460.133442578,181.420086487,0.11664459,1,10,5.18532209396
430,214.999165846,-459.636841122,181.47827651,0.115270503,1,9.89662132263,5.24307098389
431,215.499164746,-459.140160352,181.535784085,0.113765559,1,9.73442630768,5.30004520416
432,215.999163446,-458.643393795,181.592544095,0.112152407,1,9.57022609711,5.35619430542
433,216.499161946,-458.146536517,181.648502651,0.110418007,1,9.40446176529,5.40784864426
434,216.999160346,-457.649583115,181.703599352,0.108572807,1,9.2376578331,5.43484869003
435,217.499158446,-457.152529129,181.757778957,0.106622095,1,9.07032079697,5.43621273041
436,217.999156346,-456.655370598,181.810988829,0.10457092,1,8.90295476913,5.41433763504
437,218.499153946,-456.158104202,181.863178806,0.102426754,1,8.73606834412,5.37147102356
438,218.999151446,-455.660727238,181.914302423,0.100198948,1,8.57016925812,5.30973358154
439,219.499148746,-455.163237782,181.964317837,0.097898468,1,8.40576066971,5.23114061356
440,219.999145846,-454.66563479,182.013188636,0.095526764,1,8.24331016541,5.13763360977
441,220.499142746,-454.167917439,182.060879116,0.093108825,1,8.08333892822,5.03106098175
442,220.999139546,-453.670086366,182.107365996,0.090617046,1,7.92621803284,4.91329059601
443,221.499136246,-453.172141143,182.152612234,0.088087644,1,7.77248334885,4.78606586456
444,221.999132846,-452.674083159,182.196598818,0.085504094,1,7.62251930237,4.65118770599
445,222.499129246,-452.175913362,182.239298484,0.082868108,1,7.4767580986,4.51041517258
446,222.999125446,-451.677632892,182.280684822,0.080153589,1,7.33557109833,4.36554231644
447,223.499121546,-451.179242112,182.320718402,0.077376114,1,7.19942579269,4.21830015182
448,223.999117346,-450.680742336,182.35936754,0.074494612,1,7.06867237091,4.07051286697
449,224.499112846,-450.182133523,182.396580072,0.071516908,1,6.9437743187,3.92393770218
450,224.999108046,-449.683416468,182.432307706,0.068446781,1,6.82517728806,3.78036756516
451,225.499102946,-449.184592348,182.466504031,0.065304006,1,6.71334123611,3.64161329269
452,225.999097546,-448.685663459,182.499132482,0.062144398,1,6.60874929428,3.50950622559
453,226.499092246,-448.186633961,182.530184353,0.059005987,1,6.51180696487,3.38598279953
454,226.999087046,-447.687509258,182.559669927,0.05596695,1,6.42292194366,3.27302970886
455,227.499082346,-447.188296866,182.58763853,0.053063239,1,6.34238605499,3.17277784348
456,227.999078146,-446.689004807,182.614157478,0.050356579,1,6.27047586441,3.08742465973
457,228.499074546,-446.189642231,182.639324946,0.047821165,1,6.20734710693,3.01930303574
458,228.999071446,-445.690216924,182.663226269,0.045469078,1,6.15320138931,2.97075033188
459,229.499068746,-445.190736376,182.685952853,0.043230408,1,6.10818948746,2.94416027069
460,229.999066246,-444.691205984,182.707561218,0.041096307,1,6.07254991531,2.94188623428
461,230.499063946,-444.191630477,182.728103492,0.039019759,1,6.04652004242,2.96035680771
462,230.999061746,-443.692013289,182.747608334,0.036966802,1,6.0265089035,2.97964391708
463,231.499059546,-443.192357076,182.766087445,0.034895103,1,6.00756978989,2.99791240692
464,231.999057346,-442.692663674,182.783531379,0.032789951,1,5.98968830109,3.01515207291
465,232.499054946,-442.192934851,182.799923337,0.030536676,1,5.97286119461,3.03133649826
466,232.999052146,-441.693170774,182.815189216,0.028002329,1,5.95712947845,3.04646072388
467,233.499048446,-441.193370477,182.829188448,0.025108207,1,5.9424993515,3.06046743393
468,233.999043346,-440.693533128,182.841741106,0.021666809,1,5.92912607193,3.07315807343
469,234.499036046,-440.193657789,182.852573504,0.017586915,1,5.91732063293,3.08425531387
470,234.999025746,-439.693745443,182.861366327,0.012694932,1,5.90744771957,3.09344129562
471,235.499011046,-439.193800378,182.867713437,0.006856544,1,5.89999084473,3.1003282547
472,235.998990046,-438.693833196,182.871141537,-6.7572e-05,1,5.89553346634,3.10447893143
473,236.498960646,-438.193862601,182.871107753,-0.008287861,1,5.89477415085,3.1054104805
474,236.998919046,-437.693921358,182.866964215,-0.018111539,1,5.89859466553,3.10257453918
475,237.498860246,-437.194062107,182.857910004,-0.029873026,1,5.90815029144,3.09532880783
476,237.998775746,-436.694369726,182.842978239,-0.043983384,1,5.92494363785,3.08294878006
477,238.498652246,-436.194976616,182.820999065,-0.060992346,1,5.95097494125,3.06463708878
478,238.998473146,-435.69608508,182.790532712,-0.08150157,1,5.98893861771,3.03949680328
479,239.498212646,-435.198004456,182.749848236,-0.105764823,1,6.04218349457,3.00643196106
480,239.997849246,-434.701159815,182.69710273,-0.134144024,1,6.11480484009,2.96439237595
481,240.497358646,-434.20613783,182.630297295,-0.166633744,1,6.21149225235,2.9121254921
482,240.996726946,-433.713686455,182.547470242,-0.203301605,1,6.33771781921,2.848412323
483,241.495943146,-433.224751465,182.446676478,-0.244131449,1,6.49984636307,2.77189054489
484,241.994979946,-432.740512274,182.326052484,-0.289007517,1,6.81624774933,2.68095235825
485,242.493828946,-432.262351987,182.183880013,-0.337603577,1,7.07511358261,2.57350826263
486,242.992484946,-431.791844569,182.018711739,-0.38988227,1,7.39593648911,2.44732275009
487,243.490955546,-431.330782234,181.829253249,-0.445376971,1,7.79031658173,2.29901332855
488,243.989260846,-430.881087497,181.614584293,-0.503345456,1,8.27082672119,2.1239815712
489,244.487418446,-430.444714449,181.374293573,-0.563385555,1,8.85362949371,2.06928024292
490,244.985464046,-430.023640881,181.108311554,-0.624999931,1,9.55814056396,2.60841436386
491,245.483434146,-429.619805472,180.816950632,-0.68735285,1,10,2.82047758102
492,245.981370346,-429.234936515,180.501013452,-0.749838766,1,10,2.85935325623
493,246.479316846,-428.870539868,180.161652552,-0.811846944,1,10,2.94937934875
494,246.977319146,-428.52783481,179.800322274,-0.872768155,1,10,3.06147241592
495,247.475416146,-428.207703737,179.418724694,-0.931807816,1,10,3.18166322708
496,247.973640246,-427.91057094,179.018800502,-0.988791083,1,10,3.30221319199
497,248.472006646,-427.636618848,178.602484112,-1.043256909,1,10,3.41898927689
498,248.970525246,-427.385660192,178.171739925,-1.094916084,1,10,3.52959604263
499,249.469199546,-427.157207018,177.728473475,-1.143555245,1,10,3.63255786896
500,249.968027746,-426.950511847,177.274483763,-1.189314066,1,10,3.72657394409
501,250.467007946,-426.764743201,176.811373291,-1.231956824,1,10,3.81077384949
502,250.966123746,-426.598840718,176.340636744,-1.271674219,1,10,3.88396043777
503,251.465358446,-426.451725532,175.863570283,-1.308511984,1,10,3.94473266602
504,251.964700646,-426.32225236,175.381305456,-1.342861847,1,8.93205986023,3.99103488922
505,252.464132946,-426.209397683,174.894790859,-1.37459843,1,8.22063522339,3.02350101471
506,252.963645446,-426.112021931,174.404861621,-1.404094457,1,7.73116235733,3.11035242081
507,253.463225346,-426.029126216,173.912207213,-1.431088503,1,7.37125854492,3.18440151215
508,253.962871246,-425.959548622,173.417429442,-1.456026943,1,6.07300682068,3.24630565643
509,254.462577046,-425.902323517,172.921011092,-1.478529796,1,5.99555015564,3.29681549072
510,254.962335346,-425.856277955,172.423378596,-1.498960287,1,5.9366396904,3.3365278244
511,255.462141146,-425.820404751,171.92486176,-1.517188106,1,5.89452114105,3.36601934433
512,255.961983946,-425.793621903,171.425737073,-1.533433391,1,5.86715669632,3.38693418503
513,256.461863446,-425.774949282,170.92620643,-1.547567391,1,5.85041284561,3.40071296692
514,256.961771346,-425.763337998,170.42643339,-1.559853681,1,5.84193382263,3.40811700821
515,257.461704546,-425.757867515,169.926530116,-1.570214719,1,5.84038906097,3.40984039307
516,257.961658046,-425.757576738,169.426576722,-1.578798871,1,5.84448032379,3.40664949417
517,258.461626046,-425.761577712,168.9266247,-1.585867291,1,5.85308818817,3.39929504395
518,258.961605446,-425.769112599,168.426702073,-1.591503055,1,5.86528224945,3.38843183517
519,259.461592546,-425.779464955,167.926822203,-1.595879128,1,5.88023815155,3.37471237183
520,259.961584746,-425.792004846,167.426987242,-1.599233981,1,5.89727926254,3.35873947144
521,260.461580546,-425.806221636,166.927193633,-1.601651565,1,5.91585264206,3.34100065231
522,260.961578446,-425.821646742,166.427433749,-1.603293085,1,5.93548631668,3.32196445465
523,261.461577546,-425.837892232,165.927698634,-1.604272359,1,5.95579595566,3.30202322006
524,261.961577246,-425.854627112,165.427979066,-1.604723065,1,5.97647047043,3.28152122498
525,262.461577146,-425.871587226,164.928266851,-1.604720181,1,5.99725866318,3.26073198318
526,262.961577146,-425.888545898,164.428554585,-1.604359649,1,6.01795625687,3.23989620209
527,263.461576946,-425.905324403,163.928836351,-1.603724855,1,6.03840637207,3.21920576096
528,263.961576646,-425.921785681,163.429107723,-1.602862645,1,6.05848560333,3.19880609512
529,264.461576146,-425.937816076,162.929365259,-1.601831115,1,6.07809696198,3.17882041931
530,264.961575446,-425.953330959,162.429606682,-1.600639434,1,6.09716081619,3.15933647156
531,265.461574646,-425.968250273,161.929830154,-1.599339512,1,6.11561174393,3.140442276
532,265.961573646,-425.982519899,161.430034809,-1.597954755,1,6.13340330124,3.12219581604
533,266.461572546,-425.996097415,160.930220281,-1.596511544,1,6.15050058365,3.10464344025
534,266.961571446,-426.008953577,160.430386739,-1.595053503,1,6.16688451767,3.08781919479
535,267.461570246,-426.021080948,159.930534947,-1.593633025,1,6.18255815506,3.07173566818
536,267.961569246,-426.032498281,159.430666382,-1.592251857,1,6.197539711,3.05637331009
537,268.461568246,-426.043225202,158.930782437,-1.590939,1,6.21185321808,3.04171438217
538,268.961567446,-426.053295841,158.430884719,-1.589702406,1,6.22553262711,3.02772426605
539,269.461566646,-426.062748302,157.930974842,-1.588543338,1,6.23861455917,3.01436395645
540,269.961565946,-426.07162133,157.431054242,-1.587473194,1,6.25113811493,3.00159435272
541,270.461565446,-426.079959368,156.931124331,-1.58648113,1,6.2631444931,2.9893693924
542,270.961564946,-426.087801441,156.431186311,-1.58556205,1,6.27467069626,2.97764883041
543,271.461564546,-426.095184029,155.931241213,-1.584728343,1,6.28575382233,2.96639614105
544,271.961564146,-426.102149807,155.431290076,-1.583957595,1,6.29643230438,2.95556669235
545,272.461563946,-426.108730247,154.931333666,-1.583249377,1,6.30673666,2.94512844086
546,272.961563646,-426.114956609,154.431372672,-1.582606919,1,6.31669788361,2.93504972458
547,273.461563446,-426.120861765,153.931407742,-1.582014732,1,6.32634620667,2.92529649734
548,273.961563346,-426.126470848,153.431439371,-1.581469949,1,6.33570594788,2.91584310532
549,274.461563146,-426.131807556,152.931467994,-1.580968335,1,6.34479990005,2.90666542053
550,274.961563046,-426.136893472,152.431493985,-1.580504438,1,6.3536485672,2.89774131775
551,275.461562946,-426.14174745,151.931517652,-1.58006817,1,6.36226949692,2.88905134201
552,275.961562846,-426.146383304,151.431539235,-1.579661965,1,6.37067661285,2.8805814743
553,276.461562746,-426.150816064,150.931558965,-1.579279422,1,6.37888393402,2.87231645584
554,276.961562646,-426.15505756,150.431577027,-1.578915388,1,6.38690271378,2.86424407959
555,277.461562646,-426.159117046,149.931593574,-1.578563684,1,6.39474134445,2.85635471344
556,277.961562546,-426.163000685,149.431608719,-1.57822612,1,6.40240631104,2.84864225388
557,278.461562546,-426.166715547,148.931622577,-1.577893323,1,6.40990352631,2.84109916687
558,278.961562446,-426.170264015,148.431635226,-1.57756283,1,6.41723527908,2.83372297287
559,279.461562346,-426.173647241,147.931646728,-1.577233618,1,6.42440242767,2.8265124321
560,279.961562346,-426.176865864,147.431657145,-1.576897873,1,6.43140506744,2.81946659088
561,280.461562246,-426.179916617,146.931666512,-1.576556978,1,6.43824005127,2.81258888245
562,280.961562246,-426.182796927,146.431674871,-1.576206135,1,6.44490442276,2.80588159561
563,281.461562146,-426.185501817,145.931682253,-1.575841988,1,6.45139303207,2.79934968948
564,281.961562046,-426.188024637,145.431688689,-1.575461705,1,6.45769910812,2.79299964905
565,282.461562046,-426.190357317,144.93169421,-1.575065972,1,6.46381473541,2.78683977127
566,282.961561946,-426.192492133,144.431698855,-1.574645493,1,6.46973161697,2.78087749481
567,283.461561846,-426.194416712,143.931702656,-1.574203755,1,6.47543773651,2.77512531281
568,283.961561746,-426.196120422,143.431705666,-1.573735926,1,6.48092250824,2.76959381104
569,284.461561546,-426.197590219,142.931707947,-1.573240441,1,6.48617286682,2.76429615021
570,284.961561446,-426.198812275,142.431709578,-1.572712845,1,6.49117507935,2.75924606323
571,285.461561246,-426.199770533,141.931710651,-1.572158941,1,6.49591369629,2.75446004868
572,285.961561146,-426.20045184,141.431711286,-1.571563998,1,6.50037498474,2.74995079041
573,286.461560946,-426.200835675,140.931711628,-1.570933512,1,6.50453939438,2.74573936462
574,286.961560746,-426.200904268,140.431711854,-1.570263576,1,6.50838918686,2.74184350967
575,287.461560446,-426.200637893,139.931712177,-1.569558566,1,6.51190547943,2.73828325272
576,287.961560146,-426.200019013,139.431712841,-1.56879535,1,6.51507024765,2.73507604599
577,288.461559846,-426.199018526,138.93171416,-1.567998372,1,6.51785621643,2.73225154877
578,288.961559546,-426.197619551,138.431716472,-1.567148074,1,6.52024641037,2.72982673645
579,289.461559146,-426.19579543,137.931720202,-1.566241532,1,6.52221498489,2.72782859802
580,289.961558646,-426.193518043,137.431725849,-1.565283951,1,6.52373495102,2.72628564835
581,290.461558146,-426.190761872,136.93173395,-1.564277246,1,6.52478170395,2.72522392273
582,290.961557546,-426.187502358,136.431745144,-1.563208256,1,6.52533168793,2.72466821671
583,291.461556946,-426.183708364,135.931760163,-1.562080486,1,6.52535505295,2.72465028763
584,291.961556246,-426.179350504,135.431779851,-1.560891477,1,6.52482376099,2.72520017624
585,292.461555446,-426.174398168,134.931805171,-1.559644679,1,6.52370843887,2.72634887695
586,292.961554546,-426.16882247,134.43183712,-1.558322075,1,6.52198228836,2.72812633514
587,293.461553646,-426.162585517,133.931876983,-1.556944989,1,6.51960840225,2.73057069778
588,293.961552546,-426.155660084,133.431925986,-1.555493082,1,6.51656198502,2.73371047974
589,294.461551446,-426.148008778,132.931985681,-1.553973973,1,6.51280727386,2.73758363724
590,294.961550146,-426.139598019,132.432057713,-1.552375449,1,6.50831356049,2.7422252655
591,295.461548746,-426.130388127,131.932143929,-1.55071648,1,6.5030418396,2.74767532349
592,295.961547246,-426.120348909,131.432246257,-1.548972086,1,6.49696617126,2.75396604538
593,296.461545546,-426.10943769,130.932366968,-1.547148494,1,6.49004602432,2.76114110947
594,296.961543746,-426.097614919,130.43250858,-1.545259246,1,6.48224277496,2.76924095154
595,297.461541746,-426.084847817,129.932673591,-1.543287925,1,6.47352800369,2.77830028534
596,297.961539646,-426.071095409,129.432864891,-1.541229737,1,6.46386432648,2.78836231232
597,298.461537346,-426.056314336,128.933085741,-1.539099627,1,6.45320911407,2.79947090149
598,298.961534846,-426.040468718,128.433339354,-1.53688231,1,6.44153175354,2.81166496277
599,299.461532146,-426.023515052,127.933629572,-1.534577132,1,6.42879199982,2.82499017715
600,299.961529246,-426.005409519,127.43396041,-1.532202626,1,6.41494588852,2.8394908905
601,300.461526146,-425.986117578,126.934335803,-1.529722286,1,6.39996910095,2.85520715714
602,300.961522846,-425.965586469,126.43476086,-1.527163286,1,6.38380699158,2.87219209671
603,301.461519346,-425.943777024,125.935240266,-1.524527371,1,6.36642303467,2.89048719406
604,301.961515546,-425.920650975,125.435779158,-1.52178593,1,6.3477891922,2.91013698578
605,302.461511446,-425.896155786,124.936383629,-1.518949331,1,6.32785463333,2.9311964035
606,302.961507146,-425.870244123,124.437059795,-1.516046194,1,6.30656719208,2.95371246338
607,303.461502546,-425.842882984,123.93781362,-1.5130501,1,6.28390445709,2.97772531509
608,303.961497646,-425.814026193,123.438651862,-1.509957916,1,6.25982494354,3.0022108078
609,304.461492546,-425.783626061,122.939582014,-1.50679656,1,6.23542776108,3.02498903275
610,304.961487146,-425.751648367,122.440611094,-1.503546132,1,6.21287708282,3.04605340958
611,305.461481446,-425.718048992,121.941747005,-1.500198419,1,6.19214468002,3.0654753685
612,305.961475346,-425.682779781,121.442998564,-1.496771578,1,6.17313632965,3.08332700729
613,306.461469046,-425.645801665,120.944374124,-1.493259092,1,6.15577478409,3.09967489243
614,306.961462346,-425.607072398,120.445883015,-1.489670013,1,6.13997650146,3.11458683014
615,307.461455446,-425.566554285,119.947534424,-1.485998616,1,6.12566633224,3.12812795639
616,307.961448246,-425.524206833,119.449338178,-1.482234566,1,6.11276741028,3.14036636353
617,308.461440546,-425.47998449,118.95130531,-1.478379806,1,6.10119581223,3.15137405396
618,308.961432646,-425.43384271,118.453446891,-1.474444232,1,6.09086809158,3.16122198105
619,309.461424246,-425.385741976,117.955774369,-1.470451604,1,6.08170528412,3.16997537613
620,309.961415646,-425.335654631,117.458298066,-1.466334976,1,6.07365226746,3.17769289017
621,310.461406746,-425.283519823,116.96103248,-1.462181131,1,6.0666021347,3.1844587326
622,310.961397546,-425.229319948,116.463988118,-1.457916047,1,6.0605091095,3.19032287598
623,311.461387846,-425.173000681,115.967179839,-1.45361551,1,6.05527572632,3.19536581039
624,311.961377846,-425.114545438,115.47061869,-1.4491823,1,6.05085744858,3.19963703156
625,312.461367546,-425.053889449,114.974321819,-1.444717445,1,6.04714651108,3.20322790146
626,312.961356946,-424.991018225,114.478301094,-1.440161277,1,6.04409742355,3.20618467331
627,313.461345946,-424.925887754,113.98257231,-1.435574059,1,6.04162845612,3.20858011246
628,313.961334546,-424.858484006,113.48714785,-1.430886304,1,6.0396944046,3.21046037674
629,314.461322946,-424.788758615,112.992045065,-1.426165356,1,6.03821020126,3.21190309525
630,314.961311046,-424.716696701,112.497277282,-1.421375317,1,6.03712854385,3.21295480728
631,315.461298846,-424.642265709,112.002860632,-1.416518849,1,6.03638343811,3.21367893219
632,315.961286246,-424.565434548,111.508811694,-1.411605759,1,6.03591012955,3.21413764954
633,316.461273446,-424.48617705,111.015146392,-1.406644929,1,6.03564949036,3.21438846588
634,316.961260246,-424.404471596,110.521880644,-1.401652491,1,6.03554725647,3.21448411942
635,317.461247046,-424.320304587,110.029029037,-1.396596965,1,6.0355676651,3.21445970535
636,317.961233646,-424.233647076,109.536609435,-1.391496817,1,6.03567218781,3.21435260773
637,318.461219846,-424.144479363,109.044638609,-1.386363385,1,6.03583269119,3.21419057846
638,318.961205846,-424.052787369,108.553132165,-1.381192357,1,6.03602685928,3.21399583817
639,319.461191646,-423.958555066,108.062106687,-1.375991904,1,6.03623018265,3.21379289627
640,319.961177446,-423.861770477,107.571577804,-1.370760984,1,6.03642253876,3.21360177994
641,320.461163146,-423.762421336,107.081562052,-1.365506679,1,6.03658304214,3.21344337463
642,320.961148446,-423.660498958,106.59207542,-1.360218399,1,6.03669490814,3.21333465576
643,321.461133646,-423.555989504,106.103134755,-1.35491537,1,6.03673553467,3.21329813004
644,321.961118646,-423.448888706,105.614755366,-1.349598147,1,6.03669233322,3.21334629059
645,322.461103946,-423.339192563,105.126952143,-1.344257216,1,6.03655309677,3.21349182129
646,322.961089046,-423.226892694,104.63974184,-1.338912879,1,6.03630056381,3.21375150681
647,323.461073946,-423.111990676,104.153138876,-1.33354915,1,6.03592834473,3.21413240433
648,323.961058746,-422.994480345,103.667159329,-1.328184717,1,6.03542127609,3.21464929581
649,324.461043446,-422.874364739,103.181817251,-1.322818256,1,6.03477420807,3.21530733109
650,324.961028446,-422.75164622,102.697126419,-1.317441397,1,6.03398132324,3.21611289978
651,325.461013446,-422.626323395,102.213102511,-1.312082784,1,6.03303222656,3.21707553864
652,325.960998346,-422.498408695,101.729757147,-1.306721521,1,6.03193073273,3.21819124222
653,326.460983246,-422.367904517,101.247104555,-1.301362719,1,6.03067178726,3.21946611404
654,326.960968046,-422.234815792,100.76515826,-1.29597172,1,6.02925281525,3.22090425491
655,327.460953146,-422.099130784,100.283936246,-1.290642072,1,6.02764968872,3.22252473831
656,327.960938146,-421.960882961,99.803444177,-1.285286976,1,6.02589187622,3.22430295944
657,328.460923246,-421.820064061,99.323699356,-1.279968988,1,6.02395954132,3.22625484467
658,328.960908346,-421.676695868,98.844710126,-1.274687203,1,6.02186689377,3.22836637497
659,329.460893746,-421.530799698,98.366484585,-1.269411128,1,6.01962881088,3.23062419891
660,329.960879146,-421.382382397,97.889035392,-1.264126806,1,6.01724462509,3.23303012848
661,330.460864746,-421.231444147,97.412377025,-1.258895315,1,6.01470317841,3.23559093475
662,330.960850246,-421.078014347,96.936514834,-1.253671264,1,6.01202869415,3.23828544617
663,331.460835946,-420.922100671,96.461460498,-1.248419408,1,6.00922279358,3.2411149025
664,331.960821746,-420.763694206,95.987231445,-1.243253157,1,6.00626163483,3.24409399033
665,332.460807846,-420.602839785,95.513826805,-1.238111745,1,6.00318717957,3.24718542099
666,332.960794046,-420.439553488,95.041255308,-1.232979889,1,6.00000886917,3.25038099289
667,333.460780446,-420.273844142,94.569527876,-1.22785754,1,5.99672765732,3.25367946625
668,333.960766846,-420.105720605,94.098655385,-1.222807804,1,5.99334106445,3.25707798004
669,334.460753246,-419.935221445,93.628637888,-1.217769031,1,5.98988523483,3.26054553986
670,334.960740146,-419.762356,93.15948506,-1.21274926,1,5.98636131287,3.26408061981
671,335.460727146,-419.587137638,92.691205709,-1.207768112,1,5.98277196884,3.26767845154
672,335.960714246,-419.40958885,92.223804845,-1.202816341,1,5.97913188934,3.27132558823
673,336.460701346,-419.229727804,91.757288939,-1.197901028,1,5.97544956207,3.27501249313
674,336.960688546,-419.047575813,91.291662593,-1.193006708,1,5.97173891068,3.27872676849
675,337.460676246,-418.863146939,90.826932954,-1.188152957,1,5.96800374985,3.28246278763
676,337.960664046,-418.676464504,90.363103808,-1.183317455,1,5.96426048279,3.28620624542
677,338.460651946,-418.487541392,89.900182734,-1.178538421,1,5.96051044464,3.2899520874
678,338.960639746,-418.296408128,89.438169804,-1.173801559,1,5.956777668,3.29367790222
679,339.460627946,-418.103088405,88.977067142,-1.16905395,1,5.95308113098,3.2973692894
680,339.960616346,-417.907581643,88.516887265,-1.164354236,1,5.94940671921,3.30103521347
681,340.460604946,-417.709914278,88.057631164,-1.159704786,1,5.94577331543,3.30465660095
682,340.960593546,-417.51011375,87.599299022,-1.155070177,1,5.94220294952,3.30821466446
683,341.460582146,-417.30819116,87.141897739,-1.150447873,1,5.93869829178,3.31170701981
684,341.960571146,-417.104156369,86.685434424,-1.145903918,1,5.93525657654,3.31513061523
685,342.460560346,-416.898049446,86.229902731,-1.141371214,1,5.93191614151,3.31845331192
686,342.960549646,-416.689879808,85.775309827,-1.136862835,1,5.92867698669,3.32167406082
687,343.460539046,-416.479662771,85.32165995,-1.132370446,1,5.92554683685,3.32478637695
688,343.960528446,-416.267409905,84.868959058,-1.127919996,1,5.92252750397,3.32778453827
689,344.460517946,-416.05314436,84.417207129,-1.123489241,1,5.91963663101,3.33065481186
690,344.960507846,-415.836879182,83.966408696,-1.119085245,1,5.91687889099,3.33339138031
691,345.460497746,-415.618630741,83.516566957,-1.114706018,1,5.91426324844,3.33598556519
692,345.960487846,-415.398414406,83.067685216,-1.110369195,1,5.91179676056,3.33842935562
693,346.460477846,-415.176253452,82.619762785,-1.106065451,1,5.90949668884,3.34070625305
694,346.960468046,-414.952166706,82.172800396,-1.101735443,1,5.90737752914,3.34280567169
695,347.460458446,-414.72614666,81.726812385,-1.097467189,1,5.90541820526,3.3447432518
696,347.960448946,-414.49822503,81.281793027,-1.093217916,1,5.90364704132,3.34649353027
697,348.460439546,-414.268414427,80.837746133,-1.088969113,1,5.90206985474,3.34805173874
698,348.960429946,-414.036719265,80.39467972,-1.084730824,1,5.90068206787,3.34942178726
699,349.460420746,-413.803148237,79.952599067,-1.080549608,1,5.89948368073,3.35060186386
700,349.960411446,-413.567730804,79.511498854,-1.07636989,1,5.89850063324,3.35156860352
701,350.460402446,-413.330471676,79.071386317,-1.072198563,1,5.89772939682,3.35232524872
702,350.960393446,-413.091378731,78.632267232,-1.068049325,1,5.8971698761,3.35287151337
703,351.460384346,-412.850465908,78.194144099,-1.063923438,1,5.89682912827,3.35320053101
704,351.960375346,-412.607747415,77.75701853,-1.05978115,1,5.89671554565,3.35330467224
705,352.460366446,-412.363220292,77.320902088,-1.055671059,1,5.8968164444,3.353195858
706,352.960357646,-412.116902671,76.885794196,-1.051574071,1,5.89714431763,3.35286197662
707,353.460348946,-411.868804469,76.451699075,-1.047478923,1,5.897701931,3.35230035782
708,353.960340046,-411.618930744,76.018623722,-1.043384577,1,5.89848508835,3.35151519775
709,354.460331346,-411.367285884,75.586574937,-1.039325997,1,5.8994887352,3.35051145554
710,354.960322646,-411.113889601,75.155551036,-1.035254999,1,5.90072517395,3.3492767334
711,355.460314046,-410.858740648,74.725562149,-1.031185616,1,5.90218276978,3.3478228569
712,355.960305546,-410.601844024,74.296615121,-1.027137663,1,5.90385694504,3.34615421295
713,356.460296746,-410.343213232,73.868711642,-1.023091806,1,5.90575284958,3.3442656517
714,356.960288146,-410.08285328,73.441857972,-1.019037332,1,5.90786581039,3.34216127396
715,357.460279546,-409.820764794,73.016063409,-1.01499409,1,5.91018657684,3.33985090256
716,357.960271046,-409.556956797,72.591331904,-1.010953239,1,5.91271505356,3.33733415604
717,358.460262546,-409.291434702,72.167669905,-1.006907102,1,5.91544694901,3.33461503983
718,358.960253846,-409.024200677,71.745085845,-1.002854452,1,5.91837425232,3.33170146942
719,359.460245146,-408.755256241,71.323588219,-0.99883776,1,5.92148942947,3.328602314
720,359.960236646,-408.484620894,70.903174166,-0.994779403,1,5.92480316162,3.32530384064
721,360.460228146,-408.21228157,70.483861877,-0.99074185,1,5.92829093933,3.32183294296
722,360.960219646,-407.938251483,70.065652601,-0.986691287,1,5.93195714951,3.31818380356
723,361.460210946,-407.66252978,69.648556899,-0.982643771,1,5.93579034805,3.31436815262
724,361.960202146,-407.385122146,69.232580611,-0.978571077,1,5.93978595734,3.31038923264
725,362.460193546,-407.106022611,68.817737473,-0.974540225,1,5.9439289093,3.30626573563
726,362.960185046,-406.825253131,68.404022643,-0.970476929,1,5.94823198318,3.30198030472
727,363.460176446,-406.542804927,67.991452076,-0.966412447,1,5.95267524719,3.29755477905
728,363.960167746,-406.25868231,67.580033114,-0.962346177,1,5.95725307465,3.29299459457
729,364.460158946,-405.972889107,67.169772871,-0.958266888,1,5.96195907593,3.28830528259
730,364.960150146,-405.685424731,66.760681892,-0.954188036,1,5.96678247452,3.2834985733
731,365.460141546,-405.396294015,66.352766675,-0.950097874,1,5.97171792984,3.2785785675
732,365.960132846,-405.105497317,65.946037508,-0.946016665,1,5.97675609589,3.27355632782
733,366.460123946,-404.81304322,65.540498695,-0.941921916,1,5.98189554214,3.26843137741
734,366.960115146,-404.518930996,65.136160798,-0.937823511,1,5.98712511063,3.26321554184
735,367.460106246,-404.223164133,64.733031721,-0.933712257,1,5.99243803024,3.25791501999
736,367.960097446,-403.925742307,64.331121885,-0.929598175,1,5.99782352448,3.25254096985
737,368.460088646,-403.626669577,63.930439149,-0.925485579,1,6.00327606201,3.24709939957
738,368.960079646,-403.325951619,63.530989877,-0.921368023,1,6.00879135132,3.24159412384
739,369.460070646,-403.02359144,63.132782182,-0.917230409,1,6.014361763,3.23603143692
740,369.960061646,-402.719586271,62.735829005,-0.913097047,1,6.01997404099,3.23042640686
741,370.460052746,-402.413942861,62.34013566,-0.908956942,1,6.02562541962,3.22478113174
742,370.960043746,-402.106663937,61.945711192,-0.904822043,1,6.03130884171,3.2191034317
743,371.460034646,-401.797756782,61.552560715,-0.900676473,1,6.0370218277,3.21339454651
744,371.960025646,-401.487222404,61.160694147,-0.896524778,1,6.04275503159,3.20766420364
745,372.460016546,-401.175063876,60.770120296,-0.892365588,1,6.04850130081,3.2019194603
746,372.960007546,-400.861283501,60.380848045,-0.888209832,1,6.05425329208,3.19616861343
747,373.459998446,-400.545888192,59.992883237,-0.884050833,1,6.06000833511,3.19041366577
748,373.959989346,-400.228882084,59.606233525,-0.879886224,1,6.06576023102,3.18466033936
749,374.459980346,-399.910268429,59.220907302,-0.875714854,1,6.07150068283,3.17891693115
750,374.959971146,-399.59005031,58.836913599,-0.871549203,1,6.07722177505,3.1731924057
751,375.459962046,-399.268235307,58.454257043,-0.867391651,1,6.0829211235,3.16748952866
752,375.959952946,-398.944832197,58.072941778,-0.863210431,1,6.08859539032,3.16180868149
753,376.459943846,-398.619837592,57.692982103,-0.85903564,1,6.09422912598,3.15616798401
754,376.959934746,-398.293259525,57.314382467,-0.854871242,1,6.09982070923,3.1505695343
755,377.459925546,-397.965107748,56.937146218,-0.850697794,1,6.1053686142,3.14501314163
756,377.959916446,-397.635384371,56.561282676,-0.846519596,1,6.11086339951,3.13950862885
757,378.459907346,-397.304093453,56.186800069,-0.842363198,1,6.11629896164,3.13406448364
758,378.959898146,-396.971248924,55.813697695,-0.838204012,1,6.12167949677,3.12867431641
759,379.459889146,-396.636855414,55.441982838,-0.834030649,1,6.12699785233,3.12334451675
760,379.959879946,-396.300913617,55.071666866,-0.829871688,1,6.1322432518,3.11808815002
761,380.459870846,-395.963434512,54.702751165,-0.825718364,1,6.13741722107,3.1129029274
762,380.959861746,-395.624426115,54.335240323,-0.82156653,1,6.14251728058,3.10779123306
763,381.459852746,-395.283894778,53.969140128,-0.817412161,1,6.14753875732,3.10275735855
764,381.959843746,-394.941845395,53.604457702,-0.813273145,1,6.1524764061,3.09780797958
765,382.459834646,-394.598289634,53.241194264,-0.809131475,1,6.15733175278,3.09294013977
766,382.959825646,-394.253232214,52.879356735,-0.805002173,1,6.16209917068,3.08816070557
767,383.459816746,-393.906683592,52.518947122,-0.800880847,1,6.16677980423,3.08346824646
768,383.959807846,-393.558652502,52.159968753,-0.79675183,1,6.17137174606,3.07886352539
769,384.459798946,-393.209142135,51.802430447,-0.792645389,1,6.17586765289,3.07435598373
770,384.959790046,-392.858166582,51.446330467,-0.78854256,1,6.1802731514,3.06993398666
771,385.459781146,-392.505732883,51.091673388,-0.784458889,1,6.18458557129,3.06561546326
772,385.959772446,-392.151853756,50.738458416,-0.780353143,1,6.18880815506,3.06138048172
773,386.459763646,-391.796527406,50.386699356,-0.776291437,1,6.19292764664,3.0572508812
774,386.959754946,-391.439775203,50.036386381,-0.77222067,1,6.19695920944,3.05320854187
775,387.459746146,-391.081599985,49.687528625,-0.768160504,1,6.20089426041,3.04926309586
776,387.959737546,-390.722011221,49.340127911,-0.764115313,1,6.20473356247,3.04541397095
777,388.459729046,-390.361019981,48.994184527,-0.760079711,1,6.20847969055,3.04165840149
778,388.959720446,-389.998635661,48.649700837,-0.756056604,1,6.21213293076,3.03799610138
779,389.459712046,-389.634868271,48.306677735,-0.752043024,1,6.21569480896,3.03442564011
780,389.959703446,-389.269727139,47.965117473,-0.748035881,1,6.21916542053,3.03094654083
781,390.459694946,-388.903220204,47.625023068,-0.744050371,1,6.2225438118,3.0275604248
782,390.959686746,-388.535360583,47.286391939,-0.740068952,1,6.22583589554,3.02426080704
783,391.459678346,-388.16615572,46.949228157,-0.736105801,1,6.22903957367,3.02105016708
784,391.959670246,-387.795617394,46.613530113,-0.732153119,1,6.23215942383,3.01792383194
785,392.459661946,-387.423755127,46.279299369,-0.728212588,1,6.23519620895,3.01488084793
786,392.959653746,-387.050578661,45.946536512,-0.72428365,1,6.23815174103,3.01191940308
787,393.459645746,-386.676097514,45.615242265,-0.720379282,1,6.24102783203,3.00903835297
788,393.959637646,-386.300325777,45.285412694,-0.716468668,1,6.24383163452,3.00622911453
789,394.459629746,-385.923266971,44.957055044,-0.712582829,1,6.24655666351,3.0034995079
790,394.959621746,-385.544935132,44.630165112,-0.708708124,1,6.24921073914,3.00084104538
791,395.459613846,-385.165339495,44.304743522,-0.704848764,1,6.25179538727,2.99825248718
792,395.959606146,-384.784490611,43.980789213,-0.700999594,1,6.25431404114,2.99573011398
793,396.459598346,-384.402397616,43.658303269,-0.697172868,1,6.25676774979,2.99327306747
794,396.959590746,-384.019073262,43.337281769,-0.693353703,1,6.25916204453,2.99087553024
795,397.459583046,-383.634525732,43.017726635,-0.689547131,1,6.26149578094,2.98853883743
796,397.959575346,-383.248764553,42.699637597,-0.685758975,1,6.26377000809,2.98626194
797,398.459567846,-382.861801005,42.383012023,-0.681984147,1,6.26598863602,2.98404083252
798,398.959560346,-382.473645036,42.067849444,-0.678218872,1,6.26815299988,2.98187408447
799,399.459553046,-382.084305043,41.754150525,-0.674472111,1,6.27026290894,2.97976207733
800,399.959545546,-381.693792485,41.441912612,-0.670736304,1,6.27232227325,2.9777007103
801,400.459538146,-381.302116176,41.13113574,-0.66701185,1,6.27433128357,2.97568979263
802,400.959530946,-380.909284949,40.821819671,-0.663313404,1,6.27629070282,2.97372875214
803,401.459523846,-380.515312409,40.51395857,-0.659609165,1,6.27820796967,2.97180967331
804,401.959516746,-380.120202124,40.207558899,-0.655930215,1,6.28007545471,2.96994075775
805,402.459509546,-379.723967327,39.902614921,-0.65226205,1,6.28190050125,2.96811447144
806,402.959502446,-379.326616603,39.599126437,-0.64860081,1,6.28368320465,2.96633033752
807,403.459495446,-378.928157272,39.297094685,-0.644969527,1,6.28542232513,2.96459026337
808,403.959488546,-378.528603723,38.996511774,-0.641339094,1,6.28712730408,2.96288414001
809,404.459481646,-378.12796155,38.697381384,-0.637722162,1,6.28879375458,2.96121673584
810,404.959474746,-377.726240106,38.399702073,-0.634120223,1,6.29042329788,2.95958633423
811,405.459467846,-377.323449037,38.103471658,-0.630538242,1,6.29201841354,2.95799036026
812,405.959461146,-376.919599334,37.808685836,-0.626954456,1,6.2935839653,2.95642404556
813,406.459454546,-376.514695685,37.515349148,-0.623386767,1,6.29511423111,2.95489311218
814,406.959447946,-376.108748086,37.223458898,-0.619835831,1,6.29661207199,2.95339460373
815,407.459441246,-375.701766603,36.933012006,-0.616291189,1,6.29808101654,2.95192499161
816,407.959434546,-375.293758148,36.64400954,-0.612761667,1,6.29951934814,2.95048618317
817,408.459428046,-374.884732039,36.356448834,-0.609245114,1,6.30092954636,2.94907522202
818,408.959421646,-374.47469716,36.070328211,-0.605736184,1,6.30231323242,2.94769124985
819,409.459415246,-374.063660852,35.785648146,-0.602238504,1,6.3036693573,2.94633464813
820,409.959408846,-373.651631377,35.502407517,-0.598754745,1,6.3049987793,2.94500494003
821,410.459402346,-373.23861767,35.220604021,-0.595281625,1,6.30630350113,2.94369983673
822,410.959396046,-372.824627558,34.940236559,-0.59181589,1,6.307584095,2.94241886139
823,411.459389846,-372.409668182,34.661305508,-0.588373289,1,6.30883951187,2.94116325378
824,411.959383746,-371.993751009,34.383804641,-0.584942215,1,6.31007652283,2.93992605209
825,412.459377546,-371.57688417,34.107732454,-0.581495357,1,6.31129598618,2.93870620728
826,412.959371246,-371.159068287,33.833098824,-0.578059761,1,6.31248550415,2.93751630783
827,413.459365146,-370.740311232,33.559902187,-0.574652145,1,6.31364593506,2.93635559082
828,413.959359146,-370.320625587,33.288134049,-0.57125161,1,6.31478672028,2.93521461487
829,414.459353146,-369.900018173,33.017794609,-0.567848088,1,6.31590671539,2.93409442902
830,414.959347146,-369.478493096,32.748888283,-0.56448395,1,6.31699981689,2.93300123215
831,415.459341046,-369.056065824,32.481401579,-0.561106168,1,6.31808109283,2.93191976547
832,415.959335046,-368.63273741,32.215343239,-0.557744327,1,6.31913919449,2.93086156845
833,416.459329146,-368.208516845,31.950709501,-0.554396667,1,6.32017765045,2.92982301712
834,416.959323346,-367.78341269,31.68749735,-0.551049403,1,6.32119894028,2.92880153656
835,417.459317446,-367.35742994,31.425709645,-0.54771669,1,6.32219877243,2.92780151367
836,417.959311546,-366.930577074,31.165343057,-0.544385009,1,6.32318019867,2.92682008743
837,418.459305646,-366.502859121,30.906400049,-0.541078613,1,6.32413911819,2.92586107254
838,418.959299946,-366.074287205,30.648872578,-0.537759463,1,6.32508392334,2.92491617203
839,419.459294346,-365.644862828,30.392768988,-0.534468165,1,6.32600383759,2.92399616241
840,419.959288646,-365.214597914,30.138080174,-0.531165137,1,6.32690849304,2.92309150696
841,420.459282846,-364.783494116,29.884813931,-0.527910617,1,6.32778768539,2.92221221924
842,420.959277246,-364.351568268,29.632952019,-0.524606752,1,6.32866153717,2.92133836746
843,421.459271646,-363.918812602,29.38251847,-0.521351621,1,6.32950105667,2.92049856186
844,421.959266146,-363.485243997,29.133494899,-0.518098979,1,6.33032617569,2.91967372894
845,422.459260646,-363.050867709,28.88588289,-0.514851033,1,6.33113327026,2.91886663437
846,422.959254946,-362.615689555,28.639683056,-0.511597752,1,6.33191947937,2.91808042526
847,423.459249546,-362.179712632,28.394900214,-0.508395338,1,6.33267726898,2.91732273102
848,423.959244046,-361.742954007,28.15151478,-0.505170237,1,6.33342685699,2.91657304764
849,424.459238646,-361.305412664,27.909539173,-0.501960309,1,6.33415203094,2.91584796906
850,424.959233346,-360.867096853,27.668969287,-0.498757164,1,6.33485527039,2.91514472961
851,425.459227846,-360.42801279,27.429804664,-0.495580933,1,6.33553495407,2.91446523666
852,425.959222546,-359.988171188,27.192035817,-0.492374754,1,6.3361995697,2.91380081177
853,426.459217246,-359.547569469,26.955678373,-0.489207421,1,6.33682889938,2.91317157745
854,426.959212046,-359.106221283,26.720717616,-0.4860388,1,6.33743753433,2.91256313324
855,427.459206746,-358.664130818,26.487156503,-0.482883078,1,6.33801965714,2.9119811058
856,427.959201446,-358.221305588,26.254991712,-0.479737382,1,6.33857688904,2.91142406464
857,428.459196346,-357.777752057,26.024220971,-0.476606016,1,6.33910903931,2.9108921051
858,428.959191146,-357.333478077,25.794840288,-0.473475043,1,6.33961839676,2.91038303375
859,429.459186146,-356.888488024,25.566851703,-0.470356428,1,6.34010019302,2.90990152359
860,429.959181046,-356.442789148,25.340251988,-0.467246585,1,6.34055538177,2.90944662094
861,430.459175846,-355.996387824,25.115039462,-0.464147933,1,6.34098358154,2.90901870728
862,430.959170846,-355.54929061,24.891211168,-0.461055121,1,6.34138536453,2.90861740112
863,431.459165946,-355.101503273,24.668766728,-0.457979423,1,6.34175853729,2.90824451447
864,431.959161046,-354.653033811,24.447700562,-0.454908711,1,6.34210681915,2.90789661407
865,432.459156146,-354.203887658,24.228012568,-0.451850383,1,6.34242773056,2.90757608414
866,432.959151046,-353.754071813,24.009699276,-0.448800856,1,6.34272251129,2.90728178024
867,433.459146246,-353.303592128,23.792758636,-0.445761127,1,6.34299058914,2.90701417923
868,433.959141446,-352.852455092,23.577188336,-0.442731944,1,6.34323196411,2.9067732811
869,434.459136746,-352.400667041,23.362985559,-0.43971857,1,6.3434469223,2.90655870438
870,434.959131946,-351.94823558,23.150145165,-0.436707586,1,6.34363851547,2.90636758804
871,435.459127146,-351.495165397,22.938668037,-0.43371029,1,6.34380311966,2.90620355606
872,435.959122546,-351.041463213,22.72854976,-0.430717452,1,6.34394254684,2.90606470108
873,436.459117846,-350.587134241,22.519790292,-0.427743098,1,6.34405422211,2.90595350266
874,436.959113246,-350.132186266,22.312383041,-0.424777764,1,6.34414253235,2.90586576462
875,437.459108746,-349.67662525,22.106325767,-0.421823336,1,6.3442070961,2.9058016777
876,437.959104046,-349.220457537,21.901615356,-0.418880851,1,6.34424848557,2.90576076508
877,438.459099546,-348.763689261,21.698248015,-0.415949413,1,6.34426794052,2.90574178696
878,438.959095046,-348.306326835,21.496220554,-0.413027498,1,6.34426622391,2.90574407578
879,439.459090646,-347.848375964,21.295530288,-0.410122596,1,6.34424304962,2.90576763153
880,439.959086246,-347.389844015,21.096171158,-0.407224755,1,6.3442024231,2.90580873489
881,440.459081746,-346.930736372,20.898141655,-0.404333631,1,6.34414310455,2.90586862564
882,440.959077446,-346.471057952,20.701440243,-0.401456429,1,6.34406347275,2.90594873428
883,441.459073146,-346.01081553,20.506062249,-0.398591396,1,6.34396591187,2.90604667664
884,441.959068846,-345.550015146,20.312003628,-0.395741791,1,6.34385175705,2.90616130829
885,442.459064646,-345.088663589,20.119258871,-0.392899898,1,6.34372396469,2.90628948212
886,442.959060346,-344.626766225,19.927826038,-0.390068331,1,6.34358177185,2.90643196106
887,443.459056246,-344.164328509,19.737701802,-0.387251038,1,6.34342565536,2.90658845901
888,443.959052046,-343.701357038,19.548881161,-0.384443054,1,6.34325799942,2.90675630569
889,444.459047946,-343.237857109,19.361361247,-0.381650718,1,6.34307899475,2.90693559647
890,444.959043946,-342.773835298,19.175136281,-0.378868126,1,6.34289169312,2.90712299347
891,445.459039846,-342.309297183,18.990203253,-0.376095118,1,6.34269647598,2.90731840134
892,445.959035846,-341.844247898,18.806559048,-0.373337701,1,6.34249343872,2.90752153397
893,446.459031846,-341.378694034,18.624197889,-0.37058744,1,6.34228591919,2.90772914886
894,446.959027946,-340.912640325,18.443117787,-0.367850081,1,6.34207296371,2.90794219971
895,447.459024046,-340.446092608,18.263314089,-0.365130782,1,6.34185628891,2.90815868378
896,447.959020146,-339.979057745,18.084779764,-0.362413558,1,6.34164066315,2.90837430954
897,448.459016346,-339.511539375,17.907515092,-0.359712913,1,6.34142246246,2.90859241486
898,448.959012446,-339.043544011,17.731513676,-0.35702446,1,6.34120559692,2.90880908966
899,449.459008646,-338.575077109,17.556771057,-0.354349354,1,6.34099168777,2.90902280807
900,449.959004946,-338.106144353,17.383282233,-0.351680501,1,6.34078292847,2.90923128128
901,450.459001246,-337.636750315,17.21104556,-0.349031132,1,6.34057807922,2.90943574905
902,450.958997546,-337.166901495,17.040053048,-0.346387498,1,6.34038257599,2.90963096619
903,451.458993846,-336.696602308,16.870303252,-0.343755125,1,6.34019470215,2.90981845856
904,451.958990246,-336.225857854,16.701792027,-0.341137786,1,6.34001588821,2.90999689102
905,452.458986746,-335.754673876,16.534513445,-0.338534674,1,6.33984851837,2.91016378403
906,452.958983146,-335.28305611,16.368461995,-0.335931297,1,6.33969488144,2.91031703949
907,453.458979646,-334.811007548,16.203638869,-0.333348675,1,6.33954963684,2.91046180725
908,453.958976146,-334.338534917,16.040035426,-0.330775502,1,6.33941822052,2.9105928421
909,454.458972646,-333.865642824,15.87764826,-0.328211325,1,6.33930025101,2.91071033478
910,454.958969246,-333.392335816,15.716474179,-0.325662433,1,6.33919506073,2.91081495285
911,455.458965846,-332.918619569,15.556507043,-0.32312436,1,6.33910541534,2.9109041214
912,455.958962446,-332.444498762,15.397742719,-0.320596217,1,6.33903169632,2.91097736359
913,456.458959046,-331.969978115,15.240177555,-0.318077493,1,6.33897361755,2.91103496552
914,456.958955746,-331.495062069,15.083808063,-0.315571098,1,6.33893098831,2.91107711792
915,457.458952546,-331.019755518,14.928629363,-0.313079134,1,6.33890476227,2.91110277176
916,457.958949246,-330.544063769,14.774635599,-0.310591359,1,6.33889722824,2.91110992432
917,458.458946046,-330.067990318,14.621825702,-0.308117472,1,6.33890542984,2.91110124588
918,458.958942746,-329.591540314,14.47019403,-0.305652975,1,6.33893117905,2.9110751152
919,459.458939546,-329.114718032,14.319737018,-0.303204832,1,6.33897409439,2.91103162766
920,459.958936446,-328.637528755,14.170447758,-0.300762873,1,6.339037323,2.91096792221
921,460.458933346,-328.159976359,14.022324224,-0.298329726,1,6.33911905289,2.91088590622
922,460.958930246,-327.682064917,13.875363067,-0.295910639,1,6.33921842575,2.91078615189
923,461.458927146,-327.203799385,13.729558453,-0.293501887,1,6.33933744431,2.91066665649
924,461.958924146,-326.725184005,13.584906277,-0.291098762,1,6.33947639465,2.91052732468
925,462.458921146,-326.246222312,13.441404667,-0.288711575,1,6.33963289261,2.91037044525
926,462.958918146,-325.766919431,13.299046839,-0.286333989,1,6.33980998993,2.91019306183
927,463.458915146,-325.287279389,13.157828982,-0.283964103,1,6.34000730515,2.90999536514
928,463.958912246,-324.807306045,13.017748219,-0.281604674,1,6.34022378922,2.9097784996
929,464.458909246,-324.327003501,12.8788003,-0.279258919,1,6.34045963287,2.90954246521
930,464.958906446,-323.846376264,12.740979413,-0.276918997,1,6.34071655273,2.90928525925
931,465.458903546,-323.365427866,12.604283535,-0.274591807,1,6.34099254608,2.9090089798
932,465.958900746,-322.884162598,12.46870727,-0.27227378,1,6.34128894806,2.90871238708
933,466.458897846,-322.40258438,12.334246961,-0.269963396,1,6.34160528183,2.90839576721
934,466.958895046,-321.920696774,12.200899635,-0.267664776,1,6.34194049835,2.90806045532
935,467.458892346,-321.438503845,12.068660315,-0.26537576,1,6.3422952652,2.90770540237
936,467.958889546,-320.956009498,11.937525093,-0.263097864,1,6.34266958237,2.90733089447
937,468.458886846,-320.473217631,11.807489265,-0.260828503,1,6.34306402206,2.90693635941
938,468.958884146,-319.990131934,11.678549406,-0.258566921,1,6.34347782135,2.90652246475
939,469.458881446,-319.506755857,11.550702413,-0.256319298,1,6.34390993118,2.90609025955
940,469.958878746,-319.023093563,11.423942166,-0.25408917,1,6.34436225891,2.90563783646
941,470.458876146,-318.539149774,11.29826086,-0.251846804,1,6.34483880997,2.90516119003
942,470.958873546,-318.054925347,11.173665041,-0.249635911,1,6.34532833099,2.90467157364
943,471.458871046,-317.570426633,11.050140093,-0.247419158,1,6.34584178925,2.90415811539
944,471.958868446,-317.085655296,10.927689464,-0.245203275,1,6.34637117386,2.90362873077
945,472.458865846,-316.600613761,10.806313318,-0.243014694,1,6.34691209793,2.9030878067
946,472.958863346,-316.115307699,10.685999004,-0.240831747,1,6.3474732399,2.90252666473
947,473.458860846,-315.629740154,10.566744372,-0.238655123,1,6.34805259705,2.90194740295
948,473.958858446,-315.14391416,10.448546914,-0.236497062,1,6.34864835739,2.90135164261
949,474.458855946,-314.65783423,10.331398174,-0.234341467,1,6.34926490784,2.90073518753
950,474.958853446,-314.171502887,10.215297494,-0.23219789,1,6.34989862442,2.90010147095
951,475.458851146,-313.684923726,10.100239553,-0.230060302,1,6.35055074692,2.89944944382
952,475.958848746,-313.198099732,9.986221979,-0.227934571,1,6.35121936798,2.89878101349
953,476.458846346,-312.711034447,9.873239515,-0.225814106,1,6.35190544128,2.89809494019
954,476.958843946,-312.223730681,9.761290109,-0.223716036,1,6.35260696411,2.89739360809
955,477.458841646,-311.736193069,9.650363336,-0.221610469,1,6.35333013535,2.89667053223
956,477.958839346,-311.248422923,9.540463341,-0.219521199,1,6.35406646729,2.89593439102
957,478.458837046,-310.760424237,9.431582669,-0.217435602,1,6.35481929779,2.89518165588
958,478.958834846,-310.272199522,9.32372,-0.21536494,1,6.35558567047,2.89441547394
959,479.458832546,-309.783752513,9.216868511,-0.213306153,1,6.35636835098,2.89363307953
960,479.958830346,-309.295086483,9.11102284,-0.211251107,1,6.357168293,2.89283323288
961,480.458828146,-308.806203941,9.006181618,-0.209215193,1,6.35798282623,2.89201898575
962,480.958825946,-308.317108955,8.902335934,-0.207181713,1,6.35881662369,2.89118537903
963,481.458823846,-307.827803819,8.799485029,-0.205157281,1,6.35966625214,2.89033603668
964,481.958821646,-307.338291481,8.697624902,-0.203143621,1,6.36053142548,2.88947105408
965,482.458819546,-306.848574947,8.596750676,-0.20114244,1,6.36141281128,2.88858995438
966,482.958817446,-306.358657504,8.496856658,-0.199144286,1,6.36231203079,2.88769102097
967,483.458815346,-305.868541416,8.397941766,-0.197157873,1,6.36322584152,2.88677749634
968,483.958813246,-305.378229821,8.300000643,-0.195184965,1,6.36415538788,2.88584823608
969,484.458811246,-304.887725955,8.203027051,-0.193217813,1,6.36510286331,2.88490104675
970,484.958809246,-304.397032205,8.107018527,-0.19125999,1,6.36606645584,2.88393783569
971,485.458807246,-303.9061514,8.011970874,-0.189312926,1,6.3670460701,2.88295860291
972,485.958805246,-303.415086451,7.917879174,-0.187376606,1,6.36804256439,2.88196249008
973,486.458803246,-302.923840242,7.82473851,-0.185446131,1,6.36905660629,2.88094873428
974,486.958801246,-302.432415146,7.732546359,-0.183528549,1,6.37008657455,2.87991924286
975,487.458799346,-301.940814096,7.641296711,-0.181621962,1,6.37113428116,2.87887191772
976,487.958797546,-301.449039933,7.550984503,-0.179721896,1,6.37220067978,2.87780599594
977,488.458795646,-300.957095051,7.461606859,-0.17783266,1,6.3732843399,2.87672281265
978,488.958793746,-300.464982199,7.373158776,-0.175953139,1,6.37438621521,2.87562141418
979,489.458791846,-299.972703984,7.285635786,-0.174083517,1,6.3755065918,2.87450151443
980,489.958790046,-299.480262924,7.199033311,-0.172222217,1,6.3766459465,2.87336273193
981,490.458788246,-298.987661493,7.11334756,-0.170372961,1,6.37780380249,2.87220554352
982,490.958786546,-298.494902441,7.028572899,-0.168532636,1,6.37898159027,2.87102832794
983,491.458784746,-298.001988218,6.94470522,-0.166700843,1,6.38017921448,2.86983127594
984,491.958782946,-297.508921203,6.8617406,-0.164879558,1,6.38139648437,2.86861495972
985,492.458781246,-297.015703834,6.77967412,-0.163068145,1,6.38263282776,2.86737890244
986,492.958779546,-296.522338588,6.69850119,-0.161266983,1,6.38388948441,2.86612291336
987,493.458777846,-296.028827926,6.618217021,-0.159477673,1,6.38516654968,2.86484661102
988,493.958776146,-295.535174402,6.538816023,-0.157696743,1,6.38646497726,2.86354894638
989,494.458774446,-295.041380261,6.460294314,-0.155919106,1,6.38778419495,2.8622303009
990,494.958772846,-294.54744726,6.382650506,-0.154153014,1,6.38912115097,2.86089410782
991,495.458771246,-294.053377886,6.305879147,-0.152406455,1,6.39047679901,2.85953931808
992,495.958769646,-293.559175154,6.229970823,-0.150667385,1,6.39185609818,2.8581609726
993,496.458768046,-293.064841146,6.154922064,-0.148931774,1,6.39325771332,2.85676012039
994,496.958766446,-292.570377641,6.080731391,-0.147208128,1,6.39467878342,2.8553399086
995,497.458764946,-292.075786951,6.007393102,-0.145492073,1,6.39612035751,2.85389909744
996,497.958763446,-291.581071132,5.934903665,-0.143790587,1,6.39758138657,2.85243902206
997,498.458761946,-291.086232648,5.863256078,-0.142095956,1,6.39906435013,2.85095701218
998,498.958760446,-290.591273439,5.79244716,-0.140410627,1,6.40056753159,2.84945459366
999,499.458758946,-290.09619562,5.722472514,-0.138742906,1,6.40209131241,2.84793205261
1000,499.958757446,-289.601001738,5.653323609,-0.137079346,1,6.40363903046,2.84638538361
1001,500.458756046,-289.105693509,5.584998584,-0.135422958,1,6.40520801544,2.84481735229
1002,500.958754646,-288.610272748,5.51749407,-0.133774295,1,6.40679693222,2.84322929382
1003,501.458753246,-288.114741361,5.450806429,-0.132141038,1,6.40840501785,2.8416223526
1004,501.958751746,-287.61910174,5.384928209,-0.130516787,1,6.41003475189,2.8399936676
1005,502.458750446,-287.123355705,5.31985511,-0.12890311,1,6.4116859436,2.8383436203
1006,502.958749046,-286.627505307,5.255582069,-0.127298913,1,6.41335887909,2.83667182922
1007,503.458747746,-286.131552406,5.192104549,-0.125703668,1,6.41505327225,2.83497858047
1008,503.958746446,-285.635498875,5.129418275,-0.12411811,1,6.41676874161,2.83326425552
1009,504.458745046,-285.139346595,5.067518604,-0.122542331,1,6.41850528717,2.83152885437
1010,504.958743746,-284.643097329,5.006400827,-0.120975664,1,6.42026281357,2.82977256775
1011,505.458742546,-284.146752916,4.946060583,-0.119419926,1,6.42204093933,2.82799568176
1012,505.958741246,-283.650315195,4.886492589,-0.117872544,1,6.4238401413,2.82619762421
1013,506.458740046,-283.153785898,4.827692844,-0.116343937,1,6.42565984726,2.82437944412
1014,506.958738746,-282.657167302,4.769652167,-0.114806965,1,6.42750396729,2.82253627777
1015,507.458737546,-282.160460045,4.712374843,-0.113289082,1,6.4293639183,2.82067756653
1016,507.958736346,-281.66366642,4.655851527,-0.111784295,1,6.43124418259,2.81879863739
1017,508.458735146,-281.166788261,4.600075839,-0.11029174,1,6.43314628601,2.81689796448
1018,508.958734046,-280.669827403,4.545041831,-0.108797826,1,6.43507118225,2.81497421265
1019,509.458732846,-280.172784883,4.490750301,-0.107321523,1,6.4370136261,2.81303319931
1020,509.958731746,-279.675662729,4.437192612,-0.105856729,1,6.43897724152,2.81107110977
1021,510.458730546,-279.17846265,4.384363161,-0.104392215,1,6.44096260071,2.80908689499
1022,510.958729446,-278.681185701,4.332261919,-0.102940673,1,6.44296512604,2.80708560944
1023,511.458728446,-278.183833638,4.28088255,-0.101508354,1,6.44498653412,2.8050658226
1024,511.958727346,-277.686408492,4.230215599,-0.100074481,1,6.44703102112,2.80302257538
1025,512.458726246,-277.188911186,4.180261943,-0.098656353,1,6.44909315109,2.80096187592
1026,512.958725246,-276.691343523,4.13101385,-0.097241841,1,6.45117559433,2.79888076782
1027,513.458724146,-276.193706679,4.082469619,-0.095842011,1,6.45327539444,2.79678239822
1028,513.958723146,-275.696002361,4.034622042,-0.094446106,1,6.45539474487,2.79466438293
1029,514.458722146,-275.198231728,3.987469259,-0.093070209,1,6.45753087997,2.79252977371
1030,514.958721146,-274.700396664,3.941001398,-0.091695189,1,6.45968837738,2.79037361145
1031,515.458720146,-274.202498161,3.895218114,-0.090331134,1,6.46186313629,2.78820028305
1032,515.958719246,-273.704537662,3.850114032,-0.088977531,1,6.46405544281,2.78600931168
1033,516.458718246,-273.206516557,3.805684031,-0.087636568,1,6.46626567841,2.78380060196
1034,516.958717346,-272.708436314,3.761921897,-0.086296146,1,6.46849479675,2.78157262802
1035,517.458716446,-272.210297834,3.718827437,-0.084972399,1,6.47073860168,2.7793302536
1036,517.958715546,-271.712102729,3.676392423,-0.083655893,1,6.47300024033,2.77707004547
1037,518.458714646,-271.213852184,3.634613323,-0.082350405,1,6.47527828217,2.77479343414
1038,518.958713746,-270.715547508,3.593484716,-0.081048119,1,6.47757320404,2.77249965668
1039,519.458712846,-270.217189689,3.553005079,-0.079765059,1,6.47988195419,2.7701924324
1040,519.958711946,-269.718780319,3.513164897,-0.078480442,1,6.48220872879,2.76786680222
1041,520.458711146,-269.220320171,3.473965012,-0.077216799,1,6.48454818726,2.76552886963
1042,520.958710246,-268.721810871,3.435395031,-0.07595486,1,6.48690547943,2.76317281723
1043,521.458709446,-268.223253283,3.397454169,-0.074698933,1,6.48927659988,2.76080284119
1044,521.958708646,-267.724648447,3.36013949,-0.073460928,1,6.49165973663,2.75842113495
1045,522.458707846,-267.225997759,3.323442111,-0.072227085,1,6.49405870438,2.75602340698
1046,522.958707046,-266.727302172,3.287360016,-0.070999802,1,6.49647045135,2.75361261368
1047,523.458706246,-266.228562659,3.251889989,-0.069784399,1,6.49889364243,2.75119056702
1048,523.958705546,-265.729780395,3.217026156,-0.06858536,1,6.50132932663,2.74875640869
1049,524.458704746,-265.230956695,3.182760407,-0.06738404,1,6.50378007889,2.74630651474
1050,524.958703946,-264.732092153,3.149093928,-0.066199875,1,6.50624046326,2.74384746552
1051,525.458703246,-264.233188093,3.11601821,-0.065019427,1,6.50871362686,2.74137525558
1052,525.958702546,-263.734245325,3.083531445,-0.063853038,1,6.51119670868,2.73889331818
1053,526.458701846,-263.235264993,3.051626662,-0.062695003,1,6.51369180679,2.73639936447
1054,526.958701146,-262.736248043,3.020299737,-0.061542867,1,6.51619787216,2.73389425278
1055,527.458700446,-262.237195306,2.989547767,-0.060402314,1,6.5187130928,2.73138008118
1056,527.958699746,-261.738107813,2.959365012,-0.059273716,1,6.52123842239,2.728855896
1057,528.458699046,-261.238986563,2.929745544,-0.058148751,1,6.5237745285,2.72632064819
1058,528.958698446,-260.739832296,2.900687589,-0.05702797,1,6.52631826401,2.72377748489
1059,529.458697746,-260.240645778,2.872189094,-0.055926731,1,6.52886734009,2.72122945786
1060,529.958697146,-259.741428152,2.844240338,-0.054828507,1,6.53142595291,2.71867160797
1061,530.458696546,-259.242180128,2.816839852,-0.05373938,1,6.53399085999,2.71610736847
1062,530.958695946,-258.742902544,2.789983126,-0.052663093,1,6.53656196594,2.71353721619
1063,531.458695346,-258.243596335,2.763663781,-0.051606607,1,6.53914070129,2.71095972061
1064,531.958694746,-257.744262594,2.73787196,-0.050535692,1,6.54173107147,2.70836954117
1065,532.458694146,-257.244901503,2.712614897,-0.049489605,1,6.54432220459,2.70577936172
1066,532.958693546,-256.745514258,2.687880223,-0.048446254,1,6.54692077637,2.70318136215
1067,533.458692946,-256.246101472,2.663666597,-0.047416195,1,6.54952354431,2.70057926178
1068,533.958692446,-255.746663996,2.639967409,-0.046387722,1,6.55213193893,2.69797115326
1069,534.458691846,-255.247202396,2.61678189,-0.045380858,1,6.55474243164,2.69536161423
1070,534.958691346,-254.747717697,2.594099273,-0.044371998,1,6.5573600769,2.69274425507
1071,535.458690846,-254.248210362,2.571920577,-0.043378994,1,6.55997962952,2.69012537003
1072,535.958690346,-253.748681243,2.550237904,-0.042393047,1,6.5626036644,2.68750181198
1073,536.458689846,-253.249130973,2.52904775,-0.04141482,1,6.56523094177,2.68487491608
1074,536.958689346,-252.749560208,2.50834628,-0.040444052,1,6.56786031723,2.68224582672
1075,537.458688846,-252.249969569,2.488129786,-0.039484911,1,6.5704908371,2.67961578369
1076,537.958688346,-251.750359766,2.46839248,-0.03853236,1,6.57312307358,2.67698373795
1077,538.458687846,-251.250731382,2.449131085,-0.037593263,1,6.57575569153,2.67435150146
1078,538.958687446,-250.75108511,2.430338898,-0.036662394,1,6.57839031219,2.6717171669
1079,539.458686946,-250.251421555,2.412011824,-0.035736505,1,6.58102617264,2.66908149719
1080,539.958686546,-249.751741236,2.39414739,-0.034821109,1,6.58366088867,2.66644687653
1081,540.458686046,-249.252044771,2.376740369,-0.033915616,1,6.58629484177,2.66381311417
1082,540.958685646,-248.752332742,2.359785826,-0.033014796,1,6.58892784119,2.66118001938
1083,541.458685246,-248.252605626,2.343281441,-0.032125982,1,6.59155769348,2.65855016708
1084,541.958684846,-247.75286403,2.327221225,-0.03124659,1,6.59418525696,2.65592260361
1085,542.458684446,-247.253108496,2.311600485,-0.030376399,1,6.59681053162,2.65329732895
1086,542.958684046,-246.753339557,2.296414633,-0.029514068,1,6.59943294525,2.65067472458
1087,543.458683646,-246.253557702,2.281659753,-0.028663254,1,6.60205183029,2.64805583954
1088,543.958683246,-245.753763458,2.267330099,-0.027819422,1,6.60466794968,2.64543962479
1089,544.458682846,-245.253957293,2.253422192,-0.026984711,1,6.60727977753,2.6428276062
1090,544.958682546,-244.754139686,2.239931484,-0.026157979,1,6.60988702774,2.64021997452
1091,545.458682146,-244.254311094,2.226853996,-0.025340495,1,6.61248893738,2.63761777878
1092,545.958681846,-243.754471973,2.214185113,-0.024529186,1,6.61508512497,2.63502120972
1093,546.458681446,-243.254622724,2.201921758,-0.023728102,1,6.6176738739,2.63243207932
1094,546.958681146,-242.754763804,2.190058828,-0.022937641,1,6.62025547028,2.62985010147
1095,547.458680846,-242.254895655,2.178591021,-0.022154584,1,6.6228302002,2.62727479935
1096,547.958680546,-241.755018677,2.167514642,-0.021381379,1,6.62539701462,2.62470750809
1097,548.458680146,-241.255133279,2.156824774,-0.020613222,1,6.62795572281,2.62214803696
1098,548.958679846,-240.755239806,2.146518899,-0.019860357,1,6.63050451279,2.61959886551
1099,549.458679546,-240.255338708,2.136589379,-0.019111054,1,6.633045578,2.61705703735
1100,549.958679346,-239.755430301,2.127034439,-0.018370472,1,6.6355761528,2.61452569962
1101,550.458679046,-239.255514954,2.117849725,-0.017638048,1,6.63809566498,2.6120054245
1102,550.958678746,-238.755593009,2.109031164,-0.016918332,1,6.64060344696,2.60949697495
1103,551.458678446,-238.255664836,2.100572406,-0.016200499,1,6.64310064316,2.60699872971
1104,551.958678246,-237.755730712,2.092472515,-0.015494768,1,6.64558372498,2.60451478958
1105,552.458677946,-237.255790988,2.084725445,-0.01479812,1,6.64805364609,2.60204381943
1106,552.958677646,-236.755845988,2.077326658,-0.014110608,1,6.65051031113,2.59958620071
1107,553.458677446,-236.255896014,2.070271592,-0.013426986,1,6.65295314789,2.59714221954
1108,553.958677146,-235.755941325,2.063558304,-0.012758445,1,6.65537958145,2.59471483231
1109,554.458676946,-235.255982251,2.057179257,-0.012093149,1,6.657791996,2.59230117798
1110,554.958676746,-234.756019039,2.051132833,-0.011438215,1,6.66018733978,2.58990468979
1111,555.458676546,-234.256051972,2.045413853,-0.010791037,1,6.66256580353,2.5875248909
1112,555.958676246,-233.756081303,2.040018441,-0.010155161,1,6.66492671967,2.58516273499
1113,556.458676046,-233.256107296,2.03494095,-0.009521635,1,6.66727046967,2.58281755447
1114,556.958675846,-232.756130164,2.030180206,-0.008899277,1,6.66959371567,2.58049287796
1115,557.458675646,-232.256150162,2.025730628,-0.008285378,1,6.67189702988,2.57818813324
1116,557.958675446,-231.756167521,2.021587988,-0.007679545,1,6.67417993546,2.57590379715
1117,558.458675246,-231.256182457,2.017748255,-0.007081669,1,6.67644147873,2.57364063263
1118,558.958675146,-230.756195177,2.014207451,-0.006491754,1,6.67868089676,2.57139959335
1119,559.458674946,-230.25620589,2.010961598,-0.005911161,1,6.68089723587,2.569181633
1120,559.958674746,-229.756214799,2.008006036,-0.005337996,1,6.68309049606,2.56698675156
1121,560.458674546,-229.256222095,2.005337051,-0.004771959,1,6.68525934219,2.56481609344
1122,560.958674446,-228.756227955,2.002951081,-0.004215313,1,6.68740262985,2.56267108917
1123,561.458674246,-228.256232556,2.000843432,-0.00366603,1,6.6895201683,2.56055173874
1124,561.958674146,-227.75623607,1.999010422,-0.003125384,1,6.69161090851,2.55845918655
1125,562.458673946,-227.256238662,1.997447733,-0.00259422,1,6.69367418289,2.55639410019
1126,562.958673846,-226.756240492,1.996150625,-0.002067167,1,6.69570989609,2.55435638428
1127,563.458673646,-226.256241705,1.995117042,-0.001549854,1,6.69771547318,2.55234889984
1128,563.958673546,-225.756242442,1.994342116,-0.00104039,1,6.69969072342,2.55037174225
1129,564.458673346,-225.256242845,1.993821921,-0.000538812,1,6.70163478851,2.54842557907
1130,564.958673246,-224.756243047,1.993552515,-4.3991e-05,1,6.70354681015,2.54651145935
1131,565.458673146,-224.256243173,1.99353052,0.000441023,1,6.70542545319,2.54463090897
1132,565.958673046,-223.756243346,1.993751031,0.00091856,1,6.70727062225,2.54278364182
1133,566.458672846,-223.256243674,1.994210311,0.001389221,1,6.70908117294,2.54097099304
1134,566.958672746,-222.75624427,1.994904921,0.001849445,1,6.71085596085,2.53919420242
1135,567.458672646,-222.256245234,1.995829643,0.002303223,1,6.71259508133,2.53745288849
1136,567.958672546,-221.756246667,1.996981253,0.002750152,1,6.71429710388,2.53574876785
1137,568.458672446,-221.256248664,1.998356327,0.003189566,1,6.71596050262,2.53408317566
1138,568.958672346,-220.756251306,1.999951107,0.003618901,1,6.71758432388,2.53245725632
1139,569.458672246,-220.256254675,2.001760553,0.004043895,1,6.71916866302,2.53087072372
1140,569.958672146,-219.756258855,2.003782495,0.004460029,1,6.72071094513,2.52932634354
1141,570.458672046,-219.256263917,2.006012502,0.004866969,1,6.72221069336,2.52782449722
1142,570.958672046,-218.756269927,2.008445976,0.005267267,1,6.72366762161,2.52636547089
1143,571.458671946,-218.256276945,2.011079597,0.005660533,1,7.80387182236,2.52754850388
1144,571.958671846,-217.756285034,2.013909848,0.006044939,1,7.90076389313,2.53038454056
1145,572.458671746,-217.256294244,2.016932298,0.006420873,1,8.0026766777,2.53341293335
1146,572.958671646,-216.756304624,2.020142712,0.006791443,1,8.10960664749,2.53662967682
1147,573.458671646,-216.256316227,2.023538407,0.007153931,1,8.22156095505,2.54003181458
1148,573.958671546,-215.756329088,2.027115342,0.007508306,1,8.33854637146,2.54361543655
1149,574.458671446,-215.256343246,2.030869459,0.007855877,1,8.46056966782,2.54737653732
1150,574.958671446,-214.756358736,2.034797357,0.008195422,1,8.58764457703,2.55131149292
1151,575.458671346,-214.256375585,2.038895021,0.00852665,1,8.71978654861,2.55541629791
1152,575.958671346,-213.756393819,2.043158294,0.008851738,1,8.85700788498,2.55968704224
1153,576.458671246,-213.25641346,2.047584104,0.009169118,1,8.9993314743,2.56412029266
1154,576.958671246,-212.756434529,2.052168599,0.009477766,1,9.1467830658,2.56871242523
1155,577.458671146,-212.256457034,2.056907411,0.009780604,1,9.29938106537,2.57345895767
1156,577.958671146,-211.756480995,2.061797634,0.010073447,1,9.45716571808,2.57835683823
1157,578.458671046,-211.256506408,2.066834272,0.010360753,1,9.62015705109,2.58340139389
1158,578.958671046,-210.756533286,2.072014555,0.010639877,1,9.78839740753,2.58858947754
1159,579.458670946,-210.256561627,2.077334393,0.010911336,1,9.96192445755,2.59391727448
1160,579.958670946,-209.756591429,2.082789953,0.011175413,1,10,2.5993806839
1161,580.458670946,-209.256622687,2.088377543,0.011432359,1,10,2.60497617722
1162,580.958670846,-208.756655395,2.094093597,0.011682261,1,10,2.61070013046
1163,581.458670846,-208.256689545,2.099934594,0.011923784,1,10,2.61654901505
1164,581.958670846,-207.756725118,2.105896345,0.012158139,1,10,2.6225186348
1165,582.458670746,-207.256762101,2.111975265,0.012384974,1,10,2.62860527039
1166,582.958670746,-206.756800473,2.118167593,0.012604342,1,10,2.63480529785
1167,583.458670746,-206.256840215,2.124469597,0.012816531,1,10,2.6411149025
1168,583.958670746,-205.756881303,2.130877687,0.013021547,1,10,2.64753055573
1169,584.458670646,-205.256923714,2.137388276,0.013218936,1,10,2.65404863358
1170,584.958670646,-204.756967418,2.143997551,0.01340826,1,10,2.66066513062
1171,585.458670646,-204.257012381,2.15070148,0.013592246,1,10,2.66737632751
1172,585.958670646,-203.757058584,2.157497393,0.013766335,1,10,2.67417917252
1173,586.458670646,-203.257105977,2.164380343,0.013934434,1,10,2.68106908798
1174,586.958670646,-202.757154532,2.171347335,0.014095099,1,10,2.68804273605
1175,587.458670546,-202.257204212,2.178394651,0.01424812,1,10,2.6950966835
1176,587.958670546,-201.757254975,2.185518469,0.014393554,1,10,2.70222682953
1177,588.458670546,-201.257306779,2.192714998,0.014532572,1,10,2.70942955017
1178,588.958670546,-200.757359586,2.199981028,0.014663825,1,10,2.71670150757
1179,589.458670546,-200.257413351,2.207312677,0.014788155,1,10,2.72403898239
1180,589.958670546,-199.75746803,2.214706485,0.014904977,1,10,2.73143835068
1181,590.458670546,-199.257523575,2.222158697,0.015014327,1,10,2.73889579773
1182,590.958670546,-198.757579938,2.229665579,0.015117216,1,10,2.74640779495
1183,591.458670546,-198.257637074,2.237223899,0.015212484,1,10,2.75397100449
1184,591.958670546,-197.757694933,2.244829847,0.015301175,1,10,2.76158151627
1185,592.458670546,-197.257753467,2.252480136,0.015382732,1,10,2.76923618317
1186,592.958670546,-196.757812626,2.260171199,0.015456462,1,10,2.77693128586
1187,593.458670546,-196.257872353,2.267899122,0.015524373,1,10,2.78466310501
1188,593.958670546,-195.757932605,2.275660997,0.015584701,1,10,2.7924284935
1189,594.458670546,-195.257993327,2.283453032,0.015638425,1,10,2.80022382736
1190,594.958670546,-194.758054467,2.291271926,0.015685137,1,10,2.80804576874
1191,595.458670546,-194.258115972,2.299114172,0.015725203,1,10,2.81589078903
1192,595.958670546,-193.758177792,2.30697645,0.015758738,1,10,2.82375545502
1193,596.458670546,-193.258239876,2.314855493,0.015785491,1,10,2.83163671494
1194,596.958670546,-192.75830217,2.322747911,0.015805838,1,10,2.83953104019
1195,597.458670546,-192.258364625,2.3306505,0.015819713,1,10,2.84743518829
1196,597.958670546,-191.75842719,2.338560027,0.015827164,1,10,2.85534610748
1197,598.458670546,-191.258489813,2.346473279,0.015828427,1,10,2.86326036453
1198,598.958670546,-190.758552447,2.354387162,0.015823348,1,10,2.87117500305
1199,599.458670546,-190.25861504,2.362298506,0.015812336,1,10,2.87908687592
1200,599.958670546,-189.758677547,2.370204345,0.015795195,1,10,2.88699293137
1201,600.458670546,-189.258739918,2.378101614,0.015772221,1,9.57526626587,2.89489011765
1202,600.958670546,-188.758802107,2.385987397,0.015743522,1,8.06171646118,2.90277557373
1203,601.458670546,-188.258864071,2.393858833,0.015708929,1,6.5069439888,2.49416656494
1204,601.958670546,-187.758925763,2.401712975,0.015668868,1,6.49908475876,2.50202007294
1205,602.458670546,-187.258987141,2.409547088,0.015623224,1,6.49124507904,2.50985336304
1206,602.958670546,-186.759048163,2.417358382,0.015572332,1,6.48342761993,2.51766357422
1207,603.458670546,-186.259108787,2.425144234,0.015516022,1,6.47563524246,2.52544813156
1208,603.958670546,-185.759168975,2.432901933,0.015454478,1,6.46787042618,2.53320436478
1209,604.458670546,-185.259228686,2.440628864,0.015387999,1,6.46013593674,2.54092960358
1210,604.958670446,-184.759287885,2.44832256,0.015316843,1,6.45243425369,2.54862146378
1211,605.458670446,-184.259346538,2.455980682,0.015240114,1,6.44476766586,2.55627746582
1212,605.958670446,-183.759404605,2.463600445,0.01515947,1,6.43713912964,2.56389503479
1213,606.458670446,-183.25946206,2.471179889,0.015073889,1,6.42955055237,2.57147197723
1214,606.958670446,-182.759518869,2.478716548,0.014983712,1,6.42200431824,2.57900600433
1215,607.458670446,-182.259575,2.486208124,0.014888874,1,6.41450281143,2.5864947319
1216,607.958670446,-181.759630424,2.493652286,0.014790801,1,6.40704851151,2.59393596649
1217,608.458670446,-181.25968512,2.501047417,0.014687189,1,6.3996427536,2.60132789612
1218,608.958670446,-180.759739053,2.508390747,0.014580068,1,6.39228858948,2.60866794586
1219,609.458670446,-180.259792203,2.515680523,0.014469089,1,6.38498773575,2.61595430374
1220,609.958670446,-179.759844548,2.522914814,0.014354684,1,6.37774219513,2.62318506241
1221,610.458670446,-179.259896068,2.53009191,0.01423431,1,6.37055339813,2.63035831451
1222,610.958670446,-178.759946729,2.537208825,0.01411233,1,6.36342477798,2.63747138977
1223,611.458670446,-178.259996526,2.544264755,0.013986192,1,6.35635690689,2.6445233345
1224,611.958670446,-177.760045437,2.551257623,0.013856182,1,6.34935188293,2.651512146
1225,612.458670446,-177.260093444,2.558185492,0.013722566,1,6.34241161346,2.65843572617
1226,612.958670446,-176.76014053,2.56504656,0.013586359,1,6.3355381012,2.66529254913
1227,613.458670346,-176.260186687,2.57183953,0.013445864,1,6.32873249054,2.67208099365
1228,613.958670346,-175.760231895,2.57856226,0.013301681,1,6.32199697495,2.67879915237
1229,614.458670346,-175.260276139,2.585212904,0.013154594,1,6.31533346176,2.68544521332
1230,614.958670346,-174.760319411,2.591790011,0.013003709,1,6.30874328613,2.69201755524
1231,615.458670346,-174.260361696,2.598291682,0.012851177,1,6.30222864151,2.69851446152
1232,615.958670346,-173.760402997,2.604717094,0.012693531,1,6.2957901001,2.70493497849
1233,616.458670346,-173.260443291,2.611063689,0.012533697,1,6.28943023682,2.71127662659
1234,616.958670346,-172.760482578,2.617330373,0.012370666,1,6.28315038681,2.71753826141
1235,617.458670246,-172.26052085,2.623515548,0.012204509,1,6.27695188522,2.72371835709
1236,617.958670246,-171.760558102,2.629617651,0.012034634,1,6.27083644867,2.72981529236
1237,618.458670246,-171.260594325,2.635634822,0.011863113,1,6.2648059845,2.73582725525
1238,618.958670246,-170.760629523,2.64156624,0.011687734,1,6.25886116028,2.74175348282
1239,619.458670246,-170.26066369,2.647409973,0.011508495,1,6.2530040741,2.74759187698
1240,619.958670246,-169.760696819,2.653164094,0.011327804,1,6.2472366333,2.75334072113
1241,620.458670146,-169.260728916,2.658827875,0.011142254,1,6.24155950546,2.75899906158
1242,620.958670146,-168.760759971,2.664398886,0.010954992,1,6.2359752655,2.7645647049
1243,621.458670146,-168.260789992,2.669876272,0.010763968,1,6.23048458099,2.77003669739
1244,621.958670146,-167.760818977,2.675258152,0.01056996,1,6.22508955002,2.77541313171
1245,622.458670146,-167.260846928,2.680543034,0.010373176,1,6.21979150772,2.78069257736
1246,622.958670046,-166.760873849,2.685729528,0.01017418,1,6.21459207535,2.78587369919
1247,623.458670046,-166.260899749,2.69081653,0.009969856,1,6.20949201584,2.79095516205
1248,623.958670046,-165.76092462,2.695801376,0.009763733,1,6.20449428558,2.79593458176
1249,624.458670046,-165.260948475,2.700683164,0.0095548,1,6.19959974289,2.80081100464
1250,624.958670046,-164.760971323,2.705460491,0.009343072,1,6.19480981827,2.80558290482
1251,625.458669946,-164.260993169,2.710131959,0.009127722,1,6.19012584686,2.81024894714
1252,625.958669946,-163.761014023,2.714695757,0.008909618,1,6.18554973602,2.81480741501
1253,626.458669946,-163.261033893,2.719150506,0.008688465,1,6.18108272552,2.8192568779
1254,626.958669946,-162.761052792,2.723494684,0.008464152,1,6.17672653198,2.82359580994
1255,627.458669846,-162.261070729,2.727726709,0.008236005,1,6.17248258591,2.82782258987
1256,627.958669846,-161.761087714,2.731844665,0.00800662,1,6.16835298538,2.83193540573
1257,628.458669846,-161.261103769,2.735847932,0.007773292,1,6.16433830261,2.83593358994
1258,628.958669746,-160.761118903,2.739734538,0.007537088,1,6.16044034958,2.83981513977
1259,629.458669746,-160.261133135,2.743503047,0.007298666,1,6.1566608429,2.84357872009
1260,629.958669746,-159.761146484,2.747152347,0.007056644,1,6.1530008316,2.84722318649
1261,630.458669746,-159.261158964,2.75068064,0.006811455,1,6.14946193695,2.85074672699
1262,630.958669646,-158.761170594,2.754086341,0.006565199,1,6.14604606628,2.8541478157
1263,631.458669646,-158.261181402,2.757368917,0.006315129,1,6.14275350571,2.85742588043
1264,631.958669646,-157.761191406,2.76052646,0.006061235,1,6.13958625793,2.86057891846
1265,632.458669546,-157.261200625,2.763557059,0.005808337,1,6.13654642105,2.86360530853
1266,632.958669546,-156.761209094,2.766461211,0.005550788,1,6.13363323212,2.86650533676
1267,633.458669546,-156.261216831,2.76923659,0.005289908,1,6.13084917068,2.86927671432
1268,633.958669446,-155.761223862,2.771881532,0.005027776,1,6.128195858,2.87191781998
1269,634.458669446,-155.261230219,2.774395409,0.004765358,1,6.12567405701,2.87442798615
1270,634.958669346,-154.761235933,2.776778079,0.004497843,1,6.1232837677,2.87680711746
1271,635.458669346,-154.261241028,2.779026992,0.004229883,1,6.12102775574,2.87905273438
1272,635.958669346,-153.761245539,2.781141928,0.003962405,1,6.11890602112,2.88116445541
1273,636.458669246,-153.261249502,2.783123125,0.00369242,1,6.11691856384,2.88314275742
1274,636.958669246,-152.761252949,2.784969331,0.003419617,1,6.11506633759,2.8849861145
1275,637.458669246,-152.261255912,2.786679135,0.003148513,1,6.11335115433,2.88669338226
1276,637.958669146,-151.761258429,2.788253389,0.002876131,1,6.11177186966,2.88826532364
1277,638.458669146,-151.261260536,2.789691453,0.002602306,1,6.11032915115,2.88970117569
1278,638.958669046,-150.761262268,2.790992604,0.002329951,1,6.10902395248,2.89100036621
1279,639.458669046,-150.261263664,2.792157579,0.002056895,1,6.10785531998,2.89216365814
1280,639.958669046,-149.761264762,2.793186025,0.0017846,1,6.1068236351,2.89319057465
1281,640.458668946,-149.261265597,2.794078324,0.001513015,1,6.10592861176,2.89408159256
1282,640.958668946,-148.761266207,2.794834831,0.001243355,1,6.10516986847,2.89483699799
1283,641.458668846,-148.261266631,2.795456509,0.000974855,1,6.1045463562,2.89545783997
1284,641.958668846,-147.761266906,2.795943936,0.00070914,1,6.10405759811,2.89594459534
1285,642.458668846,-147.261267069,2.796298506,0.000445653,1,6.10370206833,2.89629878998
1286,642.958668746,-146.761267155,2.796521333,0.000184813,1,6.1034787178,2.89652137756
1287,643.458668746,-146.261267198,2.796613739,-7.1946e-05,1,6.1033862114,2.89661369324
1288,643.958668746,-145.761267234,2.796577766,-0.000325423,1,6.10342254639,2.89657783508
1289,644.458668646,-145.261267293,2.796415054,-0.000574467,1,6.1035859108,2.89641551971
1290,644.958668646,-144.761267408,2.796127821,-0.000818944,1,6.10387420654,2.89612874985
1291,645.458668646,-144.261267607,2.795718349,-0.001058361,1,6.10428504944,2.89571990967
1292,645.958668546,-143.761267916,2.795189169,-0.00129173,1,6.10481586456,2.8951915741
1293,646.458668546,-143.261268361,2.794543304,-0.00151946,1,6.10546369553,2.89454660416
1294,646.958668546,-142.761268965,2.793783574,-0.001740794,1,6.10622558594,2.89378795624
1295,647.458668546,-142.261269748,2.792913178,-0.001954949,1,6.10709848404,2.8929186821
1296,647.958668446,-141.761270726,2.791935704,-0.002161228,1,6.10807847977,2.8919424057
1297,648.458668446,-141.261271916,2.790855091,-0.002361054,1,6.10916185379,2.89086313248
1298,648.958668446,-140.761273329,2.789674565,-0.00255213,1,6.11034526825,2.88968391418
1299,649.458668446,-140.261274976,2.788398502,-0.002733381,1,6.11162424088,2.88840923309
1300,649.958668446,-139.761276861,2.787031813,-0.002907925,1,6.1129940033,2.88704395294
1301,650.458668346,-139.26127899,2.785577853,-0.003072201,1,6.11445093155,2.88559141159
1302,650.958668346,-138.761281363,2.784041755,-0.00322756,1,6.11599006653,2.88405675888
1303,651.458668346,-138.261283979,2.782427977,-0.003372164,1,6.11760673523,2.88244428635
1304,651.958668346,-137.761286832,2.780741898,-0.003508012,1,6.11929569244,2.88075962067
1305,652.458668346,-137.261289918,2.778987896,-0.003632964,1,6.1210524559,2.87900686264
1306,652.958668346,-136.761293225,2.777171418,-0.003747725,1,6.12287149429,2.87719154358
1307,653.458668346,-136.261296743,2.77529756,-0.003851731,1,6.12474784851,2.87531881332
1308,653.958668346,-135.761300457,2.773371699,-0.003945528,1,6.12667598724,2.87339401245
1309,654.458668346,-135.261304352,2.771398941,-0.004028258,1,6.12865076065,2.87142219543
1310,654.958668346,-134.761308413,2.769384817,-0.004101133,1,6.13066673279,2.86940889359
1311,655.458668346,-134.26131262,2.767334256,-0.004163291,1,6.13271884918,2.86735906601
1312,655.958668346,-133.761316955,2.765252617,-0.004215175,1,6.13480186462,2.86527805328
1313,656.458668346,-133.261321398,2.763145035,-0.004256759,1,6.13691053391,2.86317090988
1314,656.958668346,-132.761325928,2.761016662,-0.004287884,1,6.13903970718,2.86104288101
1315,657.458668346,-132.261330525,2.758872727,-0.004310141,1,6.14118423462,2.85889921188
1316,657.958668346,-131.76133517,2.756717663,-0.004322202,1,6.14333963394,2.8567442894
1317,658.458668346,-131.26133984,2.754556568,-0.004325234,1,6.14550085068,2.8545832634
1318,658.958668346,-130.761344517,2.752393958,-0.004318854,1,6.14766330719,2.85242052078
1319,659.458668346,-130.26134918,2.750234538,-0.004303595,1,6.14982233047,2.85026092529
1320,659.958668346,-129.761353811,2.748082747,-0.004280534,1,6.15197353363,2.84810876846
1321,660.458668346,-129.261358392,2.745942486,-0.004249,1,6.15411300659,2.84596815109
1322,660.958668346,-128.761362906,2.743817993,-0.004209857,1,6.15623655319,2.84384317398
1323,661.458668346,-128.261367338,2.741713071,-0.004163048,1,6.15834026337,2.84173765182
1324,661.958668346,-127.761371672,2.739631553,-0.004109632,1,6.16042041779,2.83965549469
1325,662.458668346,-127.261375896,2.737576743,-0.004049571,1,6.16247377396,2.83759994507
1326,662.958668346,-126.761379998,2.735551963,-0.003982966,1,6.16449689865,2.83557443619
1327,663.458668346,-126.261383966,2.733560485,-0.003910812,1,6.16648664474,2.83358211517
1328,663.958668346,-125.761387793,2.731605084,-0.003833277,1,6.16844015121,2.83162584305
1329,664.458668246,-125.26139147,2.72968845,-0.003750674,1,6.17035493851,2.8297082901
1330,664.958668246,-124.76139499,2.727813118,-0.003663286,1,6.17222824097,2.82783203125
1331,665.458668246,-124.26139835,2.725981479,-0.003572105,1,6.17405786514,2.82599945068
1332,665.958668246,-123.761401544,2.72419543,-0.003476815,1,6.17584180832,2.82421245575
1333,666.458668246,-123.261404571,2.722457027,-0.003378462,1,6.17757816315,2.82247304916
1334,666.958668246,-122.76140743,2.720767799,-0.003275873,1,6.17926530838,2.82078285217
1335,667.458668246,-122.261410118,2.719129865,-0.003172064,1,6.18090114594,2.81914396286
1336,667.958668246,-121.76141264,2.717543836,-0.00306466,1,6.18248510361,2.8175570488
1337,668.458668246,-121.261414994,2.716011509,-0.002955705,1,6.18401546478,2.81602373123
1338,668.958668246,-120.761417184,2.714533658,-0.002844633,1,6.18549127579,2.81454496384
1339,669.458668246,-120.261419214,2.713111344,-0.002732537,1,6.18691167831,2.81312179565
1340,669.958668246,-119.761421087,2.711745077,-0.0026173,1,6.18827610016,2.81175470352
1341,670.458668246,-119.261422807,2.710436428,-0.002501964,1,6.18958292007,2.81044521332
1342,670.958668246,-118.761424379,2.709185447,-0.002384321,1,6.19083213806,2.80919342041
1343,671.458668246,-118.261425808,2.707993288,-0.002265712,1,6.19202251434,2.80800046921
1344,671.958668246,-117.761427098,2.706860433,-0.00214437,1,6.19315376282,2.80686683655
1345,672.458668246,-117.261428256,2.705788249,-0.002023675,1,6.1942243576,2.80579395294
1346,672.958668146,-116.761429287,2.704776413,-0.001899354,1,6.19523468018,2.80478143692
1347,673.458668146,-116.261430197,2.703826736,-0.001773985,1,6.19618301392,2.80383110046
1348,673.958668146,-115.761430993,2.702939744,-0.001645867,1,6.19706859589,2.80294351578
1349,674.458668146,-115.261431679,2.702116811,-0.001516546,1,6.19789028168,2.80212001801
1350,674.958668146,-114.761432263,2.701358538,-0.001381814,1,6.19864730835,2.80136117935
1351,675.458668146,-114.26143275,2.700667631,-0.001245126,1,6.19933710098,2.80066976547
1352,675.958668146,-113.761433147,2.700045069,-0.001102801,1,6.19995861053,2.80004673004
1353,676.458668146,-113.261433462,2.699493668,-0.000956409,1,6.20050916672,2.79949493408
1354,676.958668146,-112.761433703,2.699015464,-0.000801678,1,6.20098648071,2.79901628494
1355,677.458668146,-112.261433876,2.698614625,-0.000643468,1,6.20138664246,2.79861516953
1356,677.958668046,-111.761433994,2.698292891,-0.000475498,1,6.2017077446,2.79829311371
1357,678.458668046,-111.261434066,2.698055142,-0.000299058,1,6.20194511414,2.79805526733
1358,678.958668046,-110.761434105,2.697905613,-0.000111911,1,6.20209436417,2.79790554047
1359,679.458668046,-110.261434128,2.697849658,8.749e-05,1,6.20215034485,2.79784965515
1360,679.958668046,-109.761434153,2.697893403,0.000299655,1,6.2021068573,2.79789352417
1361,680.458667946,-109.2614342,2.69804323,0.000528332,1,6.20195760727,2.79804353714
1362,680.958667946,-108.761434299,2.698307396,0.000773428,1,6.20169439316,2.79830818176
1363,681.458667946,-108.261434483,2.69869411,0.001036586,1,7.30917720795,2.79869556427
1364,681.958667846,-107.76143479,2.699212403,0.001320117,1,7.48168535233,2.79921483994
1365,682.458667846,-107.261435273,2.699872461,0.001624631,1,7.69462614059,2.79987611771
1366,682.958667746,-106.761435985,2.700684776,0.001954562,1,7.94471826553,2.80069007874
1367,683.458667746,-106.261437001,2.701662056,0.002309432,1,8.23298788071,2.80166950226
1368,683.958667646,-105.761438407,2.702816771,0.002691226,1,8.56497840881,2.80282688141
1369,684.458667546,-105.2614403,2.704162382,0.003107054,1,8.9540728569,2.80417585373
1370,684.958667446,-104.761442813,2.705715906,0.003546157,1,9.43567790985,2.80573348999
1371,685.458667346,-104.261446066,2.70748898,0.004018626,1,10,2.80751161575
1372,685.958667246,-103.761450229,2.709498287,0.004529116,1,10,2.80952701569
1373,686.458667046,-103.261455503,2.711762837,0.005070152,1,10,2.81179895401
1374,686.958666946,-102.761462093,2.714297901,0.005643531,1,10,2.81434268951
1375,687.458666746,-102.261470246,2.717119651,0.006258988,1,10,2.81717481613
1376,687.958666546,-101.761480247,2.720249123,0.006899742,1,10,2.82031621933
1377,688.458666346,-101.261492373,2.723698965,0.007567778,1,10,2.82377977371
1378,688.958666046,-100.761506937,2.727482816,0.008251664,1,10,2.82757902145
1379,689.458665846,-100.261524211,2.731608599,0.008951131,1,10,2.83172197342
1380,689.958665546,-99.761544505,2.736084103,0.009657578,1,10,2.83621635437
1381,690.458665246,-99.261568086,2.740912814,0.010381654,1,10,2.84106588364
1382,690.958665046,-98.761595305,2.746103545,0.011109648,1,10,2.84627914429
1383,691.458664746,-98.261626452,2.751658251,0.011856603,1,10,2.85185861588
1384,691.958664446,-97.761661895,2.757586411,0.012640459,1,10,2.85781469345
1385,692.458664046,-97.261702176,2.763906468,0.01347345,1,10,2.86416635513
1386,692.958663746,-96.761747937,2.770642984,0.014377844,1,10,2.87093963623
1387,693.458663246,-96.261800086,2.777831651,0.015368706,1,10,2.87817153931
1388,693.958662646,-95.761859715,2.785515693,0.016442122,1,10,2.88590574265
1389,694.458661946,-95.261927961,2.793736373,0.01760364,1,10,2.89418478012
1390,694.958661246,-94.762006205,2.802537725,0.018817639,1,10,2.90305166245
1391,695.458660446,-94.262095542,2.811945974,0.020083246,1,10,2.91253328323
1392,695.958659546,-93.762197247,2.821986904,0.021359648,1,10,2.92265357971
1393,696.458658646,-93.262312193,2.832665897,0.021923404,1,10,2.93337078094
1394,696.908659246,-92.812419725,2.842530652,0.023264918,1,10,2.94332714081
1395,697.458657946,-92.262569877,2.855325172,0.024677671,1,10,2.95622520447
1396,697.601900546,-92.119370871,2.858859708,0.024677671,1,10,2.95976085663
