[0.117s] colcon DEBUG Command line arguments: ['/usr/bin/colcon', '--log-base', 'autoracer_hooke/cross_scene_heading_log', 'build', '--base-paths', 'autoracer_hooke/vendor_ws/src', '--packages-select', 'autoware_ekf_localizer', 'autoware_pose_covariance_modifier', '--merge-install', '--build-base', 'autoracer_hooke/cross_scene_heading_build', '--install-base', 'autoracer_hooke/cross_scene_heading_merged_install', '--symlink-install', '--cmake-args', '-DBUILD_TESTING=ON']
[0.117s] colcon DEBUG Parsed command line arguments: Namespace(log_base='autoracer_hooke/cross_scene_heading_log', log_level=None, verb_name='build', build_base='/opt/ipg/carmaker/linux64-15.1/autoracer_hooke/cross_scene_heading_build', install_base='/opt/ipg/carmaker/linux64-15.1/autoracer_hooke/cross_scene_heading_merged_install', merge_install=True, symlink_install=True, test_result_base=None, continue_on_error=False, executor='parallel', parallel_workers=512, event_handlers=None, ignore_user_meta=False, metas=['./colcon.meta'], base_paths=['autoracer_hooke/vendor_ws/src'], packages_ignore=None, packages_ignore_regex=None, paths=None, packages_up_to=None, packages_up_to_regex=None, packages_above=None, packages_above_and_dependencies=None, packages_above_depth=None, packages_select_by_dep=None, packages_skip_by_dep=None, packages_skip_up_to=None, packages_select_build_failed=False, packages_skip_build_finished=False, packages_select_test_failures=False, packages_skip_test_passed=False, packages_select=['autoware_ekf_localizer', 'autoware_pose_covariance_modifier'], packages_skip=None, packages_select_regex=None, packages_skip_regex=None, packages_start=None, packages_end=None, allow_overriding=[], cmake_args=['-DBUILD_TESTING=ON'], cmake_target=None, cmake_target_skip_unavailable=False, cmake_clean_cache=False, cmake_clean_first=False, cmake_force_configure=False, ament_cmake_args=None, catkin_cmake_args=None, catkin_skip_building_tests=False, mixin_files=None, mixin=None, verb_parser=<colcon_mixin.mixin.mixin_argument.MixinArgumentDecorator object at 0x733cb7d79cf0>, verb_extension=<colcon_core.verb.build.BuildVerb object at 0x733cb7d79780>, main=<bound method BuildVerb.main of <colcon_core.verb.build.BuildVerb object at 0x733cb7d79780>>, mixin_verb=('build',))
[0.303s] colcon.colcon_core.package_discovery Level 1 discover_packages(colcon_meta) check parameters
[0.304s] colcon.colcon_core.package_discovery Level 1 discover_packages(recursive) check parameters
[0.304s] colcon.colcon_core.package_discovery Level 1 discover_packages(ignore) check parameters
[0.304s] colcon.colcon_core.package_discovery Level 1 discover_packages(path) check parameters
[0.304s] colcon.colcon_core.package_discovery Level 1 discover_packages(recursive) discover
[0.304s] colcon.colcon_core.package_discovery INFO Crawling recursively for packages in '/opt/ipg/carmaker/linux64-15.1/autoracer_hooke/vendor_ws/src'
[0.304s] colcon.colcon_core.package_identification Level 1 _identify(autoracer_hooke/vendor_ws/src) by extensions ['ignore', 'ignore_ament_install']
[0.304s] colcon.colcon_core.package_identification Level 1 _identify(autoracer_hooke/vendor_ws/src) by extension 'ignore'
[0.304s] colcon.colcon_core.package_identification Level 1 _identify(autoracer_hooke/vendor_ws/src) by extension 'ignore_ament_install'
[0.304s] colcon.colcon_core.package_identification Level 1 _identify(autoracer_hooke/vendor_ws/src) by extensions ['colcon_pkg']
[0.304s] colcon.colcon_core.package_identification Level 1 _identify(autoracer_hooke/vendor_ws/src) by extension 'colcon_pkg'
[0.304s] colcon.colcon_core.package_identification Level 1 _identify(autoracer_hooke/vendor_ws/src) by extensions ['colcon_meta']
[0.304s] colcon.colcon_core.package_identification Level 1 _identify(autoracer_hooke/vendor_ws/src) by extension 'colcon_meta'
[0.304s] colcon.colcon_core.package_identification Level 1 _identify(autoracer_hooke/vendor_ws/src) by extensions ['ros']
[0.304s] colcon.colcon_core.package_identification Level 1 _identify(autoracer_hooke/vendor_ws/src) by extension 'ros'
[0.313s] colcon.colcon_core.package_identification Level 1 _identify(autoracer_hooke/vendor_ws/src) by extensions ['cmake', 'python']
[0.313s] colcon.colcon_core.package_identification Level 1 _identify(autoracer_hooke/vendor_ws/src) by extension 'cmake'
[0.313s] colcon.colcon_core.package_identification Level 1 _identify(autoracer_hooke/vendor_ws/src) by extension 'python'
[0.313s] colcon.colcon_core.package_identification Level 1 _identify(autoracer_hooke/vendor_ws/src) by extensions ['python_setup_py']
[0.313s] colcon.colcon_core.package_identification Level 1 _identify(autoracer_hooke/vendor_ws/src) by extension 'python_setup_py'
[0.314s] colcon.colcon_core.package_identification Level 1 _identify(autoracer_hooke/vendor_ws/src/autoware) by extensions ['ignore', 'ignore_ament_install']
[0.314s] colcon.colcon_core.package_identification Level 1 _identify(autoracer_hooke/vendor_ws/src/autoware) by extension 'ignore'
[0.314s] colcon.colcon_core.package_identification Level 1 _identify(autoracer_hooke/vendor_ws/src/autoware) by extension 'ignore_ament_install'
[0.314s] colcon.colcon_core.package_identification Level 1 _identify(autoracer_hooke/vendor_ws/src/autoware) by extensions ['colcon_pkg']
[0.314s] colcon.colcon_core.package_identification Level 1 _identify(autoracer_hooke/vendor_ws/src/autoware) by extension 'colcon_pkg'
[0.314s] colcon.colcon_core.package_identification Level 1 _identify(autoracer_hooke/vendor_ws/src/autoware) by extensions ['colcon_meta']
[0.314s] colcon.colcon_core.package_identification Level 1 _identify(autoracer_hooke/vendor_ws/src/autoware) by extension 'colcon_meta'
[0.314s] colcon.colcon_core.package_identification Level 1 _identify(autoracer_hooke/vendor_ws/src/autoware) by extensions ['ros']
[0.314s] colcon.colcon_core.package_identification Level 1 _identify(autoracer_hooke/vendor_ws/src/autoware) by extension 'ros'
[0.314s] colcon.colcon_core.package_identification Level 1 _identify(autoracer_hooke/vendor_ws/src/autoware) by extensions ['cmake', 'python']
[0.314s] colcon.colcon_core.package_identification Level 1 _identify(autoracer_hooke/vendor_ws/src/autoware) by extension 'cmake'
[0.314s] colcon.colcon_core.package_identification Level 1 _identify(autoracer_hooke/vendor_ws/src/autoware) by extension 'python'
[0.314s] colcon.colcon_core.package_identification Level 1 _identify(autoracer_hooke/vendor_ws/src/autoware) by extensions ['python_setup_py']
[0.314s] colcon.colcon_core.package_identification Level 1 _identify(autoracer_hooke/vendor_ws/src/autoware) by extension 'python_setup_py'
[0.314s] colcon.colcon_core.package_identification Level 1 _identify(autoracer_hooke/vendor_ws/src/autoware/autoware_adapi_msgs) by extensions ['ignore', 'ignore_ament_install']
[0.314s] colcon.colcon_core.package_identification Level 1 _identify(autoracer_hooke/vendor_ws/src/autoware/autoware_adapi_msgs) by extension 'ignore'
[0.314s] colcon.colcon_core.package_identification Level 1 _identify(autoracer_hooke/vendor_ws/src/autoware/autoware_adapi_msgs) by extension 'ignore_ament_install'
[0.314s] colcon.colcon_core.package_identification Level 1 _identify(autoracer_hooke/vendor_ws/src/autoware/autoware_adapi_msgs) by extensions ['colcon_pkg']
[0.314s] colcon.colcon_core.package_identification Level 1 _identify(autoracer_hooke/vendor_ws/src/autoware/autoware_adapi_msgs) by extension 'colcon_pkg'
[0.314s] colcon.colcon_core.package_identification Level 1 _identify(autoracer_hooke/vendor_ws/src/autoware/autoware_adapi_msgs) by extensions ['colcon_meta']
[0.314s] colcon.colcon_core.package_identification Level 1 _identify(autoracer_hooke/vendor_ws/src/autoware/autoware_adapi_msgs) by extension 'colcon_meta'
[0.314s] colcon.colcon_core.package_identification Level 1 _identify(autoracer_hooke/vendor_ws/src/autoware/autoware_adapi_msgs) by extensions ['ros']
[0.314s] colcon.colcon_core.package_identification Level 1 _identify(autoracer_hooke/vendor_ws/src/autoware/autoware_adapi_msgs) by extension 'ros'
[0.314s] colcon.colcon_core.package_identification Level 1 _identify(autoracer_hooke/vendor_ws/src/autoware/autoware_adapi_msgs) by extensions ['cmake', 'python']
[0.314s] colcon.colcon_core.package_identification Level 1 _identify(autoracer_hooke/vendor_ws/src/autoware/autoware_adapi_msgs) by extension 'cmake'
[0.314s] colcon.colcon_core.package_identification Level 1 _identify(autoracer_hooke/vendor_ws/src/autoware/autoware_adapi_msgs) by extension 'python'
[0.314s] colcon.colcon_core.package_identification Level 1 _identify(autoracer_hooke/vendor_ws/src/autoware/autoware_adapi_msgs) by extensions ['python_setup_py']
[0.314s] colcon.colcon_core.package_identification Level 1 _identify(autoracer_hooke/vendor_ws/src/autoware/autoware_adapi_msgs) by extension 'python_setup_py'
[0.315s] colcon.colcon_core.package_identification Level 1 _identify(autoracer_hooke/vendor_ws/src/autoware/autoware_adapi_msgs/autoware_adapi_v1_msgs) by extensions ['ignore', 'ignore_ament_install']
[0.315s] colcon.colcon_core.package_identification Level 1 _identify(autoracer_hooke/vendor_ws/src/autoware/autoware_adapi_msgs/autoware_adapi_v1_msgs) by extension 'ignore'
[0.315s] colcon.colcon_core.package_identification Level 1 _identify(autoracer_hooke/vendor_ws/src/autoware/autoware_adapi_msgs/autoware_adapi_v1_msgs) by extension 'ignore_ament_install'
[0.315s] colcon.colcon_core.package_identification Level 1 _identify(autoracer_hooke/vendor_ws/src/autoware/autoware_adapi_msgs/autoware_adapi_v1_msgs) by extensions ['colcon_pkg']
[0.315s] colcon.colcon_core.package_identification Level 1 _identify(autoracer_hooke/vendor_ws/src/autoware/autoware_adapi_msgs/autoware_adapi_v1_msgs) by extension 'colcon_pkg'
[0.315s] colcon.colcon_core.package_identification Level 1 _identify(autoracer_hooke/vendor_ws/src/autoware/autoware_adapi_msgs/autoware_adapi_v1_msgs) by extensions ['colcon_meta']
[0.315s] colcon.colcon_core.package_identification Level 1 _identify(autoracer_hooke/vendor_ws/src/autoware/autoware_adapi_msgs/autoware_adapi_v1_msgs) by extension 'colcon_meta'
[0.315s] colcon.colcon_core.package_identification Level 1 _identify(autoracer_hooke/vendor_ws/src/autoware/autoware_adapi_msgs/autoware_adapi_v1_msgs) by extensions ['ros']
[0.315s] colcon.colcon_core.package_identification Level 1 _identify(autoracer_hooke/vendor_ws/src/autoware/autoware_adapi_msgs/autoware_adapi_v1_msgs) by extension 'ros'
[0.317s] colcon.colcon_core.package_identification DEBUG Package 'autoracer_hooke/vendor_ws/src/autoware/autoware_adapi_msgs/autoware_adapi_v1_msgs' with type 'ros.ament_cmake' and name 'autoware_adapi_v1_msgs'
[0.317s] colcon.colcon_core.package_identification Level 1 _identify(autoracer_hooke/vendor_ws/src/autoware/autoware_cmake) by extensions ['ignore', 'ignore_ament_install']
[0.317s] colcon.colcon_core.package_identification Level 1 _identify(autoracer_hooke/vendor_ws/src/autoware/autoware_cmake) by extension 'ignore'
[0.317s] colcon.colcon_core.package_identification Level 1 _identify(autoracer_hooke/vendor_ws/src/autoware/autoware_cmake) by extension 'ignore_ament_install'
[0.317s] colcon.colcon_core.package_identification Level 1 _identify(autoracer_hooke/vendor_ws/src/autoware/autoware_cmake) by extensions ['colcon_pkg']
[0.318s] colcon.colcon_core.package_identification Level 1 _identify(autoracer_hooke/vendor_ws/src/autoware/autoware_cmake) by extension 'colcon_pkg'
[0.318s] colcon.colcon_core.package_identification Level 1 _identify(autoracer_hooke/vendor_ws/src/autoware/autoware_cmake) by extensions ['colcon_meta']
[0.318s] colcon.colcon_core.package_identification Level 1 _identify(autoracer_hooke/vendor_ws/src/autoware/autoware_cmake) by extension 'colcon_meta'
[0.318s] colcon.colcon_core.package_identification Level 1 _identify(autoracer_hooke/vendor_ws/src/autoware/autoware_cmake) by extensions ['ros']
[0.318s] colcon.colcon_core.package_identification Level 1 _identify(autoracer_hooke/vendor_ws/src/autoware/autoware_cmake) by extension 'ros'
[0.318s] colcon.colcon_core.package_identification Level 1 _identify(autoracer_hooke/vendor_ws/src/autoware/autoware_cmake) by extensions ['cmake', 'python']
[0.318s] colcon.colcon_core.package_identification Level 1 _identify(autoracer_hooke/vendor_ws/src/autoware/autoware_cmake) by extension 'cmake'
[0.318s] colcon.colcon_core.package_identification Level 1 _identify(autoracer_hooke/vendor_ws/src/autoware/autoware_cmake) by extension 'python'
[0.318s] colcon.colcon_core.package_identification Level 1 _identify(autoracer_hooke/vendor_ws/src/autoware/autoware_cmake) by extensions ['python_setup_py']
[0.318s] colcon.colcon_core.package_identification Level 1 _identify(autoracer_hooke/vendor_ws/src/autoware/autoware_cmake) by extension 'python_setup_py'
[0.318s] colcon.colcon_core.package_identification Level 1 _identify(autoracer_hooke/vendor_ws/src/autoware/autoware_cmake/autoware_cmake) by extensions ['ignore', 'ignore_ament_install']
[0.318s] colcon.colcon_core.package_identification Level 1 _identify(autoracer_hooke/vendor_ws/src/autoware/autoware_cmake/autoware_cmake) by extension 'ignore'
[0.318s] colcon.colcon_core.package_identification Level 1 _identify(autoracer_hooke/vendor_ws/src/autoware/autoware_cmake/autoware_cmake) by extension 'ignore_ament_install'
[0.318s] colcon.colcon_core.package_identification Level 1 _identify(autoracer_hooke/vendor_ws/src/autoware/autoware_cmake/autoware_cmake) by extensions ['colcon_pkg']
[0.318s] colcon.colcon_core.package_identification Level 1 _identify(autoracer_hooke/vendor_ws/src/autoware/autoware_cmake/autoware_cmake) by extension 'colcon_pkg'
[0.318s] colcon.colcon_core.package_identification Level 1 _identify(autoracer_hooke/vendor_ws/src/autoware/autoware_cmake/autoware_cmake) by extensions ['colcon_meta']
[0.318s] colcon.colcon_core.package_identification Level 1 _identify(autoracer_hooke/vendor_ws/src/autoware/autoware_cmake/autoware_cmake) by extension 'colcon_meta'
[0.318s] colcon.colcon_core.package_identification Level 1 _identify(autoracer_hooke/vendor_ws/src/autoware/autoware_cmake/autoware_cmake) by extensions ['ros']
[0.318s] colcon.colcon_core.package_identification Level 1 _identify(autoracer_hooke/vendor_ws/src/autoware/autoware_cmake/autoware_cmake) by extension 'ros'
[0.319s] colcon.colcon_core.package_identification DEBUG Package 'autoracer_hooke/vendor_ws/src/autoware/autoware_cmake/autoware_cmake' with type 'ros.ament_cmake' and name 'autoware_cmake'
[0.319s] colcon.colcon_core.package_identification Level 1 _identify(autoracer_hooke/vendor_ws/src/autoware/autoware_cmake/autoware_lint_common) by extensions ['ignore', 'ignore_ament_install']
[0.319s] colcon.colcon_core.package_identification Level 1 _identify(autoracer_hooke/vendor_ws/src/autoware/autoware_cmake/autoware_lint_common) by extension 'ignore'
[0.319s] colcon.colcon_core.package_identification Level 1 _identify(autoracer_hooke/vendor_ws/src/autoware/autoware_cmake/autoware_lint_common) by extension 'ignore_ament_install'
[0.319s] colcon.colcon_core.package_identification Level 1 _identify(autoracer_hooke/vendor_ws/src/autoware/autoware_cmake/autoware_lint_common) by extensions ['colcon_pkg']
[0.319s] colcon.colcon_core.package_identification Level 1 _identify(autoracer_hooke/vendor_ws/src/autoware/autoware_cmake/autoware_lint_common) by extension 'colcon_pkg'
[0.319s] colcon.colcon_core.package_identification Level 1 _identify(autoracer_hooke/vendor_ws/src/autoware/autoware_cmake/autoware_lint_common) by extensions ['colcon_meta']
[0.319s] colcon.colcon_core.package_identification Level 1 _identify(autoracer_hooke/vendor_ws/src/autoware/autoware_cmake/autoware_lint_common) by extension 'colcon_meta'
[0.319s] colcon.colcon_core.package_identification Level 1 _identify(autoracer_hooke/vendor_ws/src/autoware/autoware_cmake/autoware_lint_common) by extensions ['ros']
[0.319s] colcon.colcon_core.package_identification Level 1 _identify(autoracer_hooke/vendor_ws/src/autoware/autoware_cmake/autoware_lint_common) by extension 'ros'
[0.319s] colcon.colcon_core.package_identification DEBUG Package 'autoracer_hooke/vendor_ws/src/autoware/autoware_cmake/autoware_lint_common' with type 'ros.ament_cmake' and name 'autoware_lint_common'
[0.320s] colcon.colcon_core.package_identification Level 1 _identify(autoracer_hooke/vendor_ws/src/autoware/autoware_internal_msgs) by extensions ['ignore', 'ignore_ament_install']
[0.320s] colcon.colcon_core.package_identification Level 1 _identify(autoracer_hooke/vendor_ws/src/autoware/autoware_internal_msgs) by extension 'ignore'
[0.320s] colcon.colcon_core.package_identification Level 1 _identify(autoracer_hooke/vendor_ws/src/autoware/autoware_internal_msgs) by extension 'ignore_ament_install'
[0.320s] colcon.colcon_core.package_identification Level 1 _identify(autoracer_hooke/vendor_ws/src/autoware/autoware_internal_msgs) by extensions ['colcon_pkg']
[0.320s] colcon.colcon_core.package_identification Level 1 _identify(autoracer_hooke/vendor_ws/src/autoware/autoware_internal_msgs) by extension 'colcon_pkg'
[0.320s] colcon.colcon_core.package_identification Level 1 _identify(autoracer_hooke/vendor_ws/src/autoware/autoware_internal_msgs) by extensions ['colcon_meta']
[0.320s] colcon.colcon_core.package_identification Level 1 _identify(autoracer_hooke/vendor_ws/src/autoware/autoware_internal_msgs) by extension 'colcon_meta'
[0.320s] colcon.colcon_core.package_identification Level 1 _identify(autoracer_hooke/vendor_ws/src/autoware/autoware_internal_msgs) by extensions ['ros']
[0.320s] colcon.colcon_core.package_identification Level 1 _identify(autoracer_hooke/vendor_ws/src/autoware/autoware_internal_msgs) by extension 'ros'
[0.320s] colcon.colcon_core.package_identification Level 1 _identify(autoracer_hooke/vendor_ws/src/autoware/autoware_internal_msgs) by extensions ['cmake', 'python']
[0.320s] colcon.colcon_core.package_identification Level 1 _identify(autoracer_hooke/vendor_ws/src/autoware/autoware_internal_msgs) by extension 'cmake'
[0.320s] colcon.colcon_core.package_identification Level 1 _identify(autoracer_hooke/vendor_ws/src/autoware/autoware_internal_msgs) by extension 'python'
[0.320s] colcon.colcon_core.package_identification Level 1 _identify(autoracer_hooke/vendor_ws/src/autoware/autoware_internal_msgs) by extensions ['python_setup_py']
[0.320s] colcon.colcon_core.package_identification Level 1 _identify(autoracer_hooke/vendor_ws/src/autoware/autoware_internal_msgs) by extension 'python_setup_py'
[0.320s] colcon.colcon_core.package_identification Level 1 _identify(autoracer_hooke/vendor_ws/src/autoware/autoware_internal_msgs/autoware_internal_debug_msgs) by extensions ['ignore', 'ignore_ament_install']
[0.320s] colcon.colcon_core.package_identification Level 1 _identify(autoracer_hooke/vendor_ws/src/autoware/autoware_internal_msgs/autoware_internal_debug_msgs) by extension 'ignore'
[0.320s] colcon.colcon_core.package_identification Level 1 _identify(autoracer_hooke/vendor_ws/src/autoware/autoware_internal_msgs/autoware_internal_debug_msgs) by extension 'ignore_ament_install'
[0.320s] colcon.colcon_core.package_identification Level 1 _identify(autoracer_hooke/vendor_ws/src/autoware/autoware_internal_msgs/autoware_internal_debug_msgs) by extensions ['colcon_pkg']
[0.320s] colcon.colcon_core.package_identification Level 1 _identify(autoracer_hooke/vendor_ws/src/autoware/autoware_internal_msgs/autoware_internal_debug_msgs) by extension 'colcon_pkg'
[0.320s] colcon.colcon_core.package_identification Level 1 _identify(autoracer_hooke/vendor_ws/src/autoware/autoware_internal_msgs/autoware_internal_debug_msgs) by extensions ['colcon_meta']
[0.320s] colcon.colcon_core.package_identification Level 1 _identify(autoracer_hooke/vendor_ws/src/autoware/autoware_internal_msgs/autoware_internal_debug_msgs) by extension 'colcon_meta'
[0.320s] colcon.colcon_core.package_identification Level 1 _identify(autoracer_hooke/vendor_ws/src/autoware/autoware_internal_msgs/autoware_internal_debug_msgs) by extensions ['ros']
[0.320s] colcon.colcon_core.package_identification Level 1 _identify(autoracer_hooke/vendor_ws/src/autoware/autoware_internal_msgs/autoware_internal_debug_msgs) by extension 'ros'
[0.321s] colcon.colcon_core.package_identification DEBUG Package 'autoracer_hooke/vendor_ws/src/autoware/autoware_internal_msgs/autoware_internal_debug_msgs' with type 'ros.ament_cmake' and name 'autoware_internal_debug_msgs'
[0.321s] colcon.colcon_core.package_identification Level 1 _identify(autoracer_hooke/vendor_ws/src/autoware/autoware_internal_msgs/autoware_internal_localization_msgs) by extensions ['ignore', 'ignore_ament_install']
[0.321s] colcon.colcon_core.package_identification Level 1 _identify(autoracer_hooke/vendor_ws/src/autoware/autoware_internal_msgs/autoware_internal_localization_msgs) by extension 'ignore'
[0.321s] colcon.colcon_core.package_identification Level 1 _identify(autoracer_hooke/vendor_ws/src/autoware/autoware_internal_msgs/autoware_internal_localization_msgs) by extension 'ignore_ament_install'
[0.321s] colcon.colcon_core.package_identification Level 1 _identify(autoracer_hooke/vendor_ws/src/autoware/autoware_internal_msgs/autoware_internal_localization_msgs) by extensions ['colcon_pkg']
[0.321s] colcon.colcon_core.package_identification Level 1 _identify(autoracer_hooke/vendor_ws/src/autoware/autoware_internal_msgs/autoware_internal_localization_msgs) by extension 'colcon_pkg'
[0.321s] colcon.colcon_core.package_identification Level 1 _identify(autoracer_hooke/vendor_ws/src/autoware/autoware_internal_msgs/autoware_internal_localization_msgs) by extensions ['colcon_meta']
[0.321s] colcon.colcon_core.package_identification Level 1 _identify(autoracer_hooke/vendor_ws/src/autoware/autoware_internal_msgs/autoware_internal_localization_msgs) by extension 'colcon_meta'
[0.321s] colcon.colcon_core.package_identification Level 1 _identify(autoracer_hooke/vendor_ws/src/autoware/autoware_internal_msgs/autoware_internal_localization_msgs) by extensions ['ros']
[0.321s] colcon.colcon_core.package_identification Level 1 _identify(autoracer_hooke/vendor_ws/src/autoware/autoware_internal_msgs/autoware_internal_localization_msgs) by extension 'ros'
[0.322s] colcon.colcon_core.package_identification DEBUG Package 'autoracer_hooke/vendor_ws/src/autoware/autoware_internal_msgs/autoware_internal_localization_msgs' with type 'ros.ament_cmake' and name 'autoware_internal_localization_msgs'
[0.322s] colcon.colcon_core.package_identification Level 1 _identify(autoracer_hooke/vendor_ws/src/autoware/autoware_internal_msgs/autoware_internal_metric_msgs) by extensions ['ignore', 'ignore_ament_install']
[0.322s] colcon.colcon_core.package_identification Level 1 _identify(autoracer_hooke/vendor_ws/src/autoware/autoware_internal_msgs/autoware_internal_metric_msgs) by extension 'ignore'
[0.322s] colcon.colcon_core.package_identification Level 1 _identify(autoracer_hooke/vendor_ws/src/autoware/autoware_internal_msgs/autoware_internal_metric_msgs) by extension 'ignore_ament_install'
[0.322s] colcon.colcon_core.package_identification Level 1 _identify(autoracer_hooke/vendor_ws/src/autoware/autoware_internal_msgs/autoware_internal_metric_msgs) by extensions ['colcon_pkg']
[0.322s] colcon.colcon_core.package_identification Level 1 _identify(autoracer_hooke/vendor_ws/src/autoware/autoware_internal_msgs/autoware_internal_metric_msgs) by extension 'colcon_pkg'
[0.322s] colcon.colcon_core.package_identification Level 1 _identify(autoracer_hooke/vendor_ws/src/autoware/autoware_internal_msgs/autoware_internal_metric_msgs) by extensions ['colcon_meta']
[0.322s] colcon.colcon_core.package_identification Level 1 _identify(autoracer_hooke/vendor_ws/src/autoware/autoware_internal_msgs/autoware_internal_metric_msgs) by extension 'colcon_meta'
[0.322s] colcon.colcon_core.package_identification Level 1 _identify(autoracer_hooke/vendor_ws/src/autoware/autoware_internal_msgs/autoware_internal_metric_msgs) by extensions ['ros']
[0.322s] colcon.colcon_core.package_identification Level 1 _identify(autoracer_hooke/vendor_ws/src/autoware/autoware_internal_msgs/autoware_internal_metric_msgs) by extension 'ros'
[0.323s] colcon.colcon_core.package_identification DEBUG Package 'autoracer_hooke/vendor_ws/src/autoware/autoware_internal_msgs/autoware_internal_metric_msgs' with type 'ros.ament_cmake' and name 'autoware_internal_metric_msgs'
[0.323s] colcon.colcon_core.package_identification Level 1 _identify(autoracer_hooke/vendor_ws/src/autoware/autoware_internal_msgs/autoware_internal_msgs) by extensions ['ignore', 'ignore_ament_install']
[0.324s] colcon.colcon_core.package_identification Level 1 _identify(autoracer_hooke/vendor_ws/src/autoware/autoware_internal_msgs/autoware_internal_msgs) by extension 'ignore'
[0.324s] colcon.colcon_core.package_identification Level 1 _identify(autoracer_hooke/vendor_ws/src/autoware/autoware_internal_msgs/autoware_internal_msgs) by extension 'ignore_ament_install'
[0.324s] colcon.colcon_core.package_identification Level 1 _identify(autoracer_hooke/vendor_ws/src/autoware/autoware_internal_msgs/autoware_internal_msgs) by extensions ['colcon_pkg']
[0.324s] colcon.colcon_core.package_identification Level 1 _identify(autoracer_hooke/vendor_ws/src/autoware/autoware_internal_msgs/autoware_internal_msgs) by extension 'colcon_pkg'
[0.324s] colcon.colcon_core.package_identification Level 1 _identify(autoracer_hooke/vendor_ws/src/autoware/autoware_internal_msgs/autoware_internal_msgs) by extensions ['colcon_meta']
[0.324s] colcon.colcon_core.package_identification Level 1 _identify(autoracer_hooke/vendor_ws/src/autoware/autoware_internal_msgs/autoware_internal_msgs) by extension 'colcon_meta'
[0.324s] colcon.colcon_core.package_identification Level 1 _identify(autoracer_hooke/vendor_ws/src/autoware/autoware_internal_msgs/autoware_internal_msgs) by extensions ['ros']
[0.324s] colcon.colcon_core.package_identification Level 1 _identify(autoracer_hooke/vendor_ws/src/autoware/autoware_internal_msgs/autoware_internal_msgs) by extension 'ros'
[0.324s] colcon.colcon_core.package_identification DEBUG Package 'autoracer_hooke/vendor_ws/src/autoware/autoware_internal_msgs/autoware_internal_msgs' with type 'ros.ament_cmake' and name 'autoware_internal_msgs'
[0.325s] colcon.colcon_core.package_identification Level 1 _identify(autoracer_hooke/vendor_ws/src/autoware/autoware_internal_msgs/autoware_internal_perception_msgs) by extensions ['ignore', 'ignore_ament_install']
[0.325s] colcon.colcon_core.package_identification Level 1 _identify(autoracer_hooke/vendor_ws/src/autoware/autoware_internal_msgs/autoware_internal_perception_msgs) by extension 'ignore'
[0.325s] colcon.colcon_core.package_identification Level 1 _identify(autoracer_hooke/vendor_ws/src/autoware/autoware_internal_msgs/autoware_internal_perception_msgs) by extension 'ignore_ament_install'
[0.325s] colcon.colcon_core.package_identification Level 1 _identify(autoracer_hooke/vendor_ws/src/autoware/autoware_internal_msgs/autoware_internal_perception_msgs) by extensions ['colcon_pkg']
[0.325s] colcon.colcon_core.package_identification Level 1 _identify(autoracer_hooke/vendor_ws/src/autoware/autoware_internal_msgs/autoware_internal_perception_msgs) by extension 'colcon_pkg'
[0.325s] colcon.colcon_core.package_identification Level 1 _identify(autoracer_hooke/vendor_ws/src/autoware/autoware_internal_msgs/autoware_internal_perception_msgs) by extensions ['colcon_meta']
[0.325s] colcon.colcon_core.package_identification Level 1 _identify(autoracer_hooke/vendor_ws/src/autoware/autoware_internal_msgs/autoware_internal_perception_msgs) by extension 'colcon_meta'
[0.325s] colcon.colcon_core.package_identification Level 1 _identify(autoracer_hooke/vendor_ws/src/autoware/autoware_internal_msgs/autoware_internal_perception_msgs) by extensions ['ros']
[0.325s] colcon.colcon_core.package_identification Level 1 _identify(autoracer_hooke/vendor_ws/src/autoware/autoware_internal_msgs/autoware_internal_perception_msgs) by extension 'ros'
[0.325s] colcon.colcon_core.package_identification DEBUG Package 'autoracer_hooke/vendor_ws/src/autoware/autoware_internal_msgs/autoware_internal_perception_msgs' with type 'ros.ament_cmake' and name 'autoware_internal_perception_msgs'
[0.326s] colcon.colcon_core.package_identification Level 1 _identify(autoracer_hooke/vendor_ws/src/autoware/autoware_internal_msgs/autoware_internal_planning_msgs) by extensions ['ignore', 'ignore_ament_install']
[0.326s] colcon.colcon_core.package_identification Level 1 _identify(autoracer_hooke/vendor_ws/src/autoware/autoware_internal_msgs/autoware_internal_planning_msgs) by extension 'ignore'
[0.326s] colcon.colcon_core.package_identification Level 1 _identify(autoracer_hooke/vendor_ws/src/autoware/autoware_internal_msgs/autoware_internal_planning_msgs) by extension 'ignore_ament_install'
[0.326s] colcon.colcon_core.package_identification Level 1 _identify(autoracer_hooke/vendor_ws/src/autoware/autoware_internal_msgs/autoware_internal_planning_msgs) by extensions ['colcon_pkg']
[0.326s] colcon.colcon_core.package_identification Level 1 _identify(autoracer_hooke/vendor_ws/src/autoware/autoware_internal_msgs/autoware_internal_planning_msgs) by extension 'colcon_pkg'
[0.326s] colcon.colcon_core.package_identification Level 1 _identify(autoracer_hooke/vendor_ws/src/autoware/autoware_internal_msgs/autoware_internal_planning_msgs) by extensions ['colcon_meta']
[0.326s] colcon.colcon_core.package_identification Level 1 _identify(autoracer_hooke/vendor_ws/src/autoware/autoware_internal_msgs/autoware_internal_planning_msgs) by extension 'colcon_meta'
[0.326s] colcon.colcon_core.package_identification Level 1 _identify(autoracer_hooke/vendor_ws/src/autoware/autoware_internal_msgs/autoware_internal_planning_msgs) by extensions ['ros']
[0.326s] colcon.colcon_core.package_identification Level 1 _identify(autoracer_hooke/vendor_ws/src/autoware/autoware_internal_msgs/autoware_internal_planning_msgs) by extension 'ros'
[0.327s] colcon.colcon_core.package_identification DEBUG Package 'autoracer_hooke/vendor_ws/src/autoware/autoware_internal_msgs/autoware_internal_planning_msgs' with type 'ros.ament_cmake' and name 'autoware_internal_planning_msgs'
[0.327s] colcon.colcon_core.package_identification Level 1 _identify(autoracer_hooke/vendor_ws/src/autoware/autoware_lanelet2_extension) by extensions ['ignore', 'ignore_ament_install']
[0.327s] colcon.colcon_core.package_identification Level 1 _identify(autoracer_hooke/vendor_ws/src/autoware/autoware_lanelet2_extension) by extension 'ignore'
[0.327s] colcon.colcon_core.package_identification Level 1 _identify(autoracer_hooke/vendor_ws/src/autoware/autoware_lanelet2_extension) by extension 'ignore_ament_install'
[0.327s] colcon.colcon_core.package_identification Level 1 _identify(autoracer_hooke/vendor_ws/src/autoware/autoware_lanelet2_extension) by extensions ['colcon_pkg']
[0.327s] colcon.colcon_core.package_identification Level 1 _identify(autoracer_hooke/vendor_ws/src/autoware/autoware_lanelet2_extension) by extension 'colcon_pkg'
[0.327s] colcon.colcon_core.package_identification Level 1 _identify(autoracer_hooke/vendor_ws/src/autoware/autoware_lanelet2_extension) by extensions ['colcon_meta']
[0.327s] colcon.colcon_core.package_identification Level 1 _identify(autoracer_hooke/vendor_ws/src/autoware/autoware_lanelet2_extension) by extension 'colcon_meta'
[0.327s] colcon.colcon_core.package_identification Level 1 _identify(autoracer_hooke/vendor_ws/src/autoware/autoware_lanelet2_extension) by extensions ['ros']
[0.327s] colcon.colcon_core.package_identification Level 1 _identify(autoracer_hooke/vendor_ws/src/autoware/autoware_lanelet2_extension) by extension 'ros'
[0.327s] colcon.colcon_core.package_identification Level 1 _identify(autoracer_hooke/vendor_ws/src/autoware/autoware_lanelet2_extension) by extensions ['cmake', 'python']
[0.327s] colcon.colcon_core.package_identification Level 1 _identify(autoracer_hooke/vendor_ws/src/autoware/autoware_lanelet2_extension) by extension 'cmake'
[0.327s] colcon.colcon_core.package_identification Level 1 _identify(autoracer_hooke/vendor_ws/src/autoware/autoware_lanelet2_extension) by extension 'python'
[0.327s] colcon.colcon_core.package_identification Level 1 _identify(autoracer_hooke/vendor_ws/src/autoware/autoware_lanelet2_extension) by extensions ['python_setup_py']
[0.327s] colcon.colcon_core.package_identification Level 1 _identify(autoracer_hooke/vendor_ws/src/autoware/autoware_lanelet2_extension) by extension 'python_setup_py'
[0.327s] colcon.colcon_core.package_identification Level 1 _identify(autoracer_hooke/vendor_ws/src/autoware/autoware_lanelet2_extension/autoware_lanelet2_extension) by extensions ['ignore', 'ignore_ament_install']
[0.327s] colcon.colcon_core.package_identification Level 1 _identify(autoracer_hooke/vendor_ws/src/autoware/autoware_lanelet2_extension/autoware_lanelet2_extension) by extension 'ignore'
[0.327s] colcon.colcon_core.package_identification Level 1 _identify(autoracer_hooke/vendor_ws/src/autoware/autoware_lanelet2_extension/autoware_lanelet2_extension) by extension 'ignore_ament_install'
[0.327s] colcon.colcon_core.package_identification Level 1 _identify(autoracer_hooke/vendor_ws/src/autoware/autoware_lanelet2_extension/autoware_lanelet2_extension) by extensions ['colcon_pkg']
[0.327s] colcon.colcon_core.package_identification Level 1 _identify(autoracer_hooke/vendor_ws/src/autoware/autoware_lanelet2_extension/autoware_lanelet2_extension) by extension 'colcon_pkg'
[0.327s] colcon.colcon_core.package_identification Level 1 _identify(autoracer_hooke/vendor_ws/src/autoware/autoware_lanelet2_extension/autoware_lanelet2_extension) by extensions ['colcon_meta']
[0.327s] colcon.colcon_core.package_identification Level 1 _identify(autoracer_hooke/vendor_ws/src/autoware/autoware_lanelet2_extension/autoware_lanelet2_extension) by extension 'colcon_meta'
[0.327s] colcon.colcon_core.package_identification Level 1 _identify(autoracer_hooke/vendor_ws/src/autoware/autoware_lanelet2_extension/autoware_lanelet2_extension) by extensions ['ros']
[0.327s] colcon.colcon_core.package_identification Level 1 _identify(autoracer_hooke/vendor_ws/src/autoware/autoware_lanelet2_extension/autoware_lanelet2_extension) by extension 'ros'
[0.329s] colcon.colcon_core.package_identification DEBUG Package 'autoracer_hooke/vendor_ws/src/autoware/autoware_lanelet2_extension/autoware_lanelet2_extension' with type 'ros.ament_cmake' and name 'autoware_lanelet2_extension'
[0.329s] colcon.colcon_core.package_identification Level 1 _identify(autoracer_hooke/vendor_ws/src/autoware/autoware_msgs) by extensions ['ignore', 'ignore_ament_install']
[0.329s] colcon.colcon_core.package_identification Level 1 _identify(autoracer_hooke/vendor_ws/src/autoware/autoware_msgs) by extension 'ignore'
[0.329s] colcon.colcon_core.package_identification Level 1 _identify(autoracer_hooke/vendor_ws/src/autoware/autoware_msgs) by extension 'ignore_ament_install'
[0.329s] colcon.colcon_core.package_identification Level 1 _identify(autoracer_hooke/vendor_ws/src/autoware/autoware_msgs) by extensions ['colcon_pkg']
[0.329s] colcon.colcon_core.package_identification Level 1 _identify(autoracer_hooke/vendor_ws/src/autoware/autoware_msgs) by extension 'colcon_pkg'
[0.329s] colcon.colcon_core.package_identification Level 1 _identify(autoracer_hooke/vendor_ws/src/autoware/autoware_msgs) by extensions ['colcon_meta']
[0.329s] colcon.colcon_core.package_identification Level 1 _identify(autoracer_hooke/vendor_ws/src/autoware/autoware_msgs) by extension 'colcon_meta'
[0.329s] colcon.colcon_core.package_identification Level 1 _identify(autoracer_hooke/vendor_ws/src/autoware/autoware_msgs) by extensions ['ros']
[0.329s] colcon.colcon_core.package_identification Level 1 _identify(autoracer_hooke/vendor_ws/src/autoware/autoware_msgs) by extension 'ros'
[0.329s] colcon.colcon_core.package_identification Level 1 _identify(autoracer_hooke/vendor_ws/src/autoware/autoware_msgs) by extensions ['cmake', 'python']
[0.329s] colcon.colcon_core.package_identification Level 1 _identify(autoracer_hooke/vendor_ws/src/autoware/autoware_msgs) by extension 'cmake'
[0.329s] colcon.colcon_core.package_identification Level 1 _identify(autoracer_hooke/vendor_ws/src/autoware/autoware_msgs) by extension 'python'
[0.329s] colcon.colcon_core.package_identification Level 1 _identify(autoracer_hooke/vendor_ws/src/autoware/autoware_msgs) by extensions ['python_setup_py']
[0.329s] colcon.colcon_core.package_identification Level 1 _identify(autoracer_hooke/vendor_ws/src/autoware/autoware_msgs) by extension 'python_setup_py'
[0.329s] colcon.colcon_core.package_identification Level 1 _identify(autoracer_hooke/vendor_ws/src/autoware/autoware_msgs/autoware_common_msgs) by extensions ['ignore', 'ignore_ament_install']
[0.330s] colcon.colcon_core.package_identification Level 1 _identify(autoracer_hooke/vendor_ws/src/autoware/autoware_msgs/autoware_common_msgs) by extension 'ignore'
[0.330s] colcon.colcon_core.package_identification Level 1 _identify(autoracer_hooke/vendor_ws/src/autoware/autoware_msgs/autoware_common_msgs) by extension 'ignore_ament_install'
[0.330s] colcon.colcon_core.package_identification Level 1 _identify(autoracer_hooke/vendor_ws/src/autoware/autoware_msgs/autoware_common_msgs) by extensions ['colcon_pkg']
[0.330s] colcon.colcon_core.package_identification Level 1 _identify(autoracer_hooke/vendor_ws/src/autoware/autoware_msgs/autoware_common_msgs) by extension 'colcon_pkg'
[0.330s] colcon.colcon_core.package_identification Level 1 _identify(autoracer_hooke/vendor_ws/src/autoware/autoware_msgs/autoware_common_msgs) by extensions ['colcon_meta']
[0.330s] colcon.colcon_core.package_identification Level 1 _identify(autoracer_hooke/vendor_ws/src/autoware/autoware_msgs/autoware_common_msgs) by extension 'colcon_meta'
[0.330s] colcon.colcon_core.package_identification Level 1 _identify(autoracer_hooke/vendor_ws/src/autoware/autoware_msgs/autoware_common_msgs) by extensions ['ros']
[0.330s] colcon.colcon_core.package_identification Level 1 _identify(autoracer_hooke/vendor_ws/src/autoware/autoware_msgs/autoware_common_msgs) by extension 'ros'
[0.330s] colcon.colcon_core.package_identification DEBUG Package 'autoracer_hooke/vendor_ws/src/autoware/autoware_msgs/autoware_common_msgs' with type 'ros.ament_cmake' and name 'autoware_common_msgs'
[0.330s] colcon.colcon_core.package_identification Level 1 _identify(autoracer_hooke/vendor_ws/src/autoware/autoware_msgs/autoware_control_msgs) by extensions ['ignore', 'ignore_ament_install']
[0.330s] colcon.colcon_core.package_identification Level 1 _identify(autoracer_hooke/vendor_ws/src/autoware/autoware_msgs/autoware_control_msgs) by extension 'ignore'
[0.330s] colcon.colcon_core.package_identification Level 1 _identify(autoracer_hooke/vendor_ws/src/autoware/autoware_msgs/autoware_control_msgs) by extension 'ignore_ament_install'
[0.330s] colcon.colcon_core.package_identification Level 1 _identify(autoracer_hooke/vendor_ws/src/autoware/autoware_msgs/autoware_control_msgs) by extensions ['colcon_pkg']
[0.330s] colcon.colcon_core.package_identification Level 1 _identify(autoracer_hooke/vendor_ws/src/autoware/autoware_msgs/autoware_control_msgs) by extension 'colcon_pkg'
[0.330s] colcon.colcon_core.package_identification Level 1 _identify(autoracer_hooke/vendor_ws/src/autoware/autoware_msgs/autoware_control_msgs) by extensions ['colcon_meta']
[0.330s] colcon.colcon_core.package_identification Level 1 _identify(autoracer_hooke/vendor_ws/src/autoware/autoware_msgs/autoware_control_msgs) by extension 'colcon_meta'
[0.331s] colcon.colcon_core.package_identification Level 1 _identify(autoracer_hooke/vendor_ws/src/autoware/autoware_msgs/autoware_control_msgs) by extensions ['ros']
[0.331s] colcon.colcon_core.package_identification Level 1 _identify(autoracer_hooke/vendor_ws/src/autoware/autoware_msgs/autoware_control_msgs) by extension 'ros'
[0.331s] colcon.colcon_core.package_identification DEBUG Package 'autoracer_hooke/vendor_ws/src/autoware/autoware_msgs/autoware_control_msgs' with type 'ros.ament_cmake' and name 'autoware_control_msgs'
[0.331s] colcon.colcon_core.package_identification Level 1 _identify(autoracer_hooke/vendor_ws/src/autoware/autoware_msgs/autoware_localization_msgs) by extensions ['ignore', 'ignore_ament_install']
[0.331s] colcon.colcon_core.package_identification Level 1 _identify(autoracer_hooke/vendor_ws/src/autoware/autoware_msgs/autoware_localization_msgs) by extension 'ignore'
[0.331s] colcon.colcon_core.package_identification Level 1 _identify(autoracer_hooke/vendor_ws/src/autoware/autoware_msgs/autoware_localization_msgs) by extension 'ignore_ament_install'
[0.331s] colcon.colcon_core.package_identification Level 1 _identify(autoracer_hooke/vendor_ws/src/autoware/autoware_msgs/autoware_localization_msgs) by extensions ['colcon_pkg']
[0.331s] colcon.colcon_core.package_identification Level 1 _identify(autoracer_hooke/vendor_ws/src/autoware/autoware_msgs/autoware_localization_msgs) by extension 'colcon_pkg'
[0.331s] colcon.colcon_core.package_identification Level 1 _identify(autoracer_hooke/vendor_ws/src/autoware/autoware_msgs/autoware_localization_msgs) by extensions ['colcon_meta']
[0.331s] colcon.colcon_core.package_identification Level 1 _identify(autoracer_hooke/vendor_ws/src/autoware/autoware_msgs/autoware_localization_msgs) by extension 'colcon_meta'
[0.331s] colcon.colcon_core.package_identification Level 1 _identify(autoracer_hooke/vendor_ws/src/autoware/autoware_msgs/autoware_localization_msgs) by extensions ['ros']
[0.331s] colcon.colcon_core.package_identification Level 1 _identify(autoracer_hooke/vendor_ws/src/autoware/autoware_msgs/autoware_localization_msgs) by extension 'ros'
[0.332s] colcon.colcon_core.package_identification DEBUG Package 'autoracer_hooke/vendor_ws/src/autoware/autoware_msgs/autoware_localization_msgs' with type 'ros.ament_cmake' and name 'autoware_localization_msgs'
[0.332s] colcon.colcon_core.package_identification Level 1 _identify(autoracer_hooke/vendor_ws/src/autoware/autoware_msgs/autoware_map_msgs) by extensions ['ignore', 'ignore_ament_install']
[0.332s] colcon.colcon_core.package_identification Level 1 _identify(autoracer_hooke/vendor_ws/src/autoware/autoware_msgs/autoware_map_msgs) by extension 'ignore'
[0.332s] colcon.colcon_core.package_identification Level 1 _identify(autoracer_hooke/vendor_ws/src/autoware/autoware_msgs/autoware_map_msgs) by extension 'ignore_ament_install'
[0.332s] colcon.colcon_core.package_identification Level 1 _identify(autoracer_hooke/vendor_ws/src/autoware/autoware_msgs/autoware_map_msgs) by extensions ['colcon_pkg']
[0.332s] colcon.colcon_core.package_identification Level 1 _identify(autoracer_hooke/vendor_ws/src/autoware/autoware_msgs/autoware_map_msgs) by extension 'colcon_pkg'
[0.332s] colcon.colcon_core.package_identification Level 1 _identify(autoracer_hooke/vendor_ws/src/autoware/autoware_msgs/autoware_map_msgs) by extensions ['colcon_meta']
[0.332s] colcon.colcon_core.package_identification Level 1 _identify(autoracer_hooke/vendor_ws/src/autoware/autoware_msgs/autoware_map_msgs) by extension 'colcon_meta'
[0.332s] colcon.colcon_core.package_identification Level 1 _identify(autoracer_hooke/vendor_ws/src/autoware/autoware_msgs/autoware_map_msgs) by extensions ['ros']
[0.332s] colcon.colcon_core.package_identification Level 1 _identify(autoracer_hooke/vendor_ws/src/autoware/autoware_msgs/autoware_map_msgs) by extension 'ros'
[0.333s] colcon.colcon_core.package_identification DEBUG Package 'autoracer_hooke/vendor_ws/src/autoware/autoware_msgs/autoware_map_msgs' with type 'ros.ament_cmake' and name 'autoware_map_msgs'
[0.333s] colcon.colcon_core.package_identification Level 1 _identify(autoracer_hooke/vendor_ws/src/autoware/autoware_msgs/autoware_perception_msgs) by extensions ['ignore', 'ignore_ament_install']
[0.333s] colcon.colcon_core.package_identification Level 1 _identify(autoracer_hooke/vendor_ws/src/autoware/autoware_msgs/autoware_perception_msgs) by extension 'ignore'
[0.333s] colcon.colcon_core.package_identification Level 1 _identify(autoracer_hooke/vendor_ws/src/autoware/autoware_msgs/autoware_perception_msgs) by extension 'ignore_ament_install'
[0.333s] colcon.colcon_core.package_identification Level 1 _identify(autoracer_hooke/vendor_ws/src/autoware/autoware_msgs/autoware_perception_msgs) by extensions ['colcon_pkg']
[0.333s] colcon.colcon_core.package_identification Level 1 _identify(autoracer_hooke/vendor_ws/src/autoware/autoware_msgs/autoware_perception_msgs) by extension 'colcon_pkg'
[0.333s] colcon.colcon_core.package_identification Level 1 _identify(autoracer_hooke/vendor_ws/src/autoware/autoware_msgs/autoware_perception_msgs) by extensions ['colcon_meta']
[0.333s] colcon.colcon_core.package_identification Level 1 _identify(autoracer_hooke/vendor_ws/src/autoware/autoware_msgs/autoware_perception_msgs) by extension 'colcon_meta'
[0.334s] colcon.colcon_core.package_identification Level 1 _identify(autoracer_hooke/vendor_ws/src/autoware/autoware_msgs/autoware_perception_msgs) by extensions ['ros']
[0.334s] colcon.colcon_core.package_identification Level 1 _identify(autoracer_hooke/vendor_ws/src/autoware/autoware_msgs/autoware_perception_msgs) by extension 'ros'
[0.334s] colcon.colcon_core.package_identification DEBUG Package 'autoracer_hooke/vendor_ws/src/autoware/autoware_msgs/autoware_perception_msgs' with type 'ros.ament_cmake' and name 'autoware_perception_msgs'
[0.334s] colcon.colcon_core.package_identification Level 1 _identify(autoracer_hooke/vendor_ws/src/autoware/autoware_msgs/autoware_planning_msgs) by extensions ['ignore', 'ignore_ament_install']
[0.334s] colcon.colcon_core.package_identification Level 1 _identify(autoracer_hooke/vendor_ws/src/autoware/autoware_msgs/autoware_planning_msgs) by extension 'ignore'
[0.334s] colcon.colcon_core.package_identification Level 1 _identify(autoracer_hooke/vendor_ws/src/autoware/autoware_msgs/autoware_planning_msgs) by extension 'ignore_ament_install'
[0.334s] colcon.colcon_core.package_identification Level 1 _identify(autoracer_hooke/vendor_ws/src/autoware/autoware_msgs/autoware_planning_msgs) by extensions ['colcon_pkg']
[0.335s] colcon.colcon_core.package_identification Level 1 _identify(autoracer_hooke/vendor_ws/src/autoware/autoware_msgs/autoware_planning_msgs) by extension 'colcon_pkg'
[0.335s] colcon.colcon_core.package_identification Level 1 _identify(autoracer_hooke/vendor_ws/src/autoware/autoware_msgs/autoware_planning_msgs) by extensions ['colcon_meta']
[0.335s] colcon.colcon_core.package_identification Level 1 _identify(autoracer_hooke/vendor_ws/src/autoware/autoware_msgs/autoware_planning_msgs) by extension 'colcon_meta'
[0.335s] colcon.colcon_core.package_identification Level 1 _identify(autoracer_hooke/vendor_ws/src/autoware/autoware_msgs/autoware_planning_msgs) by extensions ['ros']
[0.335s] colcon.colcon_core.package_identification Level 1 _identify(autoracer_hooke/vendor_ws/src/autoware/autoware_msgs/autoware_planning_msgs) by extension 'ros'
[0.335s] colcon.colcon_core.package_identification DEBUG Package 'autoracer_hooke/vendor_ws/src/autoware/autoware_msgs/autoware_planning_msgs' with type 'ros.ament_cmake' and name 'autoware_planning_msgs'
[0.335s] colcon.colcon_core.package_identification Level 1 _identify(autoracer_hooke/vendor_ws/src/autoware/autoware_msgs/autoware_sensing_msgs) by extensions ['ignore', 'ignore_ament_install']
[0.336s] colcon.colcon_core.package_identification Level 1 _identify(autoracer_hooke/vendor_ws/src/autoware/autoware_msgs/autoware_sensing_msgs) by extension 'ignore'
[0.336s] colcon.colcon_core.package_identification Level 1 _identify(autoracer_hooke/vendor_ws/src/autoware/autoware_msgs/autoware_sensing_msgs) by extension 'ignore_ament_install'
[0.336s] colcon.colcon_core.package_identification Level 1 _identify(autoracer_hooke/vendor_ws/src/autoware/autoware_msgs/autoware_sensing_msgs) by extensions ['colcon_pkg']
[0.336s] colcon.colcon_core.package_identification Level 1 _identify(autoracer_hooke/vendor_ws/src/autoware/autoware_msgs/autoware_sensing_msgs) by extension 'colcon_pkg'
[0.336s] colcon.colcon_core.package_identification Level 1 _identify(autoracer_hooke/vendor_ws/src/autoware/autoware_msgs/autoware_sensing_msgs) by extensions ['colcon_meta']
[0.336s] colcon.colcon_core.package_identification Level 1 _identify(autoracer_hooke/vendor_ws/src/autoware/autoware_msgs/autoware_sensing_msgs) by extension 'colcon_meta'
[0.336s] colcon.colcon_core.package_identification Level 1 _identify(autoracer_hooke/vendor_ws/src/autoware/autoware_msgs/autoware_sensing_msgs) by extensions ['ros']
[0.336s] colcon.colcon_core.package_identification Level 1 _identify(autoracer_hooke/vendor_ws/src/autoware/autoware_msgs/autoware_sensing_msgs) by extension 'ros'
[0.336s] colcon.colcon_core.package_identification DEBUG Package 'autoracer_hooke/vendor_ws/src/autoware/autoware_msgs/autoware_sensing_msgs' with type 'ros.ament_cmake' and name 'autoware_sensing_msgs'
[0.336s] colcon.colcon_core.package_identification Level 1 _identify(autoracer_hooke/vendor_ws/src/autoware/autoware_msgs/autoware_system_msgs) by extensions ['ignore', 'ignore_ament_install']
[0.337s] colcon.colcon_core.package_identification Level 1 _identify(autoracer_hooke/vendor_ws/src/autoware/autoware_msgs/autoware_system_msgs) by extension 'ignore'
[0.337s] colcon.colcon_core.package_identification Level 1 _identify(autoracer_hooke/vendor_ws/src/autoware/autoware_msgs/autoware_system_msgs) by extension 'ignore_ament_install'
[0.337s] colcon.colcon_core.package_identification Level 1 _identify(autoracer_hooke/vendor_ws/src/autoware/autoware_msgs/autoware_system_msgs) by extensions ['colcon_pkg']
[0.337s] colcon.colcon_core.package_identification Level 1 _identify(autoracer_hooke/vendor_ws/src/autoware/autoware_msgs/autoware_system_msgs) by extension 'colcon_pkg'
[0.337s] colcon.colcon_core.package_identification Level 1 _identify(autoracer_hooke/vendor_ws/src/autoware/autoware_msgs/autoware_system_msgs) by extensions ['colcon_meta']
[0.337s] colcon.colcon_core.package_identification Level 1 _identify(autoracer_hooke/vendor_ws/src/autoware/autoware_msgs/autoware_system_msgs) by extension 'colcon_meta'
[0.337s] colcon.colcon_core.package_identification Level 1 _identify(autoracer_hooke/vendor_ws/src/autoware/autoware_msgs/autoware_system_msgs) by extensions ['ros']
[0.337s] colcon.colcon_core.package_identification Level 1 _identify(autoracer_hooke/vendor_ws/src/autoware/autoware_msgs/autoware_system_msgs) by extension 'ros'
[0.338s] colcon.colcon_core.package_identification DEBUG Package 'autoracer_hooke/vendor_ws/src/autoware/autoware_msgs/autoware_system_msgs' with type 'ros.ament_cmake' and name 'autoware_system_msgs'
[0.338s] colcon.colcon_core.package_identification Level 1 _identify(autoracer_hooke/vendor_ws/src/autoware/autoware_msgs/autoware_vehicle_msgs) by extensions ['ignore', 'ignore_ament_install']
[0.338s] colcon.colcon_core.package_identification Level 1 _identify(autoracer_hooke/vendor_ws/src/autoware/autoware_msgs/autoware_vehicle_msgs) by extension 'ignore'
[0.338s] colcon.colcon_core.package_identification Level 1 _identify(autoracer_hooke/vendor_ws/src/autoware/autoware_msgs/autoware_vehicle_msgs) by extension 'ignore_ament_install'
[0.338s] colcon.colcon_core.package_identification Level 1 _identify(autoracer_hooke/vendor_ws/src/autoware/autoware_msgs/autoware_vehicle_msgs) by extensions ['colcon_pkg']
[0.338s] colcon.colcon_core.package_identification Level 1 _identify(autoracer_hooke/vendor_ws/src/autoware/autoware_msgs/autoware_vehicle_msgs) by extension 'colcon_pkg'
[0.338s] colcon.colcon_core.package_identification Level 1 _identify(autoracer_hooke/vendor_ws/src/autoware/autoware_msgs/autoware_vehicle_msgs) by extensions ['colcon_meta']
[0.338s] colcon.colcon_core.package_identification Level 1 _identify(autoracer_hooke/vendor_ws/src/autoware/autoware_msgs/autoware_vehicle_msgs) by extension 'colcon_meta'
[0.338s] colcon.colcon_core.package_identification Level 1 _identify(autoracer_hooke/vendor_ws/src/autoware/autoware_msgs/autoware_vehicle_msgs) by extensions ['ros']
[0.338s] colcon.colcon_core.package_identification Level 1 _identify(autoracer_hooke/vendor_ws/src/autoware/autoware_msgs/autoware_vehicle_msgs) by extension 'ros'
[0.339s] colcon.colcon_core.package_identification DEBUG Package 'autoracer_hooke/vendor_ws/src/autoware/autoware_msgs/autoware_vehicle_msgs' with type 'ros.ament_cmake' and name 'autoware_vehicle_msgs'
[0.339s] colcon.colcon_core.package_identification Level 1 _identify(autoracer_hooke/vendor_ws/src/autoware/autoware_utils) by extensions ['ignore', 'ignore_ament_install']
[0.339s] colcon.colcon_core.package_identification Level 1 _identify(autoracer_hooke/vendor_ws/src/autoware/autoware_utils) by extension 'ignore'
[0.339s] colcon.colcon_core.package_identification Level 1 _identify(autoracer_hooke/vendor_ws/src/autoware/autoware_utils) by extension 'ignore_ament_install'
[0.339s] colcon.colcon_core.package_identification Level 1 _identify(autoracer_hooke/vendor_ws/src/autoware/autoware_utils) by extensions ['colcon_pkg']
[0.339s] colcon.colcon_core.package_identification Level 1 _identify(autoracer_hooke/vendor_ws/src/autoware/autoware_utils) by extension 'colcon_pkg'
[0.339s] colcon.colcon_core.package_identification Level 1 _identify(autoracer_hooke/vendor_ws/src/autoware/autoware_utils) by extensions ['colcon_meta']
[0.339s] colcon.colcon_core.package_identification Level 1 _identify(autoracer_hooke/vendor_ws/src/autoware/autoware_utils) by extension 'colcon_meta'
[0.339s] colcon.colcon_core.package_identification Level 1 _identify(autoracer_hooke/vendor_ws/src/autoware/autoware_utils) by extensions ['ros']
[0.339s] colcon.colcon_core.package_identification Level 1 _identify(autoracer_hooke/vendor_ws/src/autoware/autoware_utils) by extension 'ros'
[0.339s] colcon.colcon_core.package_identification Level 1 _identify(autoracer_hooke/vendor_ws/src/autoware/autoware_utils) by extensions ['cmake', 'python']
[0.339s] colcon.colcon_core.package_identification Level 1 _identify(autoracer_hooke/vendor_ws/src/autoware/autoware_utils) by extension 'cmake'
[0.339s] colcon.colcon_core.package_identification Level 1 _identify(autoracer_hooke/vendor_ws/src/autoware/autoware_utils) by extension 'python'
[0.339s] colcon.colcon_core.package_identification Level 1 _identify(autoracer_hooke/vendor_ws/src/autoware/autoware_utils) by extensions ['python_setup_py']
[0.339s] colcon.colcon_core.package_identification Level 1 _identify(autoracer_hooke/vendor_ws/src/autoware/autoware_utils) by extension 'python_setup_py'
[0.339s] colcon.colcon_core.package_identification Level 1 _identify(autoracer_hooke/vendor_ws/src/autoware/autoware_utils/autoware_utils) by extensions ['ignore', 'ignore_ament_install']
[0.339s] colcon.colcon_core.package_identification Level 1 _identify(autoracer_hooke/vendor_ws/src/autoware/autoware_utils/autoware_utils) by extension 'ignore'
[0.339s] colcon.colcon_core.package_identification Level 1 _identify(autoracer_hooke/vendor_ws/src/autoware/autoware_utils/autoware_utils) by extension 'ignore_ament_install'
[0.339s] colcon.colcon_core.package_identification Level 1 _identify(autoracer_hooke/vendor_ws/src/autoware/autoware_utils/autoware_utils) by extensions ['colcon_pkg']
[0.339s] colcon.colcon_core.package_identification Level 1 _identify(autoracer_hooke/vendor_ws/src/autoware/autoware_utils/autoware_utils) by extension 'colcon_pkg'
[0.339s] colcon.colcon_core.package_identification Level 1 _identify(autoracer_hooke/vendor_ws/src/autoware/autoware_utils/autoware_utils) by extensions ['colcon_meta']
[0.339s] colcon.colcon_core.package_identification Level 1 _identify(autoracer_hooke/vendor_ws/src/autoware/autoware_utils/autoware_utils) by extension 'colcon_meta'
[0.339s] colcon.colcon_core.package_identification Level 1 _identify(autoracer_hooke/vendor_ws/src/autoware/autoware_utils/autoware_utils) by extensions ['ros']
[0.340s] colcon.colcon_core.package_identification Level 1 _identify(autoracer_hooke/vendor_ws/src/autoware/autoware_utils/autoware_utils) by extension 'ros'
[0.341s] colcon.colcon_core.package_identification DEBUG Package 'autoracer_hooke/vendor_ws/src/autoware/autoware_utils/autoware_utils' with type 'ros.ament_cmake' and name 'autoware_utils'
[0.341s] colcon.colcon_core.package_identification Level 1 _identify(autoracer_hooke/vendor_ws/src/autoware/autoware_utils/autoware_utils_debug) by extensions ['ignore', 'ignore_ament_install']
[0.341s] colcon.colcon_core.package_identification Level 1 _identify(autoracer_hooke/vendor_ws/src/autoware/autoware_utils/autoware_utils_debug) by extension 'ignore'
[0.341s] colcon.colcon_core.package_identification Level 1 _identify(autoracer_hooke/vendor_ws/src/autoware/autoware_utils/autoware_utils_debug) by extension 'ignore_ament_install'
[0.341s] colcon.colcon_core.package_identification Level 1 _identify(autoracer_hooke/vendor_ws/src/autoware/autoware_utils/autoware_utils_debug) by extensions ['colcon_pkg']
[0.341s] colcon.colcon_core.package_identification Level 1 _identify(autoracer_hooke/vendor_ws/src/autoware/autoware_utils/autoware_utils_debug) by extension 'colcon_pkg'
[0.341s] colcon.colcon_core.package_identification Level 1 _identify(autoracer_hooke/vendor_ws/src/autoware/autoware_utils/autoware_utils_debug) by extensions ['colcon_meta']
[0.341s] colcon.colcon_core.package_identification Level 1 _identify(autoracer_hooke/vendor_ws/src/autoware/autoware_utils/autoware_utils_debug) by extension 'colcon_meta'
[0.341s] colcon.colcon_core.package_identification Level 1 _identify(autoracer_hooke/vendor_ws/src/autoware/autoware_utils/autoware_utils_debug) by extensions ['ros']
[0.341s] colcon.colcon_core.package_identification Level 1 _identify(autoracer_hooke/vendor_ws/src/autoware/autoware_utils/autoware_utils_debug) by extension 'ros'
[0.342s] colcon.colcon_core.package_identification DEBUG Package 'autoracer_hooke/vendor_ws/src/autoware/autoware_utils/autoware_utils_debug' with type 'ros.ament_cmake' and name 'autoware_utils_debug'
[0.342s] colcon.colcon_core.package_identification Level 1 _identify(autoracer_hooke/vendor_ws/src/autoware/autoware_utils/autoware_utils_diagnostics) by extensions ['ignore', 'ignore_ament_install']
[0.342s] colcon.colcon_core.package_identification Level 1 _identify(autoracer_hooke/vendor_ws/src/autoware/autoware_utils/autoware_utils_diagnostics) by extension 'ignore'
[0.342s] colcon.colcon_core.package_identification Level 1 _identify(autoracer_hooke/vendor_ws/src/autoware/autoware_utils/autoware_utils_diagnostics) by extension 'ignore_ament_install'
[0.342s] colcon.colcon_core.package_identification Level 1 _identify(autoracer_hooke/vendor_ws/src/autoware/autoware_utils/autoware_utils_diagnostics) by extensions ['colcon_pkg']
[0.342s] colcon.colcon_core.package_identification Level 1 _identify(autoracer_hooke/vendor_ws/src/autoware/autoware_utils/autoware_utils_diagnostics) by extension 'colcon_pkg'
[0.342s] colcon.colcon_core.package_identification Level 1 _identify(autoracer_hooke/vendor_ws/src/autoware/autoware_utils/autoware_utils_diagnostics) by extensions ['colcon_meta']
[0.342s] colcon.colcon_core.package_identification Level 1 _identify(autoracer_hooke/vendor_ws/src/autoware/autoware_utils/autoware_utils_diagnostics) by extension 'colcon_meta'
[0.342s] colcon.colcon_core.package_identification Level 1 _identify(autoracer_hooke/vendor_ws/src/autoware/autoware_utils/autoware_utils_diagnostics) by extensions ['ros']
[0.342s] colcon.colcon_core.package_identification Level 1 _identify(autoracer_hooke/vendor_ws/src/autoware/autoware_utils/autoware_utils_diagnostics) by extension 'ros'
[0.343s] colcon.colcon_core.package_identification DEBUG Package 'autoracer_hooke/vendor_ws/src/autoware/autoware_utils/autoware_utils_diagnostics' with type 'ros.ament_cmake' and name 'autoware_utils_diagnostics'
[0.343s] colcon.colcon_core.package_identification Level 1 _identify(autoracer_hooke/vendor_ws/src/autoware/autoware_utils/autoware_utils_geometry) by extensions ['ignore', 'ignore_ament_install']
[0.343s] colcon.colcon_core.package_identification Level 1 _identify(autoracer_hooke/vendor_ws/src/autoware/autoware_utils/autoware_utils_geometry) by extension 'ignore'
[0.343s] colcon.colcon_core.package_identification Level 1 _identify(autoracer_hooke/vendor_ws/src/autoware/autoware_utils/autoware_utils_geometry) by extension 'ignore_ament_install'
[0.343s] colcon.colcon_core.package_identification Level 1 _identify(autoracer_hooke/vendor_ws/src/autoware/autoware_utils/autoware_utils_geometry) by extensions ['colcon_pkg']
[0.343s] colcon.colcon_core.package_identification Level 1 _identify(autoracer_hooke/vendor_ws/src/autoware/autoware_utils/autoware_utils_geometry) by extension 'colcon_pkg'
[0.343s] colcon.colcon_core.package_identification Level 1 _identify(autoracer_hooke/vendor_ws/src/autoware/autoware_utils/autoware_utils_geometry) by extensions ['colcon_meta']
[0.343s] colcon.colcon_core.package_identification Level 1 _identify(autoracer_hooke/vendor_ws/src/autoware/autoware_utils/autoware_utils_geometry) by extension 'colcon_meta'
[0.343s] colcon.colcon_core.package_identification Level 1 _identify(autoracer_hooke/vendor_ws/src/autoware/autoware_utils/autoware_utils_geometry) by extensions ['ros']
[0.343s] colcon.colcon_core.package_identification Level 1 _identify(autoracer_hooke/vendor_ws/src/autoware/autoware_utils/autoware_utils_geometry) by extension 'ros'
[0.344s] colcon.colcon_core.package_identification DEBUG Package 'autoracer_hooke/vendor_ws/src/autoware/autoware_utils/autoware_utils_geometry' with type 'ros.ament_cmake' and name 'autoware_utils_geometry'
[0.344s] colcon.colcon_core.package_identification Level 1 _identify(autoracer_hooke/vendor_ws/src/autoware/autoware_utils/autoware_utils_logging) by extensions ['ignore', 'ignore_ament_install']
[0.344s] colcon.colcon_core.package_identification Level 1 _identify(autoracer_hooke/vendor_ws/src/autoware/autoware_utils/autoware_utils_logging) by extension 'ignore'
[0.344s] colcon.colcon_core.package_identification Level 1 _identify(autoracer_hooke/vendor_ws/src/autoware/autoware_utils/autoware_utils_logging) by extension 'ignore_ament_install'
[0.344s] colcon.colcon_core.package_identification Level 1 _identify(autoracer_hooke/vendor_ws/src/autoware/autoware_utils/autoware_utils_logging) by extensions ['colcon_pkg']
[0.344s] colcon.colcon_core.package_identification Level 1 _identify(autoracer_hooke/vendor_ws/src/autoware/autoware_utils/autoware_utils_logging) by extension 'colcon_pkg'
[0.344s] colcon.colcon_core.package_identification Level 1 _identify(autoracer_hooke/vendor_ws/src/autoware/autoware_utils/autoware_utils_logging) by extensions ['colcon_meta']
[0.344s] colcon.colcon_core.package_identification Level 1 _identify(autoracer_hooke/vendor_ws/src/autoware/autoware_utils/autoware_utils_logging) by extension 'colcon_meta'
[0.344s] colcon.colcon_core.package_identification Level 1 _identify(autoracer_hooke/vendor_ws/src/autoware/autoware_utils/autoware_utils_logging) by extensions ['ros']
[0.345s] colcon.colcon_core.package_identification Level 1 _identify(autoracer_hooke/vendor_ws/src/autoware/autoware_utils/autoware_utils_logging) by extension 'ros'
[0.345s] colcon.colcon_core.package_identification DEBUG Package 'autoracer_hooke/vendor_ws/src/autoware/autoware_utils/autoware_utils_logging' with type 'ros.ament_cmake' and name 'autoware_utils_logging'
[0.345s] colcon.colcon_core.package_identification Level 1 _identify(autoracer_hooke/vendor_ws/src/autoware/autoware_utils/autoware_utils_math) by extensions ['ignore', 'ignore_ament_install']
[0.345s] colcon.colcon_core.package_identification Level 1 _identify(autoracer_hooke/vendor_ws/src/autoware/autoware_utils/autoware_utils_math) by extension 'ignore'
[0.345s] colcon.colcon_core.package_identification Level 1 _identify(autoracer_hooke/vendor_ws/src/autoware/autoware_utils/autoware_utils_math) by extension 'ignore_ament_install'
[0.345s] colcon.colcon_core.package_identification Level 1 _identify(autoracer_hooke/vendor_ws/src/autoware/autoware_utils/autoware_utils_math) by extensions ['colcon_pkg']
[0.345s] colcon.colcon_core.package_identification Level 1 _identify(autoracer_hooke/vendor_ws/src/autoware/autoware_utils/autoware_utils_math) by extension 'colcon_pkg'
[0.345s] colcon.colcon_core.package_identification Level 1 _identify(autoracer_hooke/vendor_ws/src/autoware/autoware_utils/autoware_utils_math) by extensions ['colcon_meta']
[0.345s] colcon.colcon_core.package_identification Level 1 _identify(autoracer_hooke/vendor_ws/src/autoware/autoware_utils/autoware_utils_math) by extension 'colcon_meta'
[0.345s] colcon.colcon_core.package_identification Level 1 _identify(autoracer_hooke/vendor_ws/src/autoware/autoware_utils/autoware_utils_math) by extensions ['ros']
[0.345s] colcon.colcon_core.package_identification Level 1 _identify(autoracer_hooke/vendor_ws/src/autoware/autoware_utils/autoware_utils_math) by extension 'ros'
[0.346s] colcon.colcon_core.package_identification DEBUG Package 'autoracer_hooke/vendor_ws/src/autoware/autoware_utils/autoware_utils_math' with type 'ros.ament_cmake' and name 'autoware_utils_math'
[0.346s] colcon.colcon_core.package_identification Level 1 _identify(autoracer_hooke/vendor_ws/src/autoware/autoware_utils/autoware_utils_pcl) by extensions ['ignore', 'ignore_ament_install']
[0.346s] colcon.colcon_core.package_identification Level 1 _identify(autoracer_hooke/vendor_ws/src/autoware/autoware_utils/autoware_utils_pcl) by extension 'ignore'
[0.346s] colcon.colcon_core.package_identification Level 1 _identify(autoracer_hooke/vendor_ws/src/autoware/autoware_utils/autoware_utils_pcl) by extension 'ignore_ament_install'
[0.346s] colcon.colcon_core.package_identification Level 1 _identify(autoracer_hooke/vendor_ws/src/autoware/autoware_utils/autoware_utils_pcl) by extensions ['colcon_pkg']
[0.346s] colcon.colcon_core.package_identification Level 1 _identify(autoracer_hooke/vendor_ws/src/autoware/autoware_utils/autoware_utils_pcl) by extension 'colcon_pkg'
[0.346s] colcon.colcon_core.package_identification Level 1 _identify(autoracer_hooke/vendor_ws/src/autoware/autoware_utils/autoware_utils_pcl) by extensions ['colcon_meta']
[0.346s] colcon.colcon_core.package_identification Level 1 _identify(autoracer_hooke/vendor_ws/src/autoware/autoware_utils/autoware_utils_pcl) by extension 'colcon_meta'
[0.346s] colcon.colcon_core.package_identification Level 1 _identify(autoracer_hooke/vendor_ws/src/autoware/autoware_utils/autoware_utils_pcl) by extensions ['ros']
[0.346s] colcon.colcon_core.package_identification Level 1 _identify(autoracer_hooke/vendor_ws/src/autoware/autoware_utils/autoware_utils_pcl) by extension 'ros'
[0.347s] colcon.colcon_core.package_identification DEBUG Package 'autoracer_hooke/vendor_ws/src/autoware/autoware_utils/autoware_utils_pcl' with type 'ros.ament_cmake' and name 'autoware_utils_pcl'
[0.347s] colcon.colcon_core.package_identification Level 1 _identify(autoracer_hooke/vendor_ws/src/autoware/autoware_utils/autoware_utils_rclcpp) by extensions ['ignore', 'ignore_ament_install']
[0.347s] colcon.colcon_core.package_identification Level 1 _identify(autoracer_hooke/vendor_ws/src/autoware/autoware_utils/autoware_utils_rclcpp) by extension 'ignore'
[0.347s] colcon.colcon_core.package_identification Level 1 _identify(autoracer_hooke/vendor_ws/src/autoware/autoware_utils/autoware_utils_rclcpp) by extension 'ignore_ament_install'
[0.347s] colcon.colcon_core.package_identification Level 1 _identify(autoracer_hooke/vendor_ws/src/autoware/autoware_utils/autoware_utils_rclcpp) by extensions ['colcon_pkg']
[0.347s] colcon.colcon_core.package_identification Level 1 _identify(autoracer_hooke/vendor_ws/src/autoware/autoware_utils/autoware_utils_rclcpp) by extension 'colcon_pkg'
[0.347s] colcon.colcon_core.package_identification Level 1 _identify(autoracer_hooke/vendor_ws/src/autoware/autoware_utils/autoware_utils_rclcpp) by extensions ['colcon_meta']
[0.347s] colcon.colcon_core.package_identification Level 1 _identify(autoracer_hooke/vendor_ws/src/autoware/autoware_utils/autoware_utils_rclcpp) by extension 'colcon_meta'
[0.347s] colcon.colcon_core.package_identification Level 1 _identify(autoracer_hooke/vendor_ws/src/autoware/autoware_utils/autoware_utils_rclcpp) by extensions ['ros']
[0.347s] colcon.colcon_core.package_identification Level 1 _identify(autoracer_hooke/vendor_ws/src/autoware/autoware_utils/autoware_utils_rclcpp) by extension 'ros'
[0.348s] colcon.colcon_core.package_identification DEBUG Package 'autoracer_hooke/vendor_ws/src/autoware/autoware_utils/autoware_utils_rclcpp' with type 'ros.ament_cmake' and name 'autoware_utils_rclcpp'
[0.348s] colcon.colcon_core.package_identification Level 1 _identify(autoracer_hooke/vendor_ws/src/autoware/autoware_utils/autoware_utils_system) by extensions ['ignore', 'ignore_ament_install']
[0.348s] colcon.colcon_core.package_identification Level 1 _identify(autoracer_hooke/vendor_ws/src/autoware/autoware_utils/autoware_utils_system) by extension 'ignore'
[0.348s] colcon.colcon_core.package_identification Level 1 _identify(autoracer_hooke/vendor_ws/src/autoware/autoware_utils/autoware_utils_system) by extension 'ignore_ament_install'
[0.348s] colcon.colcon_core.package_identification Level 1 _identify(autoracer_hooke/vendor_ws/src/autoware/autoware_utils/autoware_utils_system) by extensions ['colcon_pkg']
[0.348s] colcon.colcon_core.package_identification Level 1 _identify(autoracer_hooke/vendor_ws/src/autoware/autoware_utils/autoware_utils_system) by extension 'colcon_pkg'
[0.348s] colcon.colcon_core.package_identification Level 1 _identify(autoracer_hooke/vendor_ws/src/autoware/autoware_utils/autoware_utils_system) by extensions ['colcon_meta']
[0.348s] colcon.colcon_core.package_identification Level 1 _identify(autoracer_hooke/vendor_ws/src/autoware/autoware_utils/autoware_utils_system) by extension 'colcon_meta'
[0.348s] colcon.colcon_core.package_identification Level 1 _identify(autoracer_hooke/vendor_ws/src/autoware/autoware_utils/autoware_utils_system) by extensions ['ros']
[0.348s] colcon.colcon_core.package_identification Level 1 _identify(autoracer_hooke/vendor_ws/src/autoware/autoware_utils/autoware_utils_system) by extension 'ros'
[0.349s] colcon.colcon_core.package_identification DEBUG Package 'autoracer_hooke/vendor_ws/src/autoware/autoware_utils/autoware_utils_system' with type 'ros.ament_cmake' and name 'autoware_utils_system'
[0.349s] colcon.colcon_core.package_identification Level 1 _identify(autoracer_hooke/vendor_ws/src/autoware/autoware_utils/autoware_utils_tf) by extensions ['ignore', 'ignore_ament_install']
[0.349s] colcon.colcon_core.package_identification Level 1 _identify(autoracer_hooke/vendor_ws/src/autoware/autoware_utils/autoware_utils_tf) by extension 'ignore'
[0.349s] colcon.colcon_core.package_identification Level 1 _identify(autoracer_hooke/vendor_ws/src/autoware/autoware_utils/autoware_utils_tf) by extension 'ignore_ament_install'
[0.349s] colcon.colcon_core.package_identification Level 1 _identify(autoracer_hooke/vendor_ws/src/autoware/autoware_utils/autoware_utils_tf) by extensions ['colcon_pkg']
[0.349s] colcon.colcon_core.package_identification Level 1 _identify(autoracer_hooke/vendor_ws/src/autoware/autoware_utils/autoware_utils_tf) by extension 'colcon_pkg'
[0.349s] colcon.colcon_core.package_identification Level 1 _identify(autoracer_hooke/vendor_ws/src/autoware/autoware_utils/autoware_utils_tf) by extensions ['colcon_meta']
[0.349s] colcon.colcon_core.package_identification Level 1 _identify(autoracer_hooke/vendor_ws/src/autoware/autoware_utils/autoware_utils_tf) by extension 'colcon_meta'
[0.349s] colcon.colcon_core.package_identification Level 1 _identify(autoracer_hooke/vendor_ws/src/autoware/autoware_utils/autoware_utils_tf) by extensions ['ros']
[0.349s] colcon.colcon_core.package_identification Level 1 _identify(autoracer_hooke/vendor_ws/src/autoware/autoware_utils/autoware_utils_tf) by extension 'ros'
[0.350s] colcon.colcon_core.package_identification DEBUG Package 'autoracer_hooke/vendor_ws/src/autoware/autoware_utils/autoware_utils_tf' with type 'ros.ament_cmake' and name 'autoware_utils_tf'
[0.350s] colcon.colcon_core.package_identification Level 1 _identify(autoracer_hooke/vendor_ws/src/autoware/autoware_utils/autoware_utils_uuid) by extensions ['ignore', 'ignore_ament_install']
[0.350s] colcon.colcon_core.package_identification Level 1 _identify(autoracer_hooke/vendor_ws/src/autoware/autoware_utils/autoware_utils_uuid) by extension 'ignore'
[0.350s] colcon.colcon_core.package_identification Level 1 _identify(autoracer_hooke/vendor_ws/src/autoware/autoware_utils/autoware_utils_uuid) by extension 'ignore_ament_install'
[0.350s] colcon.colcon_core.package_identification Level 1 _identify(autoracer_hooke/vendor_ws/src/autoware/autoware_utils/autoware_utils_uuid) by extensions ['colcon_pkg']
[0.350s] colcon.colcon_core.package_identification Level 1 _identify(autoracer_hooke/vendor_ws/src/autoware/autoware_utils/autoware_utils_uuid) by extension 'colcon_pkg'
[0.350s] colcon.colcon_core.package_identification Level 1 _identify(autoracer_hooke/vendor_ws/src/autoware/autoware_utils/autoware_utils_uuid) by extensions ['colcon_meta']
[0.350s] colcon.colcon_core.package_identification Level 1 _identify(autoracer_hooke/vendor_ws/src/autoware/autoware_utils/autoware_utils_uuid) by extension 'colcon_meta'
[0.350s] colcon.colcon_core.package_identification Level 1 _identify(autoracer_hooke/vendor_ws/src/autoware/autoware_utils/autoware_utils_uuid) by extensions ['ros']
[0.350s] colcon.colcon_core.package_identification Level 1 _identify(autoracer_hooke/vendor_ws/src/autoware/autoware_utils/autoware_utils_uuid) by extension 'ros'
[0.351s] colcon.colcon_core.package_identification DEBUG Package 'autoracer_hooke/vendor_ws/src/autoware/autoware_utils/autoware_utils_uuid' with type 'ros.ament_cmake' and name 'autoware_utils_uuid'
[0.351s] colcon.colcon_core.package_identification Level 1 _identify(autoracer_hooke/vendor_ws/src/autoware/autoware_utils/autoware_utils_visualization) by extensions ['ignore', 'ignore_ament_install']
[0.351s] colcon.colcon_core.package_identification Level 1 _identify(autoracer_hooke/vendor_ws/src/autoware/autoware_utils/autoware_utils_visualization) by extension 'ignore'
[0.351s] colcon.colcon_core.package_identification Level 1 _identify(autoracer_hooke/vendor_ws/src/autoware/autoware_utils/autoware_utils_visualization) by extension 'ignore_ament_install'
[0.351s] colcon.colcon_core.package_identification Level 1 _identify(autoracer_hooke/vendor_ws/src/autoware/autoware_utils/autoware_utils_visualization) by extensions ['colcon_pkg']
[0.351s] colcon.colcon_core.package_identification Level 1 _identify(autoracer_hooke/vendor_ws/src/autoware/autoware_utils/autoware_utils_visualization) by extension 'colcon_pkg'
[0.351s] colcon.colcon_core.package_identification Level 1 _identify(autoracer_hooke/vendor_ws/src/autoware/autoware_utils/autoware_utils_visualization) by extensions ['colcon_meta']
[0.351s] colcon.colcon_core.package_identification Level 1 _identify(autoracer_hooke/vendor_ws/src/autoware/autoware_utils/autoware_utils_visualization) by extension 'colcon_meta'
[0.351s] colcon.colcon_core.package_identification Level 1 _identify(autoracer_hooke/vendor_ws/src/autoware/autoware_utils/autoware_utils_visualization) by extensions ['ros']
[0.351s] colcon.colcon_core.package_identification Level 1 _identify(autoracer_hooke/vendor_ws/src/autoware/autoware_utils/autoware_utils_visualization) by extension 'ros'
[0.352s] colcon.colcon_core.package_identification DEBUG Package 'autoracer_hooke/vendor_ws/src/autoware/autoware_utils/autoware_utils_visualization' with type 'ros.ament_cmake' and name 'autoware_utils_visualization'
[0.352s] colcon.colcon_core.package_identification Level 1 _identify(autoracer_hooke/vendor_ws/src/autoware/core) by extensions ['ignore', 'ignore_ament_install']
[0.352s] colcon.colcon_core.package_identification Level 1 _identify(autoracer_hooke/vendor_ws/src/autoware/core) by extension 'ignore'
[0.352s] colcon.colcon_core.package_identification Level 1 _identify(autoracer_hooke/vendor_ws/src/autoware/core) by extension 'ignore_ament_install'
[0.352s] colcon.colcon_core.package_identification Level 1 _identify(autoracer_hooke/vendor_ws/src/autoware/core) by extensions ['colcon_pkg']
[0.352s] colcon.colcon_core.package_identification Level 1 _identify(autoracer_hooke/vendor_ws/src/autoware/core) by extension 'colcon_pkg'
[0.352s] colcon.colcon_core.package_identification Level 1 _identify(autoracer_hooke/vendor_ws/src/autoware/core) by extensions ['colcon_meta']
[0.352s] colcon.colcon_core.package_identification Level 1 _identify(autoracer_hooke/vendor_ws/src/autoware/core) by extension 'colcon_meta'
[0.352s] colcon.colcon_core.package_identification Level 1 _identify(autoracer_hooke/vendor_ws/src/autoware/core) by extensions ['ros']
[0.352s] colcon.colcon_core.package_identification Level 1 _identify(autoracer_hooke/vendor_ws/src/autoware/core) by extension 'ros'
[0.352s] colcon.colcon_core.package_identification Level 1 _identify(autoracer_hooke/vendor_ws/src/autoware/core) by extensions ['cmake', 'python']
[0.352s] colcon.colcon_core.package_identification Level 1 _identify(autoracer_hooke/vendor_ws/src/autoware/core) by extension 'cmake'
[0.352s] colcon.colcon_core.package_identification Level 1 _identify(autoracer_hooke/vendor_ws/src/autoware/core) by extension 'python'
[0.352s] colcon.colcon_core.package_identification Level 1 _identify(autoracer_hooke/vendor_ws/src/autoware/core) by extensions ['python_setup_py']
[0.352s] colcon.colcon_core.package_identification Level 1 _identify(autoracer_hooke/vendor_ws/src/autoware/core) by extension 'python_setup_py'
[0.352s] colcon.colcon_core.package_identification Level 1 _identify(autoracer_hooke/vendor_ws/src/autoware/core/api) by extensions ['ignore', 'ignore_ament_install']
[0.352s] colcon.colcon_core.package_identification Level 1 _identify(autoracer_hooke/vendor_ws/src/autoware/core/api) by extension 'ignore'
[0.352s] colcon.colcon_core.package_identification Level 1 _identify(autoracer_hooke/vendor_ws/src/autoware/core/api) by extension 'ignore_ament_install'
[0.352s] colcon.colcon_core.package_identification Level 1 _identify(autoracer_hooke/vendor_ws/src/autoware/core/api) by extensions ['colcon_pkg']
[0.352s] colcon.colcon_core.package_identification Level 1 _identify(autoracer_hooke/vendor_ws/src/autoware/core/api) by extension 'colcon_pkg'
[0.352s] colcon.colcon_core.package_identification Level 1 _identify(autoracer_hooke/vendor_ws/src/autoware/core/api) by extensions ['colcon_meta']
[0.352s] colcon.colcon_core.package_identification Level 1 _identify(autoracer_hooke/vendor_ws/src/autoware/core/api) by extension 'colcon_meta'
[0.352s] colcon.colcon_core.package_identification Level 1 _identify(autoracer_hooke/vendor_ws/src/autoware/core/api) by extensions ['ros']
[0.352s] colcon.colcon_core.package_identification Level 1 _identify(autoracer_hooke/vendor_ws/src/autoware/core/api) by extension 'ros'
[0.352s] colcon.colcon_core.package_identification Level 1 _identify(autoracer_hooke/vendor_ws/src/autoware/core/api) by extensions ['cmake', 'python']
[0.352s] colcon.colcon_core.package_identification Level 1 _identify(autoracer_hooke/vendor_ws/src/autoware/core/api) by extension 'cmake'
[0.352s] colcon.colcon_core.package_identification Level 1 _identify(autoracer_hooke/vendor_ws/src/autoware/core/api) by extension 'python'
[0.352s] colcon.colcon_core.package_identification Level 1 _identify(autoracer_hooke/vendor_ws/src/autoware/core/api) by extensions ['python_setup_py']
[0.352s] colcon.colcon_core.package_identification Level 1 _identify(autoracer_hooke/vendor_ws/src/autoware/core/api) by extension 'python_setup_py'
[0.353s] colcon.colcon_core.package_identification Level 1 _identify(autoracer_hooke/vendor_ws/src/autoware/core/api/autoware_adapi_specs) by extensions ['ignore', 'ignore_ament_install']
[0.353s] colcon.colcon_core.package_identification Level 1 _identify(autoracer_hooke/vendor_ws/src/autoware/core/api/autoware_adapi_specs) by extension 'ignore'
[0.353s] colcon.colcon_core.package_identification Level 1 _identify(autoracer_hooke/vendor_ws/src/autoware/core/api/autoware_adapi_specs) by extension 'ignore_ament_install'
[0.353s] colcon.colcon_core.package_identification Level 1 _identify(autoracer_hooke/vendor_ws/src/autoware/core/api/autoware_adapi_specs) by extensions ['colcon_pkg']
[0.353s] colcon.colcon_core.package_identification Level 1 _identify(autoracer_hooke/vendor_ws/src/autoware/core/api/autoware_adapi_specs) by extension 'colcon_pkg'
[0.353s] colcon.colcon_core.package_identification Level 1 _identify(autoracer_hooke/vendor_ws/src/autoware/core/api/autoware_adapi_specs) by extensions ['colcon_meta']
[0.353s] colcon.colcon_core.package_identification Level 1 _identify(autoracer_hooke/vendor_ws/src/autoware/core/api/autoware_adapi_specs) by extension 'colcon_meta'
[0.353s] colcon.colcon_core.package_identification Level 1 _identify(autoracer_hooke/vendor_ws/src/autoware/core/api/autoware_adapi_specs) by extensions ['ros']
[0.353s] colcon.colcon_core.package_identification Level 1 _identify(autoracer_hooke/vendor_ws/src/autoware/core/api/autoware_adapi_specs) by extension 'ros'
[0.353s] colcon.colcon_core.package_identification DEBUG Package 'autoracer_hooke/vendor_ws/src/autoware/core/api/autoware_adapi_specs' with type 'ros.ament_cmake' and name 'autoware_adapi_specs'
[0.353s] colcon.colcon_core.package_identification Level 1 _identify(autoracer_hooke/vendor_ws/src/autoware/core/common) by extensions ['ignore', 'ignore_ament_install']
[0.353s] colcon.colcon_core.package_identification Level 1 _identify(autoracer_hooke/vendor_ws/src/autoware/core/common) by extension 'ignore'
[0.353s] colcon.colcon_core.package_identification Level 1 _identify(autoracer_hooke/vendor_ws/src/autoware/core/common) by extension 'ignore_ament_install'
[0.353s] colcon.colcon_core.package_identification Level 1 _identify(autoracer_hooke/vendor_ws/src/autoware/core/common) by extensions ['colcon_pkg']
[0.353s] colcon.colcon_core.package_identification Level 1 _identify(autoracer_hooke/vendor_ws/src/autoware/core/common) by extension 'colcon_pkg'
[0.354s] colcon.colcon_core.package_identification Level 1 _identify(autoracer_hooke/vendor_ws/src/autoware/core/common) by extensions ['colcon_meta']
[0.354s] colcon.colcon_core.package_identification Level 1 _identify(autoracer_hooke/vendor_ws/src/autoware/core/common) by extension 'colcon_meta'
[0.354s] colcon.colcon_core.package_identification Level 1 _identify(autoracer_hooke/vendor_ws/src/autoware/core/common) by extensions ['ros']
[0.354s] colcon.colcon_core.package_identification Level 1 _identify(autoracer_hooke/vendor_ws/src/autoware/core/common) by extension 'ros'
[0.354s] colcon.colcon_core.package_identification Level 1 _identify(autoracer_hooke/vendor_ws/src/autoware/core/common) by extensions ['cmake', 'python']
[0.354s] colcon.colcon_core.package_identification Level 1 _identify(autoracer_hooke/vendor_ws/src/autoware/core/common) by extension 'cmake'
[0.354s] colcon.colcon_core.package_identification Level 1 _identify(autoracer_hooke/vendor_ws/src/autoware/core/common) by extension 'python'
[0.354s] colcon.colcon_core.package_identification Level 1 _identify(autoracer_hooke/vendor_ws/src/autoware/core/common) by extensions ['python_setup_py']
[0.354s] colcon.colcon_core.package_identification Level 1 _identify(autoracer_hooke/vendor_ws/src/autoware/core/common) by extension 'python_setup_py'
[0.354s] colcon.colcon_core.package_identification Level 1 _identify(autoracer_hooke/vendor_ws/src/autoware/core/common/autoware_agnocast_wrapper) by extensions ['ignore', 'ignore_ament_install']
[0.354s] colcon.colcon_core.package_identification Level 1 _identify(autoracer_hooke/vendor_ws/src/autoware/core/common/autoware_agnocast_wrapper) by extension 'ignore'
[0.354s] colcon.colcon_core.package_identification Level 1 _identify(autoracer_hooke/vendor_ws/src/autoware/core/common/autoware_agnocast_wrapper) by extension 'ignore_ament_install'
[0.354s] colcon.colcon_core.package_identification Level 1 _identify(autoracer_hooke/vendor_ws/src/autoware/core/common/autoware_agnocast_wrapper) by extensions ['colcon_pkg']
[0.354s] colcon.colcon_core.package_identification Level 1 _identify(autoracer_hooke/vendor_ws/src/autoware/core/common/autoware_agnocast_wrapper) by extension 'colcon_pkg'
[0.354s] colcon.colcon_core.package_identification Level 1 _identify(autoracer_hooke/vendor_ws/src/autoware/core/common/autoware_agnocast_wrapper) by extensions ['colcon_meta']
[0.354s] colcon.colcon_core.package_identification Level 1 _identify(autoracer_hooke/vendor_ws/src/autoware/core/common/autoware_agnocast_wrapper) by extension 'colcon_meta'
[0.354s] colcon.colcon_core.package_identification Level 1 _identify(autoracer_hooke/vendor_ws/src/autoware/core/common/autoware_agnocast_wrapper) by extensions ['ros']
[0.354s] colcon.colcon_core.package_identification Level 1 _identify(autoracer_hooke/vendor_ws/src/autoware/core/common/autoware_agnocast_wrapper) by extension 'ros'
[0.357s] colcon.colcon_core.package_identification DEBUG Package 'autoracer_hooke/vendor_ws/src/autoware/core/common/autoware_agnocast_wrapper' with type 'ros.ament_cmake' and name 'autoware_agnocast_wrapper'
[0.357s] colcon.colcon_core.package_identification Level 1 _identify(autoracer_hooke/vendor_ws/src/autoware/core/common/autoware_component_interface_specs) by extensions ['ignore', 'ignore_ament_install']
[0.357s] colcon.colcon_core.package_identification Level 1 _identify(autoracer_hooke/vendor_ws/src/autoware/core/common/autoware_component_interface_specs) by extension 'ignore'
[0.357s] colcon.colcon_core.package_identification Level 1 _identify(autoracer_hooke/vendor_ws/src/autoware/core/common/autoware_component_interface_specs) by extension 'ignore_ament_install'
[0.357s] colcon.colcon_core.package_identification Level 1 _identify(autoracer_hooke/vendor_ws/src/autoware/core/common/autoware_component_interface_specs) by extensions ['colcon_pkg']
[0.357s] colcon.colcon_core.package_identification Level 1 _identify(autoracer_hooke/vendor_ws/src/autoware/core/common/autoware_component_interface_specs) by extension 'colcon_pkg'
[0.357s] colcon.colcon_core.package_identification Level 1 _identify(autoracer_hooke/vendor_ws/src/autoware/core/common/autoware_component_interface_specs) by extensions ['colcon_meta']
[0.357s] colcon.colcon_core.package_identification Level 1 _identify(autoracer_hooke/vendor_ws/src/autoware/core/common/autoware_component_interface_specs) by extension 'colcon_meta'
[0.357s] colcon.colcon_core.package_identification Level 1 _identify(autoracer_hooke/vendor_ws/src/autoware/core/common/autoware_component_interface_specs) by extensions ['ros']
[0.357s] colcon.colcon_core.package_identification Level 1 _identify(autoracer_hooke/vendor_ws/src/autoware/core/common/autoware_component_interface_specs) by extension 'ros'
[0.358s] colcon.colcon_core.package_identification DEBUG Package 'autoracer_hooke/vendor_ws/src/autoware/core/common/autoware_component_interface_specs' with type 'ros.ament_cmake' and name 'autoware_component_interface_specs'
[0.358s] colcon.colcon_core.package_identification Level 1 _identify(autoracer_hooke/vendor_ws/src/autoware/core/common/autoware_geography_utils) by extensions ['ignore', 'ignore_ament_install']
[0.358s] colcon.colcon_core.package_identification Level 1 _identify(autoracer_hooke/vendor_ws/src/autoware/core/common/autoware_geography_utils) by extension 'ignore'
[0.359s] colcon.colcon_core.package_identification Level 1 _identify(autoracer_hooke/vendor_ws/src/autoware/core/common/autoware_geography_utils) by extension 'ignore_ament_install'
[0.359s] colcon.colcon_core.package_identification Level 1 _identify(autoracer_hooke/vendor_ws/src/autoware/core/common/autoware_geography_utils) by extensions ['colcon_pkg']
[0.359s] colcon.colcon_core.package_identification Level 1 _identify(autoracer_hooke/vendor_ws/src/autoware/core/common/autoware_geography_utils) by extension 'colcon_pkg'
[0.359s] colcon.colcon_core.package_identification Level 1 _identify(autoracer_hooke/vendor_ws/src/autoware/core/common/autoware_geography_utils) by extensions ['colcon_meta']
[0.359s] colcon.colcon_core.package_identification Level 1 _identify(autoracer_hooke/vendor_ws/src/autoware/core/common/autoware_geography_utils) by extension 'colcon_meta'
[0.359s] colcon.colcon_core.package_identification Level 1 _identify(autoracer_hooke/vendor_ws/src/autoware/core/common/autoware_geography_utils) by extensions ['ros']
[0.359s] colcon.colcon_core.package_identification Level 1 _identify(autoracer_hooke/vendor_ws/src/autoware/core/common/autoware_geography_utils) by extension 'ros'
[0.359s] colcon.colcon_core.package_identification DEBUG Package 'autoracer_hooke/vendor_ws/src/autoware/core/common/autoware_geography_utils' with type 'ros.ament_cmake' and name 'autoware_geography_utils'
[0.360s] colcon.colcon_core.package_identification Level 1 _identify(autoracer_hooke/vendor_ws/src/autoware/core/common/autoware_interpolation) by extensions ['ignore', 'ignore_ament_install']
[0.360s] colcon.colcon_core.package_identification Level 1 _identify(autoracer_hooke/vendor_ws/src/autoware/core/common/autoware_interpolation) by extension 'ignore'
[0.360s] colcon.colcon_core.package_identification Level 1 _identify(autoracer_hooke/vendor_ws/src/autoware/core/common/autoware_interpolation) by extension 'ignore_ament_install'
[0.360s] colcon.colcon_core.package_identification Level 1 _identify(autoracer_hooke/vendor_ws/src/autoware/core/common/autoware_interpolation) by extensions ['colcon_pkg']
[0.360s] colcon.colcon_core.package_identification Level 1 _identify(autoracer_hooke/vendor_ws/src/autoware/core/common/autoware_interpolation) by extension 'colcon_pkg'
[0.360s] colcon.colcon_core.package_identification Level 1 _identify(autoracer_hooke/vendor_ws/src/autoware/core/common/autoware_interpolation) by extensions ['colcon_meta']
[0.360s] colcon.colcon_core.package_identification Level 1 _identify(autoracer_hooke/vendor_ws/src/autoware/core/common/autoware_interpolation) by extension 'colcon_meta'
[0.360s] colcon.colcon_core.package_identification Level 1 _identify(autoracer_hooke/vendor_ws/src/autoware/core/common/autoware_interpolation) by extensions ['ros']
[0.360s] colcon.colcon_core.package_identification Level 1 _identify(autoracer_hooke/vendor_ws/src/autoware/core/common/autoware_interpolation) by extension 'ros'
[0.361s] colcon.colcon_core.package_identification DEBUG Package 'autoracer_hooke/vendor_ws/src/autoware/core/common/autoware_interpolation' with type 'ros.ament_cmake' and name 'autoware_interpolation'
[0.361s] colcon.colcon_core.package_identification Level 1 _identify(autoracer_hooke/vendor_ws/src/autoware/core/common/autoware_kalman_filter) by extensions ['ignore', 'ignore_ament_install']
[0.361s] colcon.colcon_core.package_identification Level 1 _identify(autoracer_hooke/vendor_ws/src/autoware/core/common/autoware_kalman_filter) by extension 'ignore'
[0.361s] colcon.colcon_core.package_identification Level 1 _identify(autoracer_hooke/vendor_ws/src/autoware/core/common/autoware_kalman_filter) by extension 'ignore_ament_install'
[0.361s] colcon.colcon_core.package_identification Level 1 _identify(autoracer_hooke/vendor_ws/src/autoware/core/common/autoware_kalman_filter) by extensions ['colcon_pkg']
[0.361s] colcon.colcon_core.package_identification Level 1 _identify(autoracer_hooke/vendor_ws/src/autoware/core/common/autoware_kalman_filter) by extension 'colcon_pkg'
[0.361s] colcon.colcon_core.package_identification Level 1 _identify(autoracer_hooke/vendor_ws/src/autoware/core/common/autoware_kalman_filter) by extensions ['colcon_meta']
[0.361s] colcon.colcon_core.package_identification Level 1 _identify(autoracer_hooke/vendor_ws/src/autoware/core/common/autoware_kalman_filter) by extension 'colcon_meta'
[0.361s] colcon.colcon_core.package_identification Level 1 _identify(autoracer_hooke/vendor_ws/src/autoware/core/common/autoware_kalman_filter) by extensions ['ros']
[0.361s] colcon.colcon_core.package_identification Level 1 _identify(autoracer_hooke/vendor_ws/src/autoware/core/common/autoware_kalman_filter) by extension 'ros'
[0.362s] colcon.colcon_core.package_identification DEBUG Package 'autoracer_hooke/vendor_ws/src/autoware/core/common/autoware_kalman_filter' with type 'ros.ament_cmake' and name 'autoware_kalman_filter'
[0.362s] colcon.colcon_core.package_identification Level 1 _identify(autoracer_hooke/vendor_ws/src/autoware/core/common/autoware_lanelet2_utils) by extensions ['ignore', 'ignore_ament_install']
[0.362s] colcon.colcon_core.package_identification Level 1 _identify(autoracer_hooke/vendor_ws/src/autoware/core/common/autoware_lanelet2_utils) by extension 'ignore'
[0.362s] colcon.colcon_core.package_identification Level 1 _identify(autoracer_hooke/vendor_ws/src/autoware/core/common/autoware_lanelet2_utils) by extension 'ignore_ament_install'
[0.362s] colcon.colcon_core.package_identification Level 1 _identify(autoracer_hooke/vendor_ws/src/autoware/core/common/autoware_lanelet2_utils) by extensions ['colcon_pkg']
[0.362s] colcon.colcon_core.package_identification Level 1 _identify(autoracer_hooke/vendor_ws/src/autoware/core/common/autoware_lanelet2_utils) by extension 'colcon_pkg'
[0.362s] colcon.colcon_core.package_identification Level 1 _identify(autoracer_hooke/vendor_ws/src/autoware/core/common/autoware_lanelet2_utils) by extensions ['colcon_meta']
[0.362s] colcon.colcon_core.package_identification Level 1 _identify(autoracer_hooke/vendor_ws/src/autoware/core/common/autoware_lanelet2_utils) by extension 'colcon_meta'
[0.362s] colcon.colcon_core.package_identification Level 1 _identify(autoracer_hooke/vendor_ws/src/autoware/core/common/autoware_lanelet2_utils) by extensions ['ros']
[0.362s] colcon.colcon_core.package_identification Level 1 _identify(autoracer_hooke/vendor_ws/src/autoware/core/common/autoware_lanelet2_utils) by extension 'ros'
[0.363s] colcon.colcon_core.package_identification DEBUG Package 'autoracer_hooke/vendor_ws/src/autoware/core/common/autoware_lanelet2_utils' with type 'ros.ament_cmake' and name 'autoware_lanelet2_utils'
[0.363s] colcon.colcon_core.package_identification Level 1 _identify(autoracer_hooke/vendor_ws/src/autoware/core/common/autoware_motion_utils) by extensions ['ignore', 'ignore_ament_install']
[0.363s] colcon.colcon_core.package_identification Level 1 _identify(autoracer_hooke/vendor_ws/src/autoware/core/common/autoware_motion_utils) by extension 'ignore'
[0.363s] colcon.colcon_core.package_identification Level 1 _identify(autoracer_hooke/vendor_ws/src/autoware/core/common/autoware_motion_utils) by extension 'ignore_ament_install'
[0.363s] colcon.colcon_core.package_identification Level 1 _identify(autoracer_hooke/vendor_ws/src/autoware/core/common/autoware_motion_utils) by extensions ['colcon_pkg']
[0.363s] colcon.colcon_core.package_identification Level 1 _identify(autoracer_hooke/vendor_ws/src/autoware/core/common/autoware_motion_utils) by extension 'colcon_pkg'
[0.363s] colcon.colcon_core.package_identification Level 1 _identify(autoracer_hooke/vendor_ws/src/autoware/core/common/autoware_motion_utils) by extensions ['colcon_meta']
[0.363s] colcon.colcon_core.package_identification Level 1 _identify(autoracer_hooke/vendor_ws/src/autoware/core/common/autoware_motion_utils) by extension 'colcon_meta'
[0.363s] colcon.colcon_core.package_identification Level 1 _identify(autoracer_hooke/vendor_ws/src/autoware/core/common/autoware_motion_utils) by extensions ['ros']
[0.363s] colcon.colcon_core.package_identification Level 1 _identify(autoracer_hooke/vendor_ws/src/autoware/core/common/autoware_motion_utils) by extension 'ros'
[0.365s] colcon.colcon_core.package_identification DEBUG Package 'autoracer_hooke/vendor_ws/src/autoware/core/common/autoware_motion_utils' with type 'ros.ament_cmake' and name 'autoware_motion_utils'
[0.365s] colcon.colcon_core.package_identification Level 1 _identify(autoracer_hooke/vendor_ws/src/autoware/core/common/autoware_osqp_interface) by extensions ['ignore', 'ignore_ament_install']
[0.365s] colcon.colcon_core.package_identification Level 1 _identify(autoracer_hooke/vendor_ws/src/autoware/core/common/autoware_osqp_interface) by extension 'ignore'
[0.365s] colcon.colcon_core.package_identification Level 1 _identify(autoracer_hooke/vendor_ws/src/autoware/core/common/autoware_osqp_interface) by extension 'ignore_ament_install'
[0.365s] colcon.colcon_core.package_identification Level 1 _identify(autoracer_hooke/vendor_ws/src/autoware/core/common/autoware_osqp_interface) by extensions ['colcon_pkg']
[0.365s] colcon.colcon_core.package_identification Level 1 _identify(autoracer_hooke/vendor_ws/src/autoware/core/common/autoware_osqp_interface) by extension 'colcon_pkg'
[0.365s] colcon.colcon_core.package_identification Level 1 _identify(autoracer_hooke/vendor_ws/src/autoware/core/common/autoware_osqp_interface) by extensions ['colcon_meta']
[0.365s] colcon.colcon_core.package_identification Level 1 _identify(autoracer_hooke/vendor_ws/src/autoware/core/common/autoware_osqp_interface) by extension 'colcon_meta'
[0.365s] colcon.colcon_core.package_identification Level 1 _identify(autoracer_hooke/vendor_ws/src/autoware/core/common/autoware_osqp_interface) by extensions ['ros']
[0.365s] colcon.colcon_core.package_identification Level 1 _identify(autoracer_hooke/vendor_ws/src/autoware/core/common/autoware_osqp_interface) by extension 'ros'
[0.366s] colcon.colcon_core.package_identification DEBUG Package 'autoracer_hooke/vendor_ws/src/autoware/core/common/autoware_osqp_interface' with type 'ros.ament_cmake' and name 'autoware_osqp_interface'
[0.366s] colcon.colcon_core.package_identification Level 1 _identify(autoracer_hooke/vendor_ws/src/autoware/core/common/autoware_point_types) by extensions ['ignore', 'ignore_ament_install']
[0.366s] colcon.colcon_core.package_identification Level 1 _identify(autoracer_hooke/vendor_ws/src/autoware/core/common/autoware_point_types) by extension 'ignore'
[0.366s] colcon.colcon_core.package_identification Level 1 _identify(autoracer_hooke/vendor_ws/src/autoware/core/common/autoware_point_types) by extension 'ignore_ament_install'
[0.366s] colcon.colcon_core.package_identification Level 1 _identify(autoracer_hooke/vendor_ws/src/autoware/core/common/autoware_point_types) by extensions ['colcon_pkg']
[0.366s] colcon.colcon_core.package_identification Level 1 _identify(autoracer_hooke/vendor_ws/src/autoware/core/common/autoware_point_types) by extension 'colcon_pkg'
[0.366s] colcon.colcon_core.package_identification Level 1 _identify(autoracer_hooke/vendor_ws/src/autoware/core/common/autoware_point_types) by extensions ['colcon_meta']
[0.366s] colcon.colcon_core.package_identification Level 1 _identify(autoracer_hooke/vendor_ws/src/autoware/core/common/autoware_point_types) by extension 'colcon_meta'
[0.366s] colcon.colcon_core.package_identification Level 1 _identify(autoracer_hooke/vendor_ws/src/autoware/core/common/autoware_point_types) by extensions ['ros']
[0.366s] colcon.colcon_core.package_identification Level 1 _identify(autoracer_hooke/vendor_ws/src/autoware/core/common/autoware_point_types) by extension 'ros'
[0.367s] colcon.colcon_core.package_identification DEBUG Package 'autoracer_hooke/vendor_ws/src/autoware/core/common/autoware_point_types' with type 'ros.ament_cmake' and name 'autoware_point_types'
[0.367s] colcon.colcon_core.package_identification Level 1 _identify(autoracer_hooke/vendor_ws/src/autoware/core/common/autoware_qos_utils) by extensions ['ignore', 'ignore_ament_install']
[0.367s] colcon.colcon_core.package_identification Level 1 _identify(autoracer_hooke/vendor_ws/src/autoware/core/common/autoware_qos_utils) by extension 'ignore'
[0.367s] colcon.colcon_core.package_identification Level 1 _identify(autoracer_hooke/vendor_ws/src/autoware/core/common/autoware_qos_utils) by extension 'ignore_ament_install'
[0.367s] colcon.colcon_core.package_identification Level 1 _identify(autoracer_hooke/vendor_ws/src/autoware/core/common/autoware_qos_utils) by extensions ['colcon_pkg']
[0.367s] colcon.colcon_core.package_identification Level 1 _identify(autoracer_hooke/vendor_ws/src/autoware/core/common/autoware_qos_utils) by extension 'colcon_pkg'
[0.367s] colcon.colcon_core.package_identification Level 1 _identify(autoracer_hooke/vendor_ws/src/autoware/core/common/autoware_qos_utils) by extensions ['colcon_meta']
[0.367s] colcon.colcon_core.package_identification Level 1 _identify(autoracer_hooke/vendor_ws/src/autoware/core/common/autoware_qos_utils) by extension 'colcon_meta'
[0.367s] colcon.colcon_core.package_identification Level 1 _identify(autoracer_hooke/vendor_ws/src/autoware/core/common/autoware_qos_utils) by extensions ['ros']
[0.367s] colcon.colcon_core.package_identification Level 1 _identify(autoracer_hooke/vendor_ws/src/autoware/core/common/autoware_qos_utils) by extension 'ros'
[0.368s] colcon.colcon_core.package_identification DEBUG Package 'autoracer_hooke/vendor_ws/src/autoware/core/common/autoware_qos_utils' with type 'ros.ament_cmake' and name 'autoware_qos_utils'
[0.368s] colcon.colcon_core.package_identification Level 1 _identify(autoracer_hooke/vendor_ws/src/autoware/core/common/autoware_signal_processing) by extensions ['ignore', 'ignore_ament_install']
[0.368s] colcon.colcon_core.package_identification Level 1 _identify(autoracer_hooke/vendor_ws/src/autoware/core/common/autoware_signal_processing) by extension 'ignore'
[0.368s] colcon.colcon_core.package_identification Level 1 _identify(autoracer_hooke/vendor_ws/src/autoware/core/common/autoware_signal_processing) by extension 'ignore_ament_install'
[0.368s] colcon.colcon_core.package_identification Level 1 _identify(autoracer_hooke/vendor_ws/src/autoware/core/common/autoware_signal_processing) by extensions ['colcon_pkg']
[0.368s] colcon.colcon_core.package_identification Level 1 _identify(autoracer_hooke/vendor_ws/src/autoware/core/common/autoware_signal_processing) by extension 'colcon_pkg'
[0.368s] colcon.colcon_core.package_identification Level 1 _identify(autoracer_hooke/vendor_ws/src/autoware/core/common/autoware_signal_processing) by extensions ['colcon_meta']
[0.368s] colcon.colcon_core.package_identification Level 1 _identify(autoracer_hooke/vendor_ws/src/autoware/core/common/autoware_signal_processing) by extension 'colcon_meta'
[0.368s] colcon.colcon_core.package_identification Level 1 _identify(autoracer_hooke/vendor_ws/src/autoware/core/common/autoware_signal_processing) by extensions ['ros']
[0.368s] colcon.colcon_core.package_identification Level 1 _identify(autoracer_hooke/vendor_ws/src/autoware/core/common/autoware_signal_processing) by extension 'ros'
[0.369s] colcon.colcon_core.package_identification DEBUG Package 'autoracer_hooke/vendor_ws/src/autoware/core/common/autoware_signal_processing' with type 'ros.ament_cmake' and name 'autoware_signal_processing'
[0.369s] colcon.colcon_core.package_identification Level 1 _identify(autoracer_hooke/vendor_ws/src/autoware/core/common/autoware_vehicle_info_utils) by extensions ['ignore', 'ignore_ament_install']
[0.369s] colcon.colcon_core.package_identification Level 1 _identify(autoracer_hooke/vendor_ws/src/autoware/core/common/autoware_vehicle_info_utils) by extension 'ignore'
[0.369s] colcon.colcon_core.package_identification Level 1 _identify(autoracer_hooke/vendor_ws/src/autoware/core/common/autoware_vehicle_info_utils) by extension 'ignore_ament_install'
[0.369s] colcon.colcon_core.package_identification Level 1 _identify(autoracer_hooke/vendor_ws/src/autoware/core/common/autoware_vehicle_info_utils) by extensions ['colcon_pkg']
[0.369s] colcon.colcon_core.package_identification Level 1 _identify(autoracer_hooke/vendor_ws/src/autoware/core/common/autoware_vehicle_info_utils) by extension 'colcon_pkg'
[0.369s] colcon.colcon_core.package_identification Level 1 _identify(autoracer_hooke/vendor_ws/src/autoware/core/common/autoware_vehicle_info_utils) by extensions ['colcon_meta']
[0.369s] colcon.colcon_core.package_identification Level 1 _identify(autoracer_hooke/vendor_ws/src/autoware/core/common/autoware_vehicle_info_utils) by extension 'colcon_meta'
[0.369s] colcon.colcon_core.package_identification Level 1 _identify(autoracer_hooke/vendor_ws/src/autoware/core/common/autoware_vehicle_info_utils) by extensions ['ros']
[0.369s] colcon.colcon_core.package_identification Level 1 _identify(autoracer_hooke/vendor_ws/src/autoware/core/common/autoware_vehicle_info_utils) by extension 'ros'
[0.370s] colcon.colcon_core.package_identification DEBUG Package 'autoracer_hooke/vendor_ws/src/autoware/core/common/autoware_vehicle_info_utils' with type 'ros.ament_cmake' and name 'autoware_vehicle_info_utils'
[0.370s] colcon.colcon_core.package_identification Level 1 _identify(autoracer_hooke/vendor_ws/src/autoware/core/localization) by extensions ['ignore', 'ignore_ament_install']
[0.370s] colcon.colcon_core.package_identification Level 1 _identify(autoracer_hooke/vendor_ws/src/autoware/core/localization) by extension 'ignore'
[0.370s] colcon.colcon_core.package_identification Level 1 _identify(autoracer_hooke/vendor_ws/src/autoware/core/localization) by extension 'ignore_ament_install'
[0.370s] colcon.colcon_core.package_identification Level 1 _identify(autoracer_hooke/vendor_ws/src/autoware/core/localization) by extensions ['colcon_pkg']
[0.370s] colcon.colcon_core.package_identification Level 1 _identify(autoracer_hooke/vendor_ws/src/autoware/core/localization) by extension 'colcon_pkg'
[0.370s] colcon.colcon_core.package_identification Level 1 _identify(autoracer_hooke/vendor_ws/src/autoware/core/localization) by extensions ['colcon_meta']
[0.370s] colcon.colcon_core.package_identification Level 1 _identify(autoracer_hooke/vendor_ws/src/autoware/core/localization) by extension 'colcon_meta'
[0.370s] colcon.colcon_core.package_identification Level 1 _identify(autoracer_hooke/vendor_ws/src/autoware/core/localization) by extensions ['ros']
[0.370s] colcon.colcon_core.package_identification Level 1 _identify(autoracer_hooke/vendor_ws/src/autoware/core/localization) by extension 'ros'
[0.370s] colcon.colcon_core.package_identification Level 1 _identify(autoracer_hooke/vendor_ws/src/autoware/core/localization) by extensions ['cmake', 'python']
[0.370s] colcon.colcon_core.package_identification Level 1 _identify(autoracer_hooke/vendor_ws/src/autoware/core/localization) by extension 'cmake'
[0.370s] colcon.colcon_core.package_identification Level 1 _identify(autoracer_hooke/vendor_ws/src/autoware/core/localization) by extension 'python'
[0.370s] colcon.colcon_core.package_identification Level 1 _identify(autoracer_hooke/vendor_ws/src/autoware/core/localization) by extensions ['python_setup_py']
[0.370s] colcon.colcon_core.package_identification Level 1 _identify(autoracer_hooke/vendor_ws/src/autoware/core/localization) by extension 'python_setup_py'
[0.370s] colcon.colcon_core.package_identification Level 1 _identify(autoracer_hooke/vendor_ws/src/autoware/core/localization/autoware_ekf_localizer) by extensions ['ignore', 'ignore_ament_install']
[0.370s] colcon.colcon_core.package_identification Level 1 _identify(autoracer_hooke/vendor_ws/src/autoware/core/localization/autoware_ekf_localizer) by extension 'ignore'
[0.370s] colcon.colcon_core.package_identification Level 1 _identify(autoracer_hooke/vendor_ws/src/autoware/core/localization/autoware_ekf_localizer) by extension 'ignore_ament_install'
[0.370s] colcon.colcon_core.package_identification Level 1 _identify(autoracer_hooke/vendor_ws/src/autoware/core/localization/autoware_ekf_localizer) by extensions ['colcon_pkg']
[0.370s] colcon.colcon_core.package_identification Level 1 _identify(autoracer_hooke/vendor_ws/src/autoware/core/localization/autoware_ekf_localizer) by extension 'colcon_pkg'
[0.371s] colcon.colcon_core.package_identification Level 1 _identify(autoracer_hooke/vendor_ws/src/autoware/core/localization/autoware_ekf_localizer) by extensions ['colcon_meta']
[0.371s] colcon.colcon_core.package_identification Level 1 _identify(autoracer_hooke/vendor_ws/src/autoware/core/localization/autoware_ekf_localizer) by extension 'colcon_meta'
[0.371s] colcon.colcon_core.package_identification Level 1 _identify(autoracer_hooke/vendor_ws/src/autoware/core/localization/autoware_ekf_localizer) by extensions ['ros']
[0.371s] colcon.colcon_core.package_identification Level 1 _identify(autoracer_hooke/vendor_ws/src/autoware/core/localization/autoware_ekf_localizer) by extension 'ros'
[0.372s] colcon.colcon_core.package_identification DEBUG Package 'autoracer_hooke/vendor_ws/src/autoware/core/localization/autoware_ekf_localizer' with type 'ros.ament_cmake' and name 'autoware_ekf_localizer'
[0.372s] colcon.colcon_core.package_identification Level 1 _identify(autoracer_hooke/vendor_ws/src/autoware/core/localization/autoware_gyro_odometer) by extensions ['ignore', 'ignore_ament_install']
[0.372s] colcon.colcon_core.package_identification Level 1 _identify(autoracer_hooke/vendor_ws/src/autoware/core/localization/autoware_gyro_odometer) by extension 'ignore'
[0.372s] colcon.colcon_core.package_identification Level 1 _identify(autoracer_hooke/vendor_ws/src/autoware/core/localization/autoware_gyro_odometer) by extension 'ignore_ament_install'
[0.372s] colcon.colcon_core.package_identification Level 1 _identify(autoracer_hooke/vendor_ws/src/autoware/core/localization/autoware_gyro_odometer) by extensions ['colcon_pkg']
[0.372s] colcon.colcon_core.package_identification Level 1 _identify(autoracer_hooke/vendor_ws/src/autoware/core/localization/autoware_gyro_odometer) by extension 'colcon_pkg'
[0.372s] colcon.colcon_core.package_identification Level 1 _identify(autoracer_hooke/vendor_ws/src/autoware/core/localization/autoware_gyro_odometer) by extensions ['colcon_meta']
[0.372s] colcon.colcon_core.package_identification Level 1 _identify(autoracer_hooke/vendor_ws/src/autoware/core/localization/autoware_gyro_odometer) by extension 'colcon_meta'
[0.372s] colcon.colcon_core.package_identification Level 1 _identify(autoracer_hooke/vendor_ws/src/autoware/core/localization/autoware_gyro_odometer) by extensions ['ros']
[0.372s] colcon.colcon_core.package_identification Level 1 _identify(autoracer_hooke/vendor_ws/src/autoware/core/localization/autoware_gyro_odometer) by extension 'ros'
[0.374s] colcon.colcon_core.package_identification DEBUG Package 'autoracer_hooke/vendor_ws/src/autoware/core/localization/autoware_gyro_odometer' with type 'ros.ament_cmake' and name 'autoware_gyro_odometer'
[0.374s] colcon.colcon_core.package_identification Level 1 _identify(autoracer_hooke/vendor_ws/src/autoware/core/localization/autoware_localization_util) by extensions ['ignore', 'ignore_ament_install']
[0.374s] colcon.colcon_core.package_identification Level 1 _identify(autoracer_hooke/vendor_ws/src/autoware/core/localization/autoware_localization_util) by extension 'ignore'
[0.374s] colcon.colcon_core.package_identification Level 1 _identify(autoracer_hooke/vendor_ws/src/autoware/core/localization/autoware_localization_util) by extension 'ignore_ament_install'
[0.374s] colcon.colcon_core.package_identification Level 1 _identify(autoracer_hooke/vendor_ws/src/autoware/core/localization/autoware_localization_util) by extensions ['colcon_pkg']
[0.374s] colcon.colcon_core.package_identification Level 1 _identify(autoracer_hooke/vendor_ws/src/autoware/core/localization/autoware_localization_util) by extension 'colcon_pkg'
[0.374s] colcon.colcon_core.package_identification Level 1 _identify(autoracer_hooke/vendor_ws/src/autoware/core/localization/autoware_localization_util) by extensions ['colcon_meta']
[0.374s] colcon.colcon_core.package_identification Level 1 _identify(autoracer_hooke/vendor_ws/src/autoware/core/localization/autoware_localization_util) by extension 'colcon_meta'
[0.374s] colcon.colcon_core.package_identification Level 1 _identify(autoracer_hooke/vendor_ws/src/autoware/core/localization/autoware_localization_util) by extensions ['ros']
[0.374s] colcon.colcon_core.package_identification Level 1 _identify(autoracer_hooke/vendor_ws/src/autoware/core/localization/autoware_localization_util) by extension 'ros'
[0.375s] colcon.colcon_core.package_identification DEBUG Package 'autoracer_hooke/vendor_ws/src/autoware/core/localization/autoware_localization_util' with type 'ros.ament_cmake' and name 'autoware_localization_util'
[0.375s] colcon.colcon_core.package_identification Level 1 _identify(autoracer_hooke/vendor_ws/src/autoware/core/localization/autoware_ndt_scan_matcher) by extensions ['ignore', 'ignore_ament_install']
[0.375s] colcon.colcon_core.package_identification Level 1 _identify(autoracer_hooke/vendor_ws/src/autoware/core/localization/autoware_ndt_scan_matcher) by extension 'ignore'
[0.375s] colcon.colcon_core.package_identification Level 1 _identify(autoracer_hooke/vendor_ws/src/autoware/core/localization/autoware_ndt_scan_matcher) by extension 'ignore_ament_install'
[0.376s] colcon.colcon_core.package_identification Level 1 _identify(autoracer_hooke/vendor_ws/src/autoware/core/localization/autoware_ndt_scan_matcher) by extensions ['colcon_pkg']
[0.376s] colcon.colcon_core.package_identification Level 1 _identify(autoracer_hooke/vendor_ws/src/autoware/core/localization/autoware_ndt_scan_matcher) by extension 'colcon_pkg'
[0.376s] colcon.colcon_core.package_identification Level 1 _identify(autoracer_hooke/vendor_ws/src/autoware/core/localization/autoware_ndt_scan_matcher) by extensions ['colcon_meta']
[0.376s] colcon.colcon_core.package_identification Level 1 _identify(autoracer_hooke/vendor_ws/src/autoware/core/localization/autoware_ndt_scan_matcher) by extension 'colcon_meta'
[0.376s] colcon.colcon_core.package_identification Level 1 _identify(autoracer_hooke/vendor_ws/src/autoware/core/localization/autoware_ndt_scan_matcher) by extensions ['ros']
[0.376s] colcon.colcon_core.package_identification Level 1 _identify(autoracer_hooke/vendor_ws/src/autoware/core/localization/autoware_ndt_scan_matcher) by extension 'ros'
[0.378s] colcon.colcon_core.package_identification DEBUG Package 'autoracer_hooke/vendor_ws/src/autoware/core/localization/autoware_ndt_scan_matcher' with type 'ros.ament_cmake' and name 'autoware_ndt_scan_matcher'
[0.378s] colcon.colcon_core.package_identification Level 1 _identify(autoracer_hooke/vendor_ws/src/autoware/core/localization/autoware_pose_initializer) by extensions ['ignore', 'ignore_ament_install']
[0.378s] colcon.colcon_core.package_identification Level 1 _identify(autoracer_hooke/vendor_ws/src/autoware/core/localization/autoware_pose_initializer) by extension 'ignore'
[0.378s] colcon.colcon_core.package_identification Level 1 _identify(autoracer_hooke/vendor_ws/src/autoware/core/localization/autoware_pose_initializer) by extension 'ignore_ament_install'
[0.378s] colcon.colcon_core.package_identification Level 1 _identify(autoracer_hooke/vendor_ws/src/autoware/core/localization/autoware_pose_initializer) by extensions ['colcon_pkg']
[0.378s] colcon.colcon_core.package_identification Level 1 _identify(autoracer_hooke/vendor_ws/src/autoware/core/localization/autoware_pose_initializer) by extension 'colcon_pkg'
[0.378s] colcon.colcon_core.package_identification Level 1 _identify(autoracer_hooke/vendor_ws/src/autoware/core/localization/autoware_pose_initializer) by extensions ['colcon_meta']
[0.378s] colcon.colcon_core.package_identification Level 1 _identify(autoracer_hooke/vendor_ws/src/autoware/core/localization/autoware_pose_initializer) by extension 'colcon_meta'
[0.378s] colcon.colcon_core.package_identification Level 1 _identify(autoracer_hooke/vendor_ws/src/autoware/core/localization/autoware_pose_initializer) by extensions ['ros']
[0.378s] colcon.colcon_core.package_identification Level 1 _identify(autoracer_hooke/vendor_ws/src/autoware/core/localization/autoware_pose_initializer) by extension 'ros'
[0.379s] colcon.colcon_core.package_identification DEBUG Package 'autoracer_hooke/vendor_ws/src/autoware/core/localization/autoware_pose_initializer' with type 'ros.ament_cmake' and name 'autoware_pose_initializer'
[0.379s] colcon.colcon_core.package_identification Level 1 _identify(autoracer_hooke/vendor_ws/src/autoware/core/localization/autoware_stop_filter) by extensions ['ignore', 'ignore_ament_install']
[0.379s] colcon.colcon_core.package_identification Level 1 _identify(autoracer_hooke/vendor_ws/src/autoware/core/localization/autoware_stop_filter) by extension 'ignore'
[0.379s] colcon.colcon_core.package_identification Level 1 _identify(autoracer_hooke/vendor_ws/src/autoware/core/localization/autoware_stop_filter) by extension 'ignore_ament_install'
[0.379s] colcon.colcon_core.package_identification Level 1 _identify(autoracer_hooke/vendor_ws/src/autoware/core/localization/autoware_stop_filter) by extensions ['colcon_pkg']
[0.379s] colcon.colcon_core.package_identification Level 1 _identify(autoracer_hooke/vendor_ws/src/autoware/core/localization/autoware_stop_filter) by extension 'colcon_pkg'
[0.379s] colcon.colcon_core.package_identification Level 1 _identify(autoracer_hooke/vendor_ws/src/autoware/core/localization/autoware_stop_filter) by extensions ['colcon_meta']
[0.379s] colcon.colcon_core.package_identification Level 1 _identify(autoracer_hooke/vendor_ws/src/autoware/core/localization/autoware_stop_filter) by extension 'colcon_meta'
[0.380s] colcon.colcon_core.package_identification Level 1 _identify(autoracer_hooke/vendor_ws/src/autoware/core/localization/autoware_stop_filter) by extensions ['ros']
[0.380s] colcon.colcon_core.package_identification Level 1 _identify(autoracer_hooke/vendor_ws/src/autoware/core/localization/autoware_stop_filter) by extension 'ros'
[0.380s] colcon.colcon_core.package_identification DEBUG Package 'autoracer_hooke/vendor_ws/src/autoware/core/localization/autoware_stop_filter' with type 'ros.ament_cmake' and name 'autoware_stop_filter'
[0.380s] colcon.colcon_core.package_identification Level 1 _identify(autoracer_hooke/vendor_ws/src/autoware/core/localization/autoware_twist2accel) by extensions ['ignore', 'ignore_ament_install']
[0.381s] colcon.colcon_core.package_identification Level 1 _identify(autoracer_hooke/vendor_ws/src/autoware/core/localization/autoware_twist2accel) by extension 'ignore'
[0.381s] colcon.colcon_core.package_identification Level 1 _identify(autoracer_hooke/vendor_ws/src/autoware/core/localization/autoware_twist2accel) by extension 'ignore_ament_install'
[0.381s] colcon.colcon_core.package_identification Level 1 _identify(autoracer_hooke/vendor_ws/src/autoware/core/localization/autoware_twist2accel) by extensions ['colcon_pkg']
[0.381s] colcon.colcon_core.package_identification Level 1 _identify(autoracer_hooke/vendor_ws/src/autoware/core/localization/autoware_twist2accel) by extension 'colcon_pkg'
[0.381s] colcon.colcon_core.package_identification Level 1 _identify(autoracer_hooke/vendor_ws/src/autoware/core/localization/autoware_twist2accel) by extensions ['colcon_meta']
[0.381s] colcon.colcon_core.package_identification Level 1 _identify(autoracer_hooke/vendor_ws/src/autoware/core/localization/autoware_twist2accel) by extension 'colcon_meta'
[0.381s] colcon.colcon_core.package_identification Level 1 _identify(autoracer_hooke/vendor_ws/src/autoware/core/localization/autoware_twist2accel) by extensions ['ros']
[0.381s] colcon.colcon_core.package_identification Level 1 _identify(autoracer_hooke/vendor_ws/src/autoware/core/localization/autoware_twist2accel) by extension 'ros'
[0.382s] colcon.colcon_core.package_identification DEBUG Package 'autoracer_hooke/vendor_ws/src/autoware/core/localization/autoware_twist2accel' with type 'ros.ament_cmake' and name 'autoware_twist2accel'
[0.382s] colcon.colcon_core.package_identification Level 1 _identify(autoracer_hooke/vendor_ws/src/autoware/core/map) by extensions ['ignore', 'ignore_ament_install']
[0.382s] colcon.colcon_core.package_identification Level 1 _identify(autoracer_hooke/vendor_ws/src/autoware/core/map) by extension 'ignore'
[0.382s] colcon.colcon_core.package_identification Level 1 _identify(autoracer_hooke/vendor_ws/src/autoware/core/map) by extension 'ignore_ament_install'
[0.382s] colcon.colcon_core.package_identification Level 1 _identify(autoracer_hooke/vendor_ws/src/autoware/core/map) by extensions ['colcon_pkg']
[0.382s] colcon.colcon_core.package_identification Level 1 _identify(autoracer_hooke/vendor_ws/src/autoware/core/map) by extension 'colcon_pkg'
[0.382s] colcon.colcon_core.package_identification Level 1 _identify(autoracer_hooke/vendor_ws/src/autoware/core/map) by extensions ['colcon_meta']
[0.382s] colcon.colcon_core.package_identification Level 1 _identify(autoracer_hooke/vendor_ws/src/autoware/core/map) by extension 'colcon_meta'
[0.382s] colcon.colcon_core.package_identification Level 1 _identify(autoracer_hooke/vendor_ws/src/autoware/core/map) by extensions ['ros']
[0.382s] colcon.colcon_core.package_identification Level 1 _identify(autoracer_hooke/vendor_ws/src/autoware/core/map) by extension 'ros'
[0.382s] colcon.colcon_core.package_identification Level 1 _identify(autoracer_hooke/vendor_ws/src/autoware/core/map) by extensions ['cmake', 'python']
[0.382s] colcon.colcon_core.package_identification Level 1 _identify(autoracer_hooke/vendor_ws/src/autoware/core/map) by extension 'cmake'
[0.382s] colcon.colcon_core.package_identification Level 1 _identify(autoracer_hooke/vendor_ws/src/autoware/core/map) by extension 'python'
[0.382s] colcon.colcon_core.package_identification Level 1 _identify(autoracer_hooke/vendor_ws/src/autoware/core/map) by extensions ['python_setup_py']
[0.382s] colcon.colcon_core.package_identification Level 1 _identify(autoracer_hooke/vendor_ws/src/autoware/core/map) by extension 'python_setup_py'
[0.382s] colcon.colcon_core.package_identification Level 1 _identify(autoracer_hooke/vendor_ws/src/autoware/core/map/autoware_map_height_fitter) by extensions ['ignore', 'ignore_ament_install']
[0.382s] colcon.colcon_core.package_identification Level 1 _identify(autoracer_hooke/vendor_ws/src/autoware/core/map/autoware_map_height_fitter) by extension 'ignore'
[0.382s] colcon.colcon_core.package_identification Level 1 _identify(autoracer_hooke/vendor_ws/src/autoware/core/map/autoware_map_height_fitter) by extension 'ignore_ament_install'
[0.382s] colcon.colcon_core.package_identification Level 1 _identify(autoracer_hooke/vendor_ws/src/autoware/core/map/autoware_map_height_fitter) by extensions ['colcon_pkg']
[0.382s] colcon.colcon_core.package_identification Level 1 _identify(autoracer_hooke/vendor_ws/src/autoware/core/map/autoware_map_height_fitter) by extension 'colcon_pkg'
[0.382s] colcon.colcon_core.package_identification Level 1 _identify(autoracer_hooke/vendor_ws/src/autoware/core/map/autoware_map_height_fitter) by extensions ['colcon_meta']
[0.382s] colcon.colcon_core.package_identification Level 1 _identify(autoracer_hooke/vendor_ws/src/autoware/core/map/autoware_map_height_fitter) by extension 'colcon_meta'
[0.382s] colcon.colcon_core.package_identification Level 1 _identify(autoracer_hooke/vendor_ws/src/autoware/core/map/autoware_map_height_fitter) by extensions ['ros']
[0.383s] colcon.colcon_core.package_identification Level 1 _identify(autoracer_hooke/vendor_ws/src/autoware/core/map/autoware_map_height_fitter) by extension 'ros'
[0.384s] colcon.colcon_core.package_identification DEBUG Package 'autoracer_hooke/vendor_ws/src/autoware/core/map/autoware_map_height_fitter' with type 'ros.ament_cmake' and name 'autoware_map_height_fitter'
[0.384s] colcon.colcon_core.package_identification Level 1 _identify(autoracer_hooke/vendor_ws/src/autoware/core/map/autoware_map_loader) by extensions ['ignore', 'ignore_ament_install']
[0.384s] colcon.colcon_core.package_identification Level 1 _identify(autoracer_hooke/vendor_ws/src/autoware/core/map/autoware_map_loader) by extension 'ignore'
[0.384s] colcon.colcon_core.package_identification Level 1 _identify(autoracer_hooke/vendor_ws/src/autoware/core/map/autoware_map_loader) by extension 'ignore_ament_install'
[0.384s] colcon.colcon_core.package_identification Level 1 _identify(autoracer_hooke/vendor_ws/src/autoware/core/map/autoware_map_loader) by extensions ['colcon_pkg']
[0.384s] colcon.colcon_core.package_identification Level 1 _identify(autoracer_hooke/vendor_ws/src/autoware/core/map/autoware_map_loader) by extension 'colcon_pkg'
[0.384s] colcon.colcon_core.package_identification Level 1 _identify(autoracer_hooke/vendor_ws/src/autoware/core/map/autoware_map_loader) by extensions ['colcon_meta']
[0.384s] colcon.colcon_core.package_identification Level 1 _identify(autoracer_hooke/vendor_ws/src/autoware/core/map/autoware_map_loader) by extension 'colcon_meta'
[0.384s] colcon.colcon_core.package_identification Level 1 _identify(autoracer_hooke/vendor_ws/src/autoware/core/map/autoware_map_loader) by extensions ['ros']
[0.384s] colcon.colcon_core.package_identification Level 1 _identify(autoracer_hooke/vendor_ws/src/autoware/core/map/autoware_map_loader) by extension 'ros'
[0.385s] colcon.colcon_core.package_identification DEBUG Package 'autoracer_hooke/vendor_ws/src/autoware/core/map/autoware_map_loader' with type 'ros.ament_cmake' and name 'autoware_map_loader'
[0.385s] colcon.colcon_core.package_identification Level 1 _identify(autoracer_hooke/vendor_ws/src/autoware/core/map/autoware_map_projection_loader) by extensions ['ignore', 'ignore_ament_install']
[0.385s] colcon.colcon_core.package_identification Level 1 _identify(autoracer_hooke/vendor_ws/src/autoware/core/map/autoware_map_projection_loader) by extension 'ignore'
[0.385s] colcon.colcon_core.package_identification Level 1 _identify(autoracer_hooke/vendor_ws/src/autoware/core/map/autoware_map_projection_loader) by extension 'ignore_ament_install'
[0.386s] colcon.colcon_core.package_identification Level 1 _identify(autoracer_hooke/vendor_ws/src/autoware/core/map/autoware_map_projection_loader) by extensions ['colcon_pkg']
[0.386s] colcon.colcon_core.package_identification Level 1 _identify(autoracer_hooke/vendor_ws/src/autoware/core/map/autoware_map_projection_loader) by extension 'colcon_pkg'
[0.386s] colcon.colcon_core.package_identification Level 1 _identify(autoracer_hooke/vendor_ws/src/autoware/core/map/autoware_map_projection_loader) by extensions ['colcon_meta']
[0.386s] colcon.colcon_core.package_identification Level 1 _identify(autoracer_hooke/vendor_ws/src/autoware/core/map/autoware_map_projection_loader) by extension 'colcon_meta'
[0.386s] colcon.colcon_core.package_identification Level 1 _identify(autoracer_hooke/vendor_ws/src/autoware/core/map/autoware_map_projection_loader) by extensions ['ros']
[0.386s] colcon.colcon_core.package_identification Level 1 _identify(autoracer_hooke/vendor_ws/src/autoware/core/map/autoware_map_projection_loader) by extension 'ros'
[0.386s] colcon.colcon_core.package_identification DEBUG Package 'autoracer_hooke/vendor_ws/src/autoware/core/map/autoware_map_projection_loader' with type 'ros.ament_cmake' and name 'autoware_map_projection_loader'
[0.387s] colcon.colcon_core.package_identification Level 1 _identify(autoracer_hooke/vendor_ws/src/autoware/core/sensing) by extensions ['ignore', 'ignore_ament_install']
[0.387s] colcon.colcon_core.package_identification Level 1 _identify(autoracer_hooke/vendor_ws/src/autoware/core/sensing) by extension 'ignore'
[0.387s] colcon.colcon_core.package_identification Level 1 _identify(autoracer_hooke/vendor_ws/src/autoware/core/sensing) by extension 'ignore_ament_install'
[0.387s] colcon.colcon_core.package_identification Level 1 _identify(autoracer_hooke/vendor_ws/src/autoware/core/sensing) by extensions ['colcon_pkg']
[0.387s] colcon.colcon_core.package_identification Level 1 _identify(autoracer_hooke/vendor_ws/src/autoware/core/sensing) by extension 'colcon_pkg'
[0.387s] colcon.colcon_core.package_identification Level 1 _identify(autoracer_hooke/vendor_ws/src/autoware/core/sensing) by extensions ['colcon_meta']
[0.387s] colcon.colcon_core.package_identification Level 1 _identify(autoracer_hooke/vendor_ws/src/autoware/core/sensing) by extension 'colcon_meta'
[0.387s] colcon.colcon_core.package_identification Level 1 _identify(autoracer_hooke/vendor_ws/src/autoware/core/sensing) by extensions ['ros']
[0.387s] colcon.colcon_core.package_identification Level 1 _identify(autoracer_hooke/vendor_ws/src/autoware/core/sensing) by extension 'ros'
[0.387s] colcon.colcon_core.package_identification Level 1 _identify(autoracer_hooke/vendor_ws/src/autoware/core/sensing) by extensions ['cmake', 'python']
[0.387s] colcon.colcon_core.package_identification Level 1 _identify(autoracer_hooke/vendor_ws/src/autoware/core/sensing) by extension 'cmake'
[0.387s] colcon.colcon_core.package_identification Level 1 _identify(autoracer_hooke/vendor_ws/src/autoware/core/sensing) by extension 'python'
[0.387s] colcon.colcon_core.package_identification Level 1 _identify(autoracer_hooke/vendor_ws/src/autoware/core/sensing) by extensions ['python_setup_py']
[0.387s] colcon.colcon_core.package_identification Level 1 _identify(autoracer_hooke/vendor_ws/src/autoware/core/sensing) by extension 'python_setup_py'
[0.387s] colcon.colcon_core.package_identification Level 1 _identify(autoracer_hooke/vendor_ws/src/autoware/core/sensing/autoware_crop_box_filter) by extensions ['ignore', 'ignore_ament_install']
[0.387s] colcon.colcon_core.package_identification Level 1 _identify(autoracer_hooke/vendor_ws/src/autoware/core/sensing/autoware_crop_box_filter) by extension 'ignore'
[0.387s] colcon.colcon_core.package_identification Level 1 _identify(autoracer_hooke/vendor_ws/src/autoware/core/sensing/autoware_crop_box_filter) by extension 'ignore_ament_install'
[0.387s] colcon.colcon_core.package_identification Level 1 _identify(autoracer_hooke/vendor_ws/src/autoware/core/sensing/autoware_crop_box_filter) by extensions ['colcon_pkg']
[0.387s] colcon.colcon_core.package_identification Level 1 _identify(autoracer_hooke/vendor_ws/src/autoware/core/sensing/autoware_crop_box_filter) by extension 'colcon_pkg'
[0.387s] colcon.colcon_core.package_identification Level 1 _identify(autoracer_hooke/vendor_ws/src/autoware/core/sensing/autoware_crop_box_filter) by extensions ['colcon_meta']
[0.387s] colcon.colcon_core.package_identification Level 1 _identify(autoracer_hooke/vendor_ws/src/autoware/core/sensing/autoware_crop_box_filter) by extension 'colcon_meta'
[0.387s] colcon.colcon_core.package_identification Level 1 _identify(autoracer_hooke/vendor_ws/src/autoware/core/sensing/autoware_crop_box_filter) by extensions ['ros']
[0.387s] colcon.colcon_core.package_identification Level 1 _identify(autoracer_hooke/vendor_ws/src/autoware/core/sensing/autoware_crop_box_filter) by extension 'ros'
[0.388s] colcon.colcon_core.package_identification DEBUG Package 'autoracer_hooke/vendor_ws/src/autoware/core/sensing/autoware_crop_box_filter' with type 'ros.ament_cmake' and name 'autoware_crop_box_filter'
[0.389s] colcon.colcon_core.package_identification Level 1 _identify(autoracer_hooke/vendor_ws/src/autoware/core/sensing/autoware_downsample_filters) by extensions ['ignore', 'ignore_ament_install']
[0.389s] colcon.colcon_core.package_identification Level 1 _identify(autoracer_hooke/vendor_ws/src/autoware/core/sensing/autoware_downsample_filters) by extension 'ignore'
[0.389s] colcon.colcon_core.package_identification Level 1 _identify(autoracer_hooke/vendor_ws/src/autoware/core/sensing/autoware_downsample_filters) by extension 'ignore_ament_install'
[0.389s] colcon.colcon_core.package_identification Level 1 _identify(autoracer_hooke/vendor_ws/src/autoware/core/sensing/autoware_downsample_filters) by extensions ['colcon_pkg']
[0.389s] colcon.colcon_core.package_identification Level 1 _identify(autoracer_hooke/vendor_ws/src/autoware/core/sensing/autoware_downsample_filters) by extension 'colcon_pkg'
[0.389s] colcon.colcon_core.package_identification Level 1 _identify(autoracer_hooke/vendor_ws/src/autoware/core/sensing/autoware_downsample_filters) by extensions ['colcon_meta']
[0.389s] colcon.colcon_core.package_identification Level 1 _identify(autoracer_hooke/vendor_ws/src/autoware/core/sensing/autoware_downsample_filters) by extension 'colcon_meta'
[0.389s] colcon.colcon_core.package_identification Level 1 _identify(autoracer_hooke/vendor_ws/src/autoware/core/sensing/autoware_downsample_filters) by extensions ['ros']
[0.389s] colcon.colcon_core.package_identification Level 1 _identify(autoracer_hooke/vendor_ws/src/autoware/core/sensing/autoware_downsample_filters) by extension 'ros'
[0.390s] colcon.colcon_core.package_identification DEBUG Package 'autoracer_hooke/vendor_ws/src/autoware/core/sensing/autoware_downsample_filters' with type 'ros.ament_cmake' and name 'autoware_downsample_filters'
[0.390s] colcon.colcon_core.package_identification Level 1 _identify(autoracer_hooke/vendor_ws/src/autoware/core/sensing/autoware_gnss_poser) by extensions ['ignore', 'ignore_ament_install']
[0.390s] colcon.colcon_core.package_identification Level 1 _identify(autoracer_hooke/vendor_ws/src/autoware/core/sensing/autoware_gnss_poser) by extension 'ignore'
[0.390s] colcon.colcon_core.package_identification Level 1 _identify(autoracer_hooke/vendor_ws/src/autoware/core/sensing/autoware_gnss_poser) by extension 'ignore_ament_install'
[0.390s] colcon.colcon_core.package_identification Level 1 _identify(autoracer_hooke/vendor_ws/src/autoware/core/sensing/autoware_gnss_poser) by extensions ['colcon_pkg']
[0.390s] colcon.colcon_core.package_identification Level 1 _identify(autoracer_hooke/vendor_ws/src/autoware/core/sensing/autoware_gnss_poser) by extension 'colcon_pkg'
[0.390s] colcon.colcon_core.package_identification Level 1 _identify(autoracer_hooke/vendor_ws/src/autoware/core/sensing/autoware_gnss_poser) by extensions ['colcon_meta']
[0.390s] colcon.colcon_core.package_identification Level 1 _identify(autoracer_hooke/vendor_ws/src/autoware/core/sensing/autoware_gnss_poser) by extension 'colcon_meta'
[0.390s] colcon.colcon_core.package_identification Level 1 _identify(autoracer_hooke/vendor_ws/src/autoware/core/sensing/autoware_gnss_poser) by extensions ['ros']
[0.390s] colcon.colcon_core.package_identification Level 1 _identify(autoracer_hooke/vendor_ws/src/autoware/core/sensing/autoware_gnss_poser) by extension 'ros'
[0.391s] colcon.colcon_core.package_identification DEBUG Package 'autoracer_hooke/vendor_ws/src/autoware/core/sensing/autoware_gnss_poser' with type 'ros.ament_cmake' and name 'autoware_gnss_poser'
[0.391s] colcon.colcon_core.package_identification Level 1 _identify(autoracer_hooke/vendor_ws/src/autoware/core/sensing/autoware_vehicle_velocity_converter) by extensions ['ignore', 'ignore_ament_install']
[0.391s] colcon.colcon_core.package_identification Level 1 _identify(autoracer_hooke/vendor_ws/src/autoware/core/sensing/autoware_vehicle_velocity_converter) by extension 'ignore'
[0.392s] colcon.colcon_core.package_identification Level 1 _identify(autoracer_hooke/vendor_ws/src/autoware/core/sensing/autoware_vehicle_velocity_converter) by extension 'ignore_ament_install'
[0.392s] colcon.colcon_core.package_identification Level 1 _identify(autoracer_hooke/vendor_ws/src/autoware/core/sensing/autoware_vehicle_velocity_converter) by extensions ['colcon_pkg']
[0.392s] colcon.colcon_core.package_identification Level 1 _identify(autoracer_hooke/vendor_ws/src/autoware/core/sensing/autoware_vehicle_velocity_converter) by extension 'colcon_pkg'
[0.392s] colcon.colcon_core.package_identification Level 1 _identify(autoracer_hooke/vendor_ws/src/autoware/core/sensing/autoware_vehicle_velocity_converter) by extensions ['colcon_meta']
[0.392s] colcon.colcon_core.package_identification Level 1 _identify(autoracer_hooke/vendor_ws/src/autoware/core/sensing/autoware_vehicle_velocity_converter) by extension 'colcon_meta'
[0.392s] colcon.colcon_core.package_identification Level 1 _identify(autoracer_hooke/vendor_ws/src/autoware/core/sensing/autoware_vehicle_velocity_converter) by extensions ['ros']
[0.392s] colcon.colcon_core.package_identification Level 1 _identify(autoracer_hooke/vendor_ws/src/autoware/core/sensing/autoware_vehicle_velocity_converter) by extension 'ros'
[0.392s] colcon.colcon_core.package_identification DEBUG Package 'autoracer_hooke/vendor_ws/src/autoware/core/sensing/autoware_vehicle_velocity_converter' with type 'ros.ament_cmake' and name 'autoware_vehicle_velocity_converter'
[0.392s] colcon.colcon_core.package_identification Level 1 _identify(autoracer_hooke/vendor_ws/src/autoware/launcher) by extensions ['ignore', 'ignore_ament_install']
[0.393s] colcon.colcon_core.package_identification Level 1 _identify(autoracer_hooke/vendor_ws/src/autoware/launcher) by extension 'ignore'
[0.393s] colcon.colcon_core.package_identification Level 1 _identify(autoracer_hooke/vendor_ws/src/autoware/launcher) by extension 'ignore_ament_install'
[0.393s] colcon.colcon_core.package_identification Level 1 _identify(autoracer_hooke/vendor_ws/src/autoware/launcher) by extensions ['colcon_pkg']
[0.393s] colcon.colcon_core.package_identification Level 1 _identify(autoracer_hooke/vendor_ws/src/autoware/launcher) by extension 'colcon_pkg'
[0.393s] colcon.colcon_core.package_identification Level 1 _identify(autoracer_hooke/vendor_ws/src/autoware/launcher) by extensions ['colcon_meta']
[0.393s] colcon.colcon_core.package_identification Level 1 _identify(autoracer_hooke/vendor_ws/src/autoware/launcher) by extension 'colcon_meta'
[0.393s] colcon.colcon_core.package_identification Level 1 _identify(autoracer_hooke/vendor_ws/src/autoware/launcher) by extensions ['ros']
[0.393s] colcon.colcon_core.package_identification Level 1 _identify(autoracer_hooke/vendor_ws/src/autoware/launcher) by extension 'ros'
[0.393s] colcon.colcon_core.package_identification Level 1 _identify(autoracer_hooke/vendor_ws/src/autoware/launcher) by extensions ['cmake', 'python']
[0.393s] colcon.colcon_core.package_identification Level 1 _identify(autoracer_hooke/vendor_ws/src/autoware/launcher) by extension 'cmake'
[0.393s] colcon.colcon_core.package_identification Level 1 _identify(autoracer_hooke/vendor_ws/src/autoware/launcher) by extension 'python'
[0.393s] colcon.colcon_core.package_identification Level 1 _identify(autoracer_hooke/vendor_ws/src/autoware/launcher) by extensions ['python_setup_py']
[0.393s] colcon.colcon_core.package_identification Level 1 _identify(autoracer_hooke/vendor_ws/src/autoware/launcher) by extension 'python_setup_py'
[0.393s] colcon.colcon_core.package_identification Level 1 _identify(autoracer_hooke/vendor_ws/src/autoware/launcher/tier4_universe_launch) by extensions ['ignore', 'ignore_ament_install']
[0.393s] colcon.colcon_core.package_identification Level 1 _identify(autoracer_hooke/vendor_ws/src/autoware/launcher/tier4_universe_launch) by extension 'ignore'
[0.393s] colcon.colcon_core.package_identification Level 1 _identify(autoracer_hooke/vendor_ws/src/autoware/launcher/tier4_universe_launch) by extension 'ignore_ament_install'
[0.393s] colcon.colcon_core.package_identification Level 1 _identify(autoracer_hooke/vendor_ws/src/autoware/launcher/tier4_universe_launch) by extensions ['colcon_pkg']
[0.393s] colcon.colcon_core.package_identification Level 1 _identify(autoracer_hooke/vendor_ws/src/autoware/launcher/tier4_universe_launch) by extension 'colcon_pkg'
[0.393s] colcon.colcon_core.package_identification Level 1 _identify(autoracer_hooke/vendor_ws/src/autoware/launcher/tier4_universe_launch) by extensions ['colcon_meta']
[0.393s] colcon.colcon_core.package_identification Level 1 _identify(autoracer_hooke/vendor_ws/src/autoware/launcher/tier4_universe_launch) by extension 'colcon_meta'
[0.393s] colcon.colcon_core.package_identification Level 1 _identify(autoracer_hooke/vendor_ws/src/autoware/launcher/tier4_universe_launch) by extensions ['ros']
[0.393s] colcon.colcon_core.package_identification Level 1 _identify(autoracer_hooke/vendor_ws/src/autoware/launcher/tier4_universe_launch) by extension 'ros'
[0.393s] colcon.colcon_core.package_identification Level 1 _identify(autoracer_hooke/vendor_ws/src/autoware/launcher/tier4_universe_launch) by extensions ['cmake', 'python']
[0.393s] colcon.colcon_core.package_identification Level 1 _identify(autoracer_hooke/vendor_ws/src/autoware/launcher/tier4_universe_launch) by extension 'cmake'
[0.393s] colcon.colcon_core.package_identification Level 1 _identify(autoracer_hooke/vendor_ws/src/autoware/launcher/tier4_universe_launch) by extension 'python'
[0.393s] colcon.colcon_core.package_identification Level 1 _identify(autoracer_hooke/vendor_ws/src/autoware/launcher/tier4_universe_launch) by extensions ['python_setup_py']
[0.393s] colcon.colcon_core.package_identification Level 1 _identify(autoracer_hooke/vendor_ws/src/autoware/launcher/tier4_universe_launch) by extension 'python_setup_py'
[0.393s] colcon.colcon_core.package_identification Level 1 _identify(autoracer_hooke/vendor_ws/src/autoware/launcher/tier4_universe_launch/tier4_localization_launch) by extensions ['ignore', 'ignore_ament_install']
[0.393s] colcon.colcon_core.package_identification Level 1 _identify(autoracer_hooke/vendor_ws/src/autoware/launcher/tier4_universe_launch/tier4_localization_launch) by extension 'ignore'
[0.393s] colcon.colcon_core.package_identification Level 1 _identify(autoracer_hooke/vendor_ws/src/autoware/launcher/tier4_universe_launch/tier4_localization_launch) by extension 'ignore_ament_install'
[0.393s] colcon.colcon_core.package_identification Level 1 _identify(autoracer_hooke/vendor_ws/src/autoware/launcher/tier4_universe_launch/tier4_localization_launch) by extensions ['colcon_pkg']
[0.394s] colcon.colcon_core.package_identification Level 1 _identify(autoracer_hooke/vendor_ws/src/autoware/launcher/tier4_universe_launch/tier4_localization_launch) by extension 'colcon_pkg'
[0.394s] colcon.colcon_core.package_identification Level 1 _identify(autoracer_hooke/vendor_ws/src/autoware/launcher/tier4_universe_launch/tier4_localization_launch) by extensions ['colcon_meta']
[0.394s] colcon.colcon_core.package_identification Level 1 _identify(autoracer_hooke/vendor_ws/src/autoware/launcher/tier4_universe_launch/tier4_localization_launch) by extension 'colcon_meta'
[0.394s] colcon.colcon_core.package_identification Level 1 _identify(autoracer_hooke/vendor_ws/src/autoware/launcher/tier4_universe_launch/tier4_localization_launch) by extensions ['ros']
[0.394s] colcon.colcon_core.package_identification Level 1 _identify(autoracer_hooke/vendor_ws/src/autoware/launcher/tier4_universe_launch/tier4_localization_launch) by extension 'ros'
[0.394s] colcon.colcon_core.package_identification DEBUG Package 'autoracer_hooke/vendor_ws/src/autoware/launcher/tier4_universe_launch/tier4_localization_launch' with type 'ros.ament_cmake' and name 'tier4_localization_launch'
[0.394s] colcon.colcon_core.package_identification Level 1 _identify(autoracer_hooke/vendor_ws/src/autoware/managed_transform_buffer) by extensions ['ignore', 'ignore_ament_install']
[0.394s] colcon.colcon_core.package_identification Level 1 _identify(autoracer_hooke/vendor_ws/src/autoware/managed_transform_buffer) by extension 'ignore'
[0.395s] colcon.colcon_core.package_identification Level 1 _identify(autoracer_hooke/vendor_ws/src/autoware/managed_transform_buffer) by extension 'ignore_ament_install'
[0.395s] colcon.colcon_core.package_identification Level 1 _identify(autoracer_hooke/vendor_ws/src/autoware/managed_transform_buffer) by extensions ['colcon_pkg']
[0.395s] colcon.colcon_core.package_identification Level 1 _identify(autoracer_hooke/vendor_ws/src/autoware/managed_transform_buffer) by extension 'colcon_pkg'
[0.395s] colcon.colcon_core.package_identification Level 1 _identify(autoracer_hooke/vendor_ws/src/autoware/managed_transform_buffer) by extensions ['colcon_meta']
[0.395s] colcon.colcon_core.package_identification Level 1 _identify(autoracer_hooke/vendor_ws/src/autoware/managed_transform_buffer) by extension 'colcon_meta'
[0.395s] colcon.colcon_core.package_identification Level 1 _identify(autoracer_hooke/vendor_ws/src/autoware/managed_transform_buffer) by extensions ['ros']
[0.395s] colcon.colcon_core.package_identification Level 1 _identify(autoracer_hooke/vendor_ws/src/autoware/managed_transform_buffer) by extension 'ros'
[0.395s] colcon.colcon_core.package_identification Level 1 _identify(autoracer_hooke/vendor_ws/src/autoware/managed_transform_buffer) by extensions ['cmake', 'python']
[0.395s] colcon.colcon_core.package_identification Level 1 _identify(autoracer_hooke/vendor_ws/src/autoware/managed_transform_buffer) by extension 'cmake'
[0.395s] colcon.colcon_core.package_identification Level 1 _identify(autoracer_hooke/vendor_ws/src/autoware/managed_transform_buffer) by extension 'python'
[0.395s] colcon.colcon_core.package_identification Level 1 _identify(autoracer_hooke/vendor_ws/src/autoware/managed_transform_buffer) by extensions ['python_setup_py']
[0.395s] colcon.colcon_core.package_identification Level 1 _identify(autoracer_hooke/vendor_ws/src/autoware/managed_transform_buffer) by extension 'python_setup_py'
[0.395s] colcon.colcon_core.package_identification Level 1 _identify(autoracer_hooke/vendor_ws/src/autoware/managed_transform_buffer/managed_transform_buffer) by extensions ['ignore', 'ignore_ament_install']
[0.395s] colcon.colcon_core.package_identification Level 1 _identify(autoracer_hooke/vendor_ws/src/autoware/managed_transform_buffer/managed_transform_buffer) by extension 'ignore'
[0.395s] colcon.colcon_core.package_identification Level 1 _identify(autoracer_hooke/vendor_ws/src/autoware/managed_transform_buffer/managed_transform_buffer) by extension 'ignore_ament_install'
[0.395s] colcon.colcon_core.package_identification Level 1 _identify(autoracer_hooke/vendor_ws/src/autoware/managed_transform_buffer/managed_transform_buffer) by extensions ['colcon_pkg']
[0.395s] colcon.colcon_core.package_identification Level 1 _identify(autoracer_hooke/vendor_ws/src/autoware/managed_transform_buffer/managed_transform_buffer) by extension 'colcon_pkg'
[0.395s] colcon.colcon_core.package_identification Level 1 _identify(autoracer_hooke/vendor_ws/src/autoware/managed_transform_buffer/managed_transform_buffer) by extensions ['colcon_meta']
[0.395s] colcon.colcon_core.package_identification Level 1 _identify(autoracer_hooke/vendor_ws/src/autoware/managed_transform_buffer/managed_transform_buffer) by extension 'colcon_meta'
[0.395s] colcon.colcon_core.package_identification Level 1 _identify(autoracer_hooke/vendor_ws/src/autoware/managed_transform_buffer/managed_transform_buffer) by extensions ['ros']
[0.395s] colcon.colcon_core.package_identification Level 1 _identify(autoracer_hooke/vendor_ws/src/autoware/managed_transform_buffer/managed_transform_buffer) by extension 'ros'
[0.396s] colcon.colcon_core.package_identification DEBUG Package 'autoracer_hooke/vendor_ws/src/autoware/managed_transform_buffer/managed_transform_buffer' with type 'ros.ament_cmake' and name 'managed_transform_buffer'
[0.396s] colcon.colcon_core.package_identification Level 1 _identify(autoracer_hooke/vendor_ws/src/autoware/tier4_autoware_msgs) by extensions ['ignore', 'ignore_ament_install']
[0.396s] colcon.colcon_core.package_identification Level 1 _identify(autoracer_hooke/vendor_ws/src/autoware/tier4_autoware_msgs) by extension 'ignore'
[0.396s] colcon.colcon_core.package_identification Level 1 _identify(autoracer_hooke/vendor_ws/src/autoware/tier4_autoware_msgs) by extension 'ignore_ament_install'
[0.396s] colcon.colcon_core.package_identification Level 1 _identify(autoracer_hooke/vendor_ws/src/autoware/tier4_autoware_msgs) by extensions ['colcon_pkg']
[0.396s] colcon.colcon_core.package_identification Level 1 _identify(autoracer_hooke/vendor_ws/src/autoware/tier4_autoware_msgs) by extension 'colcon_pkg'
[0.396s] colcon.colcon_core.package_identification Level 1 _identify(autoracer_hooke/vendor_ws/src/autoware/tier4_autoware_msgs) by extensions ['colcon_meta']
[0.396s] colcon.colcon_core.package_identification Level 1 _identify(autoracer_hooke/vendor_ws/src/autoware/tier4_autoware_msgs) by extension 'colcon_meta'
[0.396s] colcon.colcon_core.package_identification Level 1 _identify(autoracer_hooke/vendor_ws/src/autoware/tier4_autoware_msgs) by extensions ['ros']
[0.397s] colcon.colcon_core.package_identification Level 1 _identify(autoracer_hooke/vendor_ws/src/autoware/tier4_autoware_msgs) by extension 'ros'
[0.397s] colcon.colcon_core.package_identification Level 1 _identify(autoracer_hooke/vendor_ws/src/autoware/tier4_autoware_msgs) by extensions ['cmake', 'python']
[0.397s] colcon.colcon_core.package_identification Level 1 _identify(autoracer_hooke/vendor_ws/src/autoware/tier4_autoware_msgs) by extension 'cmake'
[0.397s] colcon.colcon_core.package_identification Level 1 _identify(autoracer_hooke/vendor_ws/src/autoware/tier4_autoware_msgs) by extension 'python'
[0.397s] colcon.colcon_core.package_identification Level 1 _identify(autoracer_hooke/vendor_ws/src/autoware/tier4_autoware_msgs) by extensions ['python_setup_py']
[0.397s] colcon.colcon_core.package_identification Level 1 _identify(autoracer_hooke/vendor_ws/src/autoware/tier4_autoware_msgs) by extension 'python_setup_py'
[0.397s] colcon.colcon_core.package_identification Level 1 _identify(autoracer_hooke/vendor_ws/src/autoware/tier4_autoware_msgs/tier4_api_msgs) by extensions ['ignore', 'ignore_ament_install']
[0.397s] colcon.colcon_core.package_identification Level 1 _identify(autoracer_hooke/vendor_ws/src/autoware/tier4_autoware_msgs/tier4_api_msgs) by extension 'ignore'
[0.397s] colcon.colcon_core.package_identification Level 1 _identify(autoracer_hooke/vendor_ws/src/autoware/tier4_autoware_msgs/tier4_api_msgs) by extension 'ignore_ament_install'
[0.397s] colcon.colcon_core.package_identification Level 1 _identify(autoracer_hooke/vendor_ws/src/autoware/tier4_autoware_msgs/tier4_api_msgs) by extensions ['colcon_pkg']
[0.397s] colcon.colcon_core.package_identification Level 1 _identify(autoracer_hooke/vendor_ws/src/autoware/tier4_autoware_msgs/tier4_api_msgs) by extension 'colcon_pkg'
[0.397s] colcon.colcon_core.package_identification Level 1 _identify(autoracer_hooke/vendor_ws/src/autoware/tier4_autoware_msgs/tier4_api_msgs) by extensions ['colcon_meta']
[0.397s] colcon.colcon_core.package_identification Level 1 _identify(autoracer_hooke/vendor_ws/src/autoware/tier4_autoware_msgs/tier4_api_msgs) by extension 'colcon_meta'
[0.397s] colcon.colcon_core.package_identification Level 1 _identify(autoracer_hooke/vendor_ws/src/autoware/tier4_autoware_msgs/tier4_api_msgs) by extensions ['ros']
[0.397s] colcon.colcon_core.package_identification Level 1 _identify(autoracer_hooke/vendor_ws/src/autoware/tier4_autoware_msgs/tier4_api_msgs) by extension 'ros'
[0.398s] colcon.colcon_core.package_identification DEBUG Package 'autoracer_hooke/vendor_ws/src/autoware/tier4_autoware_msgs/tier4_api_msgs' with type 'ros.ament_cmake' and name 'tier4_api_msgs'
[0.398s] colcon.colcon_core.package_identification Level 1 _identify(autoracer_hooke/vendor_ws/src/autoware/tier4_autoware_msgs/tier4_control_msgs) by extensions ['ignore', 'ignore_ament_install']
[0.398s] colcon.colcon_core.package_identification Level 1 _identify(autoracer_hooke/vendor_ws/src/autoware/tier4_autoware_msgs/tier4_control_msgs) by extension 'ignore'
[0.398s] colcon.colcon_core.package_identification Level 1 _identify(autoracer_hooke/vendor_ws/src/autoware/tier4_autoware_msgs/tier4_control_msgs) by extension 'ignore_ament_install'
[0.398s] colcon.colcon_core.package_identification Level 1 _identify(autoracer_hooke/vendor_ws/src/autoware/tier4_autoware_msgs/tier4_control_msgs) by extensions ['colcon_pkg']
[0.398s] colcon.colcon_core.package_identification Level 1 _identify(autoracer_hooke/vendor_ws/src/autoware/tier4_autoware_msgs/tier4_control_msgs) by extension 'colcon_pkg'
[0.398s] colcon.colcon_core.package_identification Level 1 _identify(autoracer_hooke/vendor_ws/src/autoware/tier4_autoware_msgs/tier4_control_msgs) by extensions ['colcon_meta']
[0.398s] colcon.colcon_core.package_identification Level 1 _identify(autoracer_hooke/vendor_ws/src/autoware/tier4_autoware_msgs/tier4_control_msgs) by extension 'colcon_meta'
[0.398s] colcon.colcon_core.package_identification Level 1 _identify(autoracer_hooke/vendor_ws/src/autoware/tier4_autoware_msgs/tier4_control_msgs) by extensions ['ros']
[0.398s] colcon.colcon_core.package_identification Level 1 _identify(autoracer_hooke/vendor_ws/src/autoware/tier4_autoware_msgs/tier4_control_msgs) by extension 'ros'
[0.399s] colcon.colcon_core.package_identification DEBUG Package 'autoracer_hooke/vendor_ws/src/autoware/tier4_autoware_msgs/tier4_control_msgs' with type 'ros.ament_cmake' and name 'tier4_control_msgs'
[0.399s] colcon.colcon_core.package_identification Level 1 _identify(autoracer_hooke/vendor_ws/src/autoware/tier4_autoware_msgs/tier4_debug_msgs) by extensions ['ignore', 'ignore_ament_install']
[0.399s] colcon.colcon_core.package_identification Level 1 _identify(autoracer_hooke/vendor_ws/src/autoware/tier4_autoware_msgs/tier4_debug_msgs) by extension 'ignore'
[0.399s] colcon.colcon_core.package_identification Level 1 _identify(autoracer_hooke/vendor_ws/src/autoware/tier4_autoware_msgs/tier4_debug_msgs) by extension 'ignore_ament_install'
[0.399s] colcon.colcon_core.package_identification Level 1 _identify(autoracer_hooke/vendor_ws/src/autoware/tier4_autoware_msgs/tier4_debug_msgs) by extensions ['colcon_pkg']
[0.399s] colcon.colcon_core.package_identification Level 1 _identify(autoracer_hooke/vendor_ws/src/autoware/tier4_autoware_msgs/tier4_debug_msgs) by extension 'colcon_pkg'
[0.399s] colcon.colcon_core.package_identification Level 1 _identify(autoracer_hooke/vendor_ws/src/autoware/tier4_autoware_msgs/tier4_debug_msgs) by extensions ['colcon_meta']
[0.399s] colcon.colcon_core.package_identification Level 1 _identify(autoracer_hooke/vendor_ws/src/autoware/tier4_autoware_msgs/tier4_debug_msgs) by extension 'colcon_meta'
[0.399s] colcon.colcon_core.package_identification Level 1 _identify(autoracer_hooke/vendor_ws/src/autoware/tier4_autoware_msgs/tier4_debug_msgs) by extensions ['ros']
[0.399s] colcon.colcon_core.package_identification Level 1 _identify(autoracer_hooke/vendor_ws/src/autoware/tier4_autoware_msgs/tier4_debug_msgs) by extension 'ros'
[0.399s] colcon.colcon_core.package_identification DEBUG Package 'autoracer_hooke/vendor_ws/src/autoware/tier4_autoware_msgs/tier4_debug_msgs' with type 'ros.ament_cmake' and name 'tier4_debug_msgs'
[0.400s] colcon.colcon_core.package_identification Level 1 _identify(autoracer_hooke/vendor_ws/src/autoware/tier4_autoware_msgs/tier4_external_api_msgs) by extensions ['ignore', 'ignore_ament_install']
[0.400s] colcon.colcon_core.package_identification Level 1 _identify(autoracer_hooke/vendor_ws/src/autoware/tier4_autoware_msgs/tier4_external_api_msgs) by extension 'ignore'
[0.400s] colcon.colcon_core.package_identification Level 1 _identify(autoracer_hooke/vendor_ws/src/autoware/tier4_autoware_msgs/tier4_external_api_msgs) by extension 'ignore_ament_install'
[0.400s] colcon.colcon_core.package_identification Level 1 _identify(autoracer_hooke/vendor_ws/src/autoware/tier4_autoware_msgs/tier4_external_api_msgs) by extensions ['colcon_pkg']
[0.400s] colcon.colcon_core.package_identification Level 1 _identify(autoracer_hooke/vendor_ws/src/autoware/tier4_autoware_msgs/tier4_external_api_msgs) by extension 'colcon_pkg'
[0.400s] colcon.colcon_core.package_identification Level 1 _identify(autoracer_hooke/vendor_ws/src/autoware/tier4_autoware_msgs/tier4_external_api_msgs) by extensions ['colcon_meta']
[0.400s] colcon.colcon_core.package_identification Level 1 _identify(autoracer_hooke/vendor_ws/src/autoware/tier4_autoware_msgs/tier4_external_api_msgs) by extension 'colcon_meta'
[0.400s] colcon.colcon_core.package_identification Level 1 _identify(autoracer_hooke/vendor_ws/src/autoware/tier4_autoware_msgs/tier4_external_api_msgs) by extensions ['ros']
[0.400s] colcon.colcon_core.package_identification Level 1 _identify(autoracer_hooke/vendor_ws/src/autoware/tier4_autoware_msgs/tier4_external_api_msgs) by extension 'ros'
[0.400s] colcon.colcon_core.package_identification DEBUG Package 'autoracer_hooke/vendor_ws/src/autoware/tier4_autoware_msgs/tier4_external_api_msgs' with type 'ros.ament_cmake' and name 'tier4_external_api_msgs'
[0.401s] colcon.colcon_core.package_identification Level 1 _identify(autoracer_hooke/vendor_ws/src/autoware/tier4_autoware_msgs/tier4_planning_msgs) by extensions ['ignore', 'ignore_ament_install']
[0.401s] colcon.colcon_core.package_identification Level 1 _identify(autoracer_hooke/vendor_ws/src/autoware/tier4_autoware_msgs/tier4_planning_msgs) by extension 'ignore'
[0.401s] colcon.colcon_core.package_identification Level 1 _identify(autoracer_hooke/vendor_ws/src/autoware/tier4_autoware_msgs/tier4_planning_msgs) by extension 'ignore_ament_install'
[0.401s] colcon.colcon_core.package_identification Level 1 _identify(autoracer_hooke/vendor_ws/src/autoware/tier4_autoware_msgs/tier4_planning_msgs) by extensions ['colcon_pkg']
[0.401s] colcon.colcon_core.package_identification Level 1 _identify(autoracer_hooke/vendor_ws/src/autoware/tier4_autoware_msgs/tier4_planning_msgs) by extension 'colcon_pkg'
[0.401s] colcon.colcon_core.package_identification Level 1 _identify(autoracer_hooke/vendor_ws/src/autoware/tier4_autoware_msgs/tier4_planning_msgs) by extensions ['colcon_meta']
[0.401s] colcon.colcon_core.package_identification Level 1 _identify(autoracer_hooke/vendor_ws/src/autoware/tier4_autoware_msgs/tier4_planning_msgs) by extension 'colcon_meta'
[0.401s] colcon.colcon_core.package_identification Level 1 _identify(autoracer_hooke/vendor_ws/src/autoware/tier4_autoware_msgs/tier4_planning_msgs) by extensions ['ros']
[0.401s] colcon.colcon_core.package_identification Level 1 _identify(autoracer_hooke/vendor_ws/src/autoware/tier4_autoware_msgs/tier4_planning_msgs) by extension 'ros'
[0.402s] colcon.colcon_core.package_identification DEBUG Package 'autoracer_hooke/vendor_ws/src/autoware/tier4_autoware_msgs/tier4_planning_msgs' with type 'ros.ament_cmake' and name 'tier4_planning_msgs'
[0.402s] colcon.colcon_core.package_identification Level 1 _identify(autoracer_hooke/vendor_ws/src/autoware/tier4_autoware_msgs/tier4_system_msgs) by extensions ['ignore', 'ignore_ament_install']
[0.402s] colcon.colcon_core.package_identification Level 1 _identify(autoracer_hooke/vendor_ws/src/autoware/tier4_autoware_msgs/tier4_system_msgs) by extension 'ignore'
[0.402s] colcon.colcon_core.package_identification Level 1 _identify(autoracer_hooke/vendor_ws/src/autoware/tier4_autoware_msgs/tier4_system_msgs) by extension 'ignore_ament_install'
[0.402s] colcon.colcon_core.package_identification Level 1 _identify(autoracer_hooke/vendor_ws/src/autoware/tier4_autoware_msgs/tier4_system_msgs) by extensions ['colcon_pkg']
[0.402s] colcon.colcon_core.package_identification Level 1 _identify(autoracer_hooke/vendor_ws/src/autoware/tier4_autoware_msgs/tier4_system_msgs) by extension 'colcon_pkg'
[0.402s] colcon.colcon_core.package_identification Level 1 _identify(autoracer_hooke/vendor_ws/src/autoware/tier4_autoware_msgs/tier4_system_msgs) by extensions ['colcon_meta']
[0.402s] colcon.colcon_core.package_identification Level 1 _identify(autoracer_hooke/vendor_ws/src/autoware/tier4_autoware_msgs/tier4_system_msgs) by extension 'colcon_meta'
[0.402s] colcon.colcon_core.package_identification Level 1 _identify(autoracer_hooke/vendor_ws/src/autoware/tier4_autoware_msgs/tier4_system_msgs) by extensions ['ros']
[0.402s] colcon.colcon_core.package_identification Level 1 _identify(autoracer_hooke/vendor_ws/src/autoware/tier4_autoware_msgs/tier4_system_msgs) by extension 'ros'
[0.403s] colcon.colcon_core.package_identification DEBUG Package 'autoracer_hooke/vendor_ws/src/autoware/tier4_autoware_msgs/tier4_system_msgs' with type 'ros.ament_cmake' and name 'tier4_system_msgs'
[0.403s] colcon.colcon_core.package_identification Level 1 _identify(autoracer_hooke/vendor_ws/src/autoware/tier4_autoware_msgs/tier4_vehicle_msgs) by extensions ['ignore', 'ignore_ament_install']
[0.403s] colcon.colcon_core.package_identification Level 1 _identify(autoracer_hooke/vendor_ws/src/autoware/tier4_autoware_msgs/tier4_vehicle_msgs) by extension 'ignore'
[0.403s] colcon.colcon_core.package_identification Level 1 _identify(autoracer_hooke/vendor_ws/src/autoware/tier4_autoware_msgs/tier4_vehicle_msgs) by extension 'ignore_ament_install'
[0.403s] colcon.colcon_core.package_identification Level 1 _identify(autoracer_hooke/vendor_ws/src/autoware/tier4_autoware_msgs/tier4_vehicle_msgs) by extensions ['colcon_pkg']
[0.403s] colcon.colcon_core.package_identification Level 1 _identify(autoracer_hooke/vendor_ws/src/autoware/tier4_autoware_msgs/tier4_vehicle_msgs) by extension 'colcon_pkg'
[0.403s] colcon.colcon_core.package_identification Level 1 _identify(autoracer_hooke/vendor_ws/src/autoware/tier4_autoware_msgs/tier4_vehicle_msgs) by extensions ['colcon_meta']
[0.403s] colcon.colcon_core.package_identification Level 1 _identify(autoracer_hooke/vendor_ws/src/autoware/tier4_autoware_msgs/tier4_vehicle_msgs) by extension 'colcon_meta'
[0.403s] colcon.colcon_core.package_identification Level 1 _identify(autoracer_hooke/vendor_ws/src/autoware/tier4_autoware_msgs/tier4_vehicle_msgs) by extensions ['ros']
[0.403s] colcon.colcon_core.package_identification Level 1 _identify(autoracer_hooke/vendor_ws/src/autoware/tier4_autoware_msgs/tier4_vehicle_msgs) by extension 'ros'
[0.404s] colcon.colcon_core.package_identification DEBUG Package 'autoracer_hooke/vendor_ws/src/autoware/tier4_autoware_msgs/tier4_vehicle_msgs' with type 'ros.ament_cmake' and name 'tier4_vehicle_msgs'
[0.404s] colcon.colcon_core.package_identification Level 1 _identify(autoracer_hooke/vendor_ws/src/autoware/universe) by extensions ['ignore', 'ignore_ament_install']
[0.404s] colcon.colcon_core.package_identification Level 1 _identify(autoracer_hooke/vendor_ws/src/autoware/universe) by extension 'ignore'
[0.404s] colcon.colcon_core.package_identification Level 1 _identify(autoracer_hooke/vendor_ws/src/autoware/universe) by extension 'ignore_ament_install'
[0.404s] colcon.colcon_core.package_identification Level 1 _identify(autoracer_hooke/vendor_ws/src/autoware/universe) by extensions ['colcon_pkg']
[0.404s] colcon.colcon_core.package_identification Level 1 _identify(autoracer_hooke/vendor_ws/src/autoware/universe) by extension 'colcon_pkg'
[0.404s] colcon.colcon_core.package_identification Level 1 _identify(autoracer_hooke/vendor_ws/src/autoware/universe) by extensions ['colcon_meta']
[0.404s] colcon.colcon_core.package_identification Level 1 _identify(autoracer_hooke/vendor_ws/src/autoware/universe) by extension 'colcon_meta'
[0.404s] colcon.colcon_core.package_identification Level 1 _identify(autoracer_hooke/vendor_ws/src/autoware/universe) by extensions ['ros']
[0.404s] colcon.colcon_core.package_identification Level 1 _identify(autoracer_hooke/vendor_ws/src/autoware/universe) by extension 'ros'
[0.404s] colcon.colcon_core.package_identification Level 1 _identify(autoracer_hooke/vendor_ws/src/autoware/universe) by extensions ['cmake', 'python']
[0.404s] colcon.colcon_core.package_identification Level 1 _identify(autoracer_hooke/vendor_ws/src/autoware/universe) by extension 'cmake'
[0.404s] colcon.colcon_core.package_identification Level 1 _identify(autoracer_hooke/vendor_ws/src/autoware/universe) by extension 'python'
[0.404s] colcon.colcon_core.package_identification Level 1 _identify(autoracer_hooke/vendor_ws/src/autoware/universe) by extensions ['python_setup_py']
[0.404s] colcon.colcon_core.package_identification Level 1 _identify(autoracer_hooke/vendor_ws/src/autoware/universe) by extension 'python_setup_py'
[0.404s] colcon.colcon_core.package_identification Level 1 _identify(autoracer_hooke/vendor_ws/src/autoware/universe/common) by extensions ['ignore', 'ignore_ament_install']
[0.404s] colcon.colcon_core.package_identification Level 1 _identify(autoracer_hooke/vendor_ws/src/autoware/universe/common) by extension 'ignore'
[0.404s] colcon.colcon_core.package_identification Level 1 _identify(autoracer_hooke/vendor_ws/src/autoware/universe/common) by extension 'ignore_ament_install'
[0.404s] colcon.colcon_core.package_identification Level 1 _identify(autoracer_hooke/vendor_ws/src/autoware/universe/common) by extensions ['colcon_pkg']
[0.404s] colcon.colcon_core.package_identification Level 1 _identify(autoracer_hooke/vendor_ws/src/autoware/universe/common) by extension 'colcon_pkg'
[0.404s] colcon.colcon_core.package_identification Level 1 _identify(autoracer_hooke/vendor_ws/src/autoware/universe/common) by extensions ['colcon_meta']
[0.404s] colcon.colcon_core.package_identification Level 1 _identify(autoracer_hooke/vendor_ws/src/autoware/universe/common) by extension 'colcon_meta'
[0.404s] colcon.colcon_core.package_identification Level 1 _identify(autoracer_hooke/vendor_ws/src/autoware/universe/common) by extensions ['ros']
[0.404s] colcon.colcon_core.package_identification Level 1 _identify(autoracer_hooke/vendor_ws/src/autoware/universe/common) by extension 'ros'
[0.404s] colcon.colcon_core.package_identification Level 1 _identify(autoracer_hooke/vendor_ws/src/autoware/universe/common) by extensions ['cmake', 'python']
[0.404s] colcon.colcon_core.package_identification Level 1 _identify(autoracer_hooke/vendor_ws/src/autoware/universe/common) by extension 'cmake'
[0.405s] colcon.colcon_core.package_identification Level 1 _identify(autoracer_hooke/vendor_ws/src/autoware/universe/common) by extension 'python'
[0.405s] colcon.colcon_core.package_identification Level 1 _identify(autoracer_hooke/vendor_ws/src/autoware/universe/common) by extensions ['python_setup_py']
[0.405s] colcon.colcon_core.package_identification Level 1 _identify(autoracer_hooke/vendor_ws/src/autoware/universe/common) by extension 'python_setup_py'
[0.405s] colcon.colcon_core.package_identification Level 1 _identify(autoracer_hooke/vendor_ws/src/autoware/universe/common/autoware_component_interface_specs_universe) by extensions ['ignore', 'ignore_ament_install']
[0.405s] colcon.colcon_core.package_identification Level 1 _identify(autoracer_hooke/vendor_ws/src/autoware/universe/common/autoware_component_interface_specs_universe) by extension 'ignore'
[0.405s] colcon.colcon_core.package_identification Level 1 _identify(autoracer_hooke/vendor_ws/src/autoware/universe/common/autoware_component_interface_specs_universe) by extension 'ignore_ament_install'
[0.405s] colcon.colcon_core.package_identification Level 1 _identify(autoracer_hooke/vendor_ws/src/autoware/universe/common/autoware_component_interface_specs_universe) by extensions ['colcon_pkg']
[0.405s] colcon.colcon_core.package_identification Level 1 _identify(autoracer_hooke/vendor_ws/src/autoware/universe/common/autoware_component_interface_specs_universe) by extension 'colcon_pkg'
[0.405s] colcon.colcon_core.package_identification Level 1 _identify(autoracer_hooke/vendor_ws/src/autoware/universe/common/autoware_component_interface_specs_universe) by extensions ['colcon_meta']
[0.405s] colcon.colcon_core.package_identification Level 1 _identify(autoracer_hooke/vendor_ws/src/autoware/universe/common/autoware_component_interface_specs_universe) by extension 'colcon_meta'
[0.405s] colcon.colcon_core.package_identification Level 1 _identify(autoracer_hooke/vendor_ws/src/autoware/universe/common/autoware_component_interface_specs_universe) by extensions ['ros']
[0.405s] colcon.colcon_core.package_identification Level 1 _identify(autoracer_hooke/vendor_ws/src/autoware/universe/common/autoware_component_interface_specs_universe) by extension 'ros'
[0.406s] colcon.colcon_core.package_identification DEBUG Package 'autoracer_hooke/vendor_ws/src/autoware/universe/common/autoware_component_interface_specs_universe' with type 'ros.ament_cmake' and name 'autoware_component_interface_specs_universe'
[0.406s] colcon.colcon_core.package_identification Level 1 _identify(autoracer_hooke/vendor_ws/src/autoware/universe/common/autoware_component_interface_utils) by extensions ['ignore', 'ignore_ament_install']
[0.406s] colcon.colcon_core.package_identification Level 1 _identify(autoracer_hooke/vendor_ws/src/autoware/universe/common/autoware_component_interface_utils) by extension 'ignore'
[0.406s] colcon.colcon_core.package_identification Level 1 _identify(autoracer_hooke/vendor_ws/src/autoware/universe/common/autoware_component_interface_utils) by extension 'ignore_ament_install'
[0.406s] colcon.colcon_core.package_identification Level 1 _identify(autoracer_hooke/vendor_ws/src/autoware/universe/common/autoware_component_interface_utils) by extensions ['colcon_pkg']
[0.406s] colcon.colcon_core.package_identification Level 1 _identify(autoracer_hooke/vendor_ws/src/autoware/universe/common/autoware_component_interface_utils) by extension 'colcon_pkg'
[0.406s] colcon.colcon_core.package_identification Level 1 _identify(autoracer_hooke/vendor_ws/src/autoware/universe/common/autoware_component_interface_utils) by extensions ['colcon_meta']
[0.406s] colcon.colcon_core.package_identification Level 1 _identify(autoracer_hooke/vendor_ws/src/autoware/universe/common/autoware_component_interface_utils) by extension 'colcon_meta'
[0.406s] colcon.colcon_core.package_identification Level 1 _identify(autoracer_hooke/vendor_ws/src/autoware/universe/common/autoware_component_interface_utils) by extensions ['ros']
[0.406s] colcon.colcon_core.package_identification Level 1 _identify(autoracer_hooke/vendor_ws/src/autoware/universe/common/autoware_component_interface_utils) by extension 'ros'
[0.407s] colcon.colcon_core.package_identification DEBUG Package 'autoracer_hooke/vendor_ws/src/autoware/universe/common/autoware_component_interface_utils' with type 'ros.ament_cmake' and name 'autoware_component_interface_utils'
[0.407s] colcon.colcon_core.package_identification Level 1 _identify(autoracer_hooke/vendor_ws/src/autoware/universe/common/tier4_api_utils) by extensions ['ignore', 'ignore_ament_install']
[0.407s] colcon.colcon_core.package_identification Level 1 _identify(autoracer_hooke/vendor_ws/src/autoware/universe/common/tier4_api_utils) by extension 'ignore'
[0.407s] colcon.colcon_core.package_identification Level 1 _identify(autoracer_hooke/vendor_ws/src/autoware/universe/common/tier4_api_utils) by extension 'ignore_ament_install'
[0.407s] colcon.colcon_core.package_identification Level 1 _identify(autoracer_hooke/vendor_ws/src/autoware/universe/common/tier4_api_utils) by extensions ['colcon_pkg']
[0.407s] colcon.colcon_core.package_identification Level 1 _identify(autoracer_hooke/vendor_ws/src/autoware/universe/common/tier4_api_utils) by extension 'colcon_pkg'
[0.407s] colcon.colcon_core.package_identification Level 1 _identify(autoracer_hooke/vendor_ws/src/autoware/universe/common/tier4_api_utils) by extensions ['colcon_meta']
[0.407s] colcon.colcon_core.package_identification Level 1 _identify(autoracer_hooke/vendor_ws/src/autoware/universe/common/tier4_api_utils) by extension 'colcon_meta'
[0.407s] colcon.colcon_core.package_identification Level 1 _identify(autoracer_hooke/vendor_ws/src/autoware/universe/common/tier4_api_utils) by extensions ['ros']
[0.407s] colcon.colcon_core.package_identification Level 1 _identify(autoracer_hooke/vendor_ws/src/autoware/universe/common/tier4_api_utils) by extension 'ros'
[0.408s] colcon.colcon_core.package_identification DEBUG Package 'autoracer_hooke/vendor_ws/src/autoware/universe/common/tier4_api_utils' with type 'ros.ament_cmake' and name 'tier4_api_utils'
[0.408s] colcon.colcon_core.package_identification Level 1 _identify(autoracer_hooke/vendor_ws/src/autoware/universe/control) by extensions ['ignore', 'ignore_ament_install']
[0.408s] colcon.colcon_core.package_identification Level 1 _identify(autoracer_hooke/vendor_ws/src/autoware/universe/control) by extension 'ignore'
[0.408s] colcon.colcon_core.package_identification Level 1 _identify(autoracer_hooke/vendor_ws/src/autoware/universe/control) by extension 'ignore_ament_install'
[0.408s] colcon.colcon_core.package_identification Level 1 _identify(autoracer_hooke/vendor_ws/src/autoware/universe/control) by extensions ['colcon_pkg']
[0.408s] colcon.colcon_core.package_identification Level 1 _identify(autoracer_hooke/vendor_ws/src/autoware/universe/control) by extension 'colcon_pkg'
[0.408s] colcon.colcon_core.package_identification Level 1 _identify(autoracer_hooke/vendor_ws/src/autoware/universe/control) by extensions ['colcon_meta']
[0.408s] colcon.colcon_core.package_identification Level 1 _identify(autoracer_hooke/vendor_ws/src/autoware/universe/control) by extension 'colcon_meta'
[0.408s] colcon.colcon_core.package_identification Level 1 _identify(autoracer_hooke/vendor_ws/src/autoware/universe/control) by extensions ['ros']
[0.408s] colcon.colcon_core.package_identification Level 1 _identify(autoracer_hooke/vendor_ws/src/autoware/universe/control) by extension 'ros'
[0.408s] colcon.colcon_core.package_identification Level 1 _identify(autoracer_hooke/vendor_ws/src/autoware/universe/control) by extensions ['cmake', 'python']
[0.408s] colcon.colcon_core.package_identification Level 1 _identify(autoracer_hooke/vendor_ws/src/autoware/universe/control) by extension 'cmake'
[0.408s] colcon.colcon_core.package_identification Level 1 _identify(autoracer_hooke/vendor_ws/src/autoware/universe/control) by extension 'python'
[0.408s] colcon.colcon_core.package_identification Level 1 _identify(autoracer_hooke/vendor_ws/src/autoware/universe/control) by extensions ['python_setup_py']
[0.408s] colcon.colcon_core.package_identification Level 1 _identify(autoracer_hooke/vendor_ws/src/autoware/universe/control) by extension 'python_setup_py'
[0.409s] colcon.colcon_core.package_identification Level 1 _identify(autoracer_hooke/vendor_ws/src/autoware/universe/control/autoware_mpc_lateral_controller) by extensions ['ignore', 'ignore_ament_install']
[0.409s] colcon.colcon_core.package_identification Level 1 _identify(autoracer_hooke/vendor_ws/src/autoware/universe/control/autoware_mpc_lateral_controller) by extension 'ignore'
[0.409s] colcon.colcon_core.package_identification Level 1 _identify(autoracer_hooke/vendor_ws/src/autoware/universe/control/autoware_mpc_lateral_controller) by extension 'ignore_ament_install'
[0.409s] colcon.colcon_core.package_identification Level 1 _identify(autoracer_hooke/vendor_ws/src/autoware/universe/control/autoware_mpc_lateral_controller) by extensions ['colcon_pkg']
[0.409s] colcon.colcon_core.package_identification Level 1 _identify(autoracer_hooke/vendor_ws/src/autoware/universe/control/autoware_mpc_lateral_controller) by extension 'colcon_pkg'
[0.409s] colcon.colcon_core.package_identification Level 1 _identify(autoracer_hooke/vendor_ws/src/autoware/universe/control/autoware_mpc_lateral_controller) by extensions ['colcon_meta']
[0.409s] colcon.colcon_core.package_identification Level 1 _identify(autoracer_hooke/vendor_ws/src/autoware/universe/control/autoware_mpc_lateral_controller) by extension 'colcon_meta'
[0.409s] colcon.colcon_core.package_identification Level 1 _identify(autoracer_hooke/vendor_ws/src/autoware/universe/control/autoware_mpc_lateral_controller) by extensions ['ros']
[0.409s] colcon.colcon_core.package_identification Level 1 _identify(autoracer_hooke/vendor_ws/src/autoware/universe/control/autoware_mpc_lateral_controller) by extension 'ros'
[0.410s] colcon.colcon_core.package_identification DEBUG Package 'autoracer_hooke/vendor_ws/src/autoware/universe/control/autoware_mpc_lateral_controller' with type 'ros.ament_cmake' and name 'autoware_mpc_lateral_controller'
[0.410s] colcon.colcon_core.package_identification Level 1 _identify(autoracer_hooke/vendor_ws/src/autoware/universe/control/autoware_pid_longitudinal_controller) by extensions ['ignore', 'ignore_ament_install']
[0.411s] colcon.colcon_core.package_identification Level 1 _identify(autoracer_hooke/vendor_ws/src/autoware/universe/control/autoware_pid_longitudinal_controller) by extension 'ignore'
[0.411s] colcon.colcon_core.package_identification Level 1 _identify(autoracer_hooke/vendor_ws/src/autoware/universe/control/autoware_pid_longitudinal_controller) by extension 'ignore_ament_install'
[0.411s] colcon.colcon_core.package_identification Level 1 _identify(autoracer_hooke/vendor_ws/src/autoware/universe/control/autoware_pid_longitudinal_controller) by extensions ['colcon_pkg']
[0.411s] colcon.colcon_core.package_identification Level 1 _identify(autoracer_hooke/vendor_ws/src/autoware/universe/control/autoware_pid_longitudinal_controller) by extension 'colcon_pkg'
[0.411s] colcon.colcon_core.package_identification Level 1 _identify(autoracer_hooke/vendor_ws/src/autoware/universe/control/autoware_pid_longitudinal_controller) by extensions ['colcon_meta']
[0.411s] colcon.colcon_core.package_identification Level 1 _identify(autoracer_hooke/vendor_ws/src/autoware/universe/control/autoware_pid_longitudinal_controller) by extension 'colcon_meta'
[0.411s] colcon.colcon_core.package_identification Level 1 _identify(autoracer_hooke/vendor_ws/src/autoware/universe/control/autoware_pid_longitudinal_controller) by extensions ['ros']
[0.411s] colcon.colcon_core.package_identification Level 1 _identify(autoracer_hooke/vendor_ws/src/autoware/universe/control/autoware_pid_longitudinal_controller) by extension 'ros'
[0.412s] colcon.colcon_core.package_identification DEBUG Package 'autoracer_hooke/vendor_ws/src/autoware/universe/control/autoware_pid_longitudinal_controller' with type 'ros.ament_cmake' and name 'autoware_pid_longitudinal_controller'
[0.412s] colcon.colcon_core.package_identification Level 1 _identify(autoracer_hooke/vendor_ws/src/autoware/universe/control/autoware_pure_pursuit) by extensions ['ignore', 'ignore_ament_install']
[0.413s] colcon.colcon_core.package_identification Level 1 _identify(autoracer_hooke/vendor_ws/src/autoware/universe/control/autoware_pure_pursuit) by extension 'ignore'
[0.413s] colcon.colcon_core.package_identification Level 1 _identify(autoracer_hooke/vendor_ws/src/autoware/universe/control/autoware_pure_pursuit) by extension 'ignore_ament_install'
[0.413s] colcon.colcon_core.package_identification Level 1 _identify(autoracer_hooke/vendor_ws/src/autoware/universe/control/autoware_pure_pursuit) by extensions ['colcon_pkg']
[0.413s] colcon.colcon_core.package_identification Level 1 _identify(autoracer_hooke/vendor_ws/src/autoware/universe/control/autoware_pure_pursuit) by extension 'colcon_pkg'
[0.413s] colcon.colcon_core.package_identification Level 1 _identify(autoracer_hooke/vendor_ws/src/autoware/universe/control/autoware_pure_pursuit) by extensions ['colcon_meta']
[0.413s] colcon.colcon_core.package_identification Level 1 _identify(autoracer_hooke/vendor_ws/src/autoware/universe/control/autoware_pure_pursuit) by extension 'colcon_meta'
[0.413s] colcon.colcon_core.package_identification Level 1 _identify(autoracer_hooke/vendor_ws/src/autoware/universe/control/autoware_pure_pursuit) by extensions ['ros']
[0.413s] colcon.colcon_core.package_identification Level 1 _identify(autoracer_hooke/vendor_ws/src/autoware/universe/control/autoware_pure_pursuit) by extension 'ros'
[0.414s] colcon.colcon_core.package_identification DEBUG Package 'autoracer_hooke/vendor_ws/src/autoware/universe/control/autoware_pure_pursuit' with type 'ros.ament_cmake' and name 'autoware_pure_pursuit'
[0.414s] colcon.colcon_core.package_identification Level 1 _identify(autoracer_hooke/vendor_ws/src/autoware/universe/control/autoware_trajectory_follower_base) by extensions ['ignore', 'ignore_ament_install']
[0.414s] colcon.colcon_core.package_identification Level 1 _identify(autoracer_hooke/vendor_ws/src/autoware/universe/control/autoware_trajectory_follower_base) by extension 'ignore'
[0.415s] colcon.colcon_core.package_identification Level 1 _identify(autoracer_hooke/vendor_ws/src/autoware/universe/control/autoware_trajectory_follower_base) by extension 'ignore_ament_install'
[0.415s] colcon.colcon_core.package_identification Level 1 _identify(autoracer_hooke/vendor_ws/src/autoware/universe/control/autoware_trajectory_follower_base) by extensions ['colcon_pkg']
[0.415s] colcon.colcon_core.package_identification Level 1 _identify(autoracer_hooke/vendor_ws/src/autoware/universe/control/autoware_trajectory_follower_base) by extension 'colcon_pkg'
[0.415s] colcon.colcon_core.package_identification Level 1 _identify(autoracer_hooke/vendor_ws/src/autoware/universe/control/autoware_trajectory_follower_base) by extensions ['colcon_meta']
[0.415s] colcon.colcon_core.package_identification Level 1 _identify(autoracer_hooke/vendor_ws/src/autoware/universe/control/autoware_trajectory_follower_base) by extension 'colcon_meta'
[0.415s] colcon.colcon_core.package_identification Level 1 _identify(autoracer_hooke/vendor_ws/src/autoware/universe/control/autoware_trajectory_follower_base) by extensions ['ros']
[0.415s] colcon.colcon_core.package_identification Level 1 _identify(autoracer_hooke/vendor_ws/src/autoware/universe/control/autoware_trajectory_follower_base) by extension 'ros'
[0.416s] colcon.colcon_core.package_identification DEBUG Package 'autoracer_hooke/vendor_ws/src/autoware/universe/control/autoware_trajectory_follower_base' with type 'ros.ament_cmake' and name 'autoware_trajectory_follower_base'
[0.416s] colcon.colcon_core.package_identification Level 1 _identify(autoracer_hooke/vendor_ws/src/autoware/universe/control/autoware_trajectory_follower_node) by extensions ['ignore', 'ignore_ament_install']
[0.416s] colcon.colcon_core.package_identification Level 1 _identify(autoracer_hooke/vendor_ws/src/autoware/universe/control/autoware_trajectory_follower_node) by extension 'ignore'
[0.416s] colcon.colcon_core.package_identification Level 1 _identify(autoracer_hooke/vendor_ws/src/autoware/universe/control/autoware_trajectory_follower_node) by extension 'ignore_ament_install'
[0.417s] colcon.colcon_core.package_identification Level 1 _identify(autoracer_hooke/vendor_ws/src/autoware/universe/control/autoware_trajectory_follower_node) by extensions ['colcon_pkg']
[0.417s] colcon.colcon_core.package_identification Level 1 _identify(autoracer_hooke/vendor_ws/src/autoware/universe/control/autoware_trajectory_follower_node) by extension 'colcon_pkg'
[0.417s] colcon.colcon_core.package_identification Level 1 _identify(autoracer_hooke/vendor_ws/src/autoware/universe/control/autoware_trajectory_follower_node) by extensions ['colcon_meta']
[0.417s] colcon.colcon_core.package_identification Level 1 _identify(autoracer_hooke/vendor_ws/src/autoware/universe/control/autoware_trajectory_follower_node) by extension 'colcon_meta'
[0.417s] colcon.colcon_core.package_identification Level 1 _identify(autoracer_hooke/vendor_ws/src/autoware/universe/control/autoware_trajectory_follower_node) by extensions ['ros']
[0.417s] colcon.colcon_core.package_identification Level 1 _identify(autoracer_hooke/vendor_ws/src/autoware/universe/control/autoware_trajectory_follower_node) by extension 'ros'
[0.418s] colcon.colcon_core.package_identification DEBUG Package 'autoracer_hooke/vendor_ws/src/autoware/universe/control/autoware_trajectory_follower_node' with type 'ros.ament_cmake' and name 'autoware_trajectory_follower_node'
[0.418s] colcon.colcon_core.package_identification Level 1 _identify(autoracer_hooke/vendor_ws/src/autoware/universe/control/autoware_vehicle_cmd_gate) by extensions ['ignore', 'ignore_ament_install']
[0.418s] colcon.colcon_core.package_identification Level 1 _identify(autoracer_hooke/vendor_ws/src/autoware/universe/control/autoware_vehicle_cmd_gate) by extension 'ignore'
[0.418s] colcon.colcon_core.package_identification Level 1 _identify(autoracer_hooke/vendor_ws/src/autoware/universe/control/autoware_vehicle_cmd_gate) by extension 'ignore_ament_install'
[0.418s] colcon.colcon_core.package_identification Level 1 _identify(autoracer_hooke/vendor_ws/src/autoware/universe/control/autoware_vehicle_cmd_gate) by extensions ['colcon_pkg']
[0.418s] colcon.colcon_core.package_identification Level 1 _identify(autoracer_hooke/vendor_ws/src/autoware/universe/control/autoware_vehicle_cmd_gate) by extension 'colcon_pkg'
[0.418s] colcon.colcon_core.package_identification Level 1 _identify(autoracer_hooke/vendor_ws/src/autoware/universe/control/autoware_vehicle_cmd_gate) by extensions ['colcon_meta']
[0.418s] colcon.colcon_core.package_identification Level 1 _identify(autoracer_hooke/vendor_ws/src/autoware/universe/control/autoware_vehicle_cmd_gate) by extension 'colcon_meta'
[0.418s] colcon.colcon_core.package_identification Level 1 _identify(autoracer_hooke/vendor_ws/src/autoware/universe/control/autoware_vehicle_cmd_gate) by extensions ['ros']
[0.418s] colcon.colcon_core.package_identification Level 1 _identify(autoracer_hooke/vendor_ws/src/autoware/universe/control/autoware_vehicle_cmd_gate) by extension 'ros'
[0.420s] colcon.colcon_core.package_identification DEBUG Package 'autoracer_hooke/vendor_ws/src/autoware/universe/control/autoware_vehicle_cmd_gate' with type 'ros.ament_cmake' and name 'autoware_vehicle_cmd_gate'
[0.420s] colcon.colcon_core.package_identification Level 1 _identify(autoracer_hooke/vendor_ws/src/autoware/universe/localization) by extensions ['ignore', 'ignore_ament_install']
[0.420s] colcon.colcon_core.package_identification Level 1 _identify(autoracer_hooke/vendor_ws/src/autoware/universe/localization) by extension 'ignore'
[0.420s] colcon.colcon_core.package_identification Level 1 _identify(autoracer_hooke/vendor_ws/src/autoware/universe/localization) by extension 'ignore_ament_install'
[0.420s] colcon.colcon_core.package_identification Level 1 _identify(autoracer_hooke/vendor_ws/src/autoware/universe/localization) by extensions ['colcon_pkg']
[0.420s] colcon.colcon_core.package_identification Level 1 _identify(autoracer_hooke/vendor_ws/src/autoware/universe/localization) by extension 'colcon_pkg'
[0.420s] colcon.colcon_core.package_identification Level 1 _identify(autoracer_hooke/vendor_ws/src/autoware/universe/localization) by extensions ['colcon_meta']
[0.420s] colcon.colcon_core.package_identification Level 1 _identify(autoracer_hooke/vendor_ws/src/autoware/universe/localization) by extension 'colcon_meta'
[0.420s] colcon.colcon_core.package_identification Level 1 _identify(autoracer_hooke/vendor_ws/src/autoware/universe/localization) by extensions ['ros']
[0.420s] colcon.colcon_core.package_identification Level 1 _identify(autoracer_hooke/vendor_ws/src/autoware/universe/localization) by extension 'ros'
[0.420s] colcon.colcon_core.package_identification Level 1 _identify(autoracer_hooke/vendor_ws/src/autoware/universe/localization) by extensions ['cmake', 'python']
[0.421s] colcon.colcon_core.package_identification Level 1 _identify(autoracer_hooke/vendor_ws/src/autoware/universe/localization) by extension 'cmake'
[0.421s] colcon.colcon_core.package_identification Level 1 _identify(autoracer_hooke/vendor_ws/src/autoware/universe/localization) by extension 'python'
[0.421s] colcon.colcon_core.package_identification Level 1 _identify(autoracer_hooke/vendor_ws/src/autoware/universe/localization) by extensions ['python_setup_py']
[0.421s] colcon.colcon_core.package_identification Level 1 _identify(autoracer_hooke/vendor_ws/src/autoware/universe/localization) by extension 'python_setup_py'
[0.421s] colcon.colcon_core.package_identification Level 1 _identify(autoracer_hooke/vendor_ws/src/autoware/universe/localization/autoware_localization_error_monitor) by extensions ['ignore', 'ignore_ament_install']
[0.421s] colcon.colcon_core.package_identification Level 1 _identify(autoracer_hooke/vendor_ws/src/autoware/universe/localization/autoware_localization_error_monitor) by extension 'ignore'
[0.421s] colcon.colcon_core.package_identification Level 1 _identify(autoracer_hooke/vendor_ws/src/autoware/universe/localization/autoware_localization_error_monitor) by extension 'ignore_ament_install'
[0.421s] colcon.colcon_core.package_identification Level 1 _identify(autoracer_hooke/vendor_ws/src/autoware/universe/localization/autoware_localization_error_monitor) by extensions ['colcon_pkg']
[0.421s] colcon.colcon_core.package_identification Level 1 _identify(autoracer_hooke/vendor_ws/src/autoware/universe/localization/autoware_localization_error_monitor) by extension 'colcon_pkg'
[0.421s] colcon.colcon_core.package_identification Level 1 _identify(autoracer_hooke/vendor_ws/src/autoware/universe/localization/autoware_localization_error_monitor) by extensions ['colcon_meta']
[0.421s] colcon.colcon_core.package_identification Level 1 _identify(autoracer_hooke/vendor_ws/src/autoware/universe/localization/autoware_localization_error_monitor) by extension 'colcon_meta'
[0.421s] colcon.colcon_core.package_identification Level 1 _identify(autoracer_hooke/vendor_ws/src/autoware/universe/localization/autoware_localization_error_monitor) by extensions ['ros']
[0.421s] colcon.colcon_core.package_identification Level 1 _identify(autoracer_hooke/vendor_ws/src/autoware/universe/localization/autoware_localization_error_monitor) by extension 'ros'
[0.422s] colcon.colcon_core.package_identification DEBUG Package 'autoracer_hooke/vendor_ws/src/autoware/universe/localization/autoware_localization_error_monitor' with type 'ros.ament_cmake' and name 'autoware_localization_error_monitor'
[0.422s] colcon.colcon_core.package_identification Level 1 _identify(autoracer_hooke/vendor_ws/src/autoware/universe/localization/autoware_pose_covariance_modifier) by extensions ['ignore', 'ignore_ament_install']
[0.422s] colcon.colcon_core.package_identification Level 1 _identify(autoracer_hooke/vendor_ws/src/autoware/universe/localization/autoware_pose_covariance_modifier) by extension 'ignore'
[0.422s] colcon.colcon_core.package_identification Level 1 _identify(autoracer_hooke/vendor_ws/src/autoware/universe/localization/autoware_pose_covariance_modifier) by extension 'ignore_ament_install'
[0.422s] colcon.colcon_core.package_identification Level 1 _identify(autoracer_hooke/vendor_ws/src/autoware/universe/localization/autoware_pose_covariance_modifier) by extensions ['colcon_pkg']
[0.422s] colcon.colcon_core.package_identification Level 1 _identify(autoracer_hooke/vendor_ws/src/autoware/universe/localization/autoware_pose_covariance_modifier) by extension 'colcon_pkg'
[0.422s] colcon.colcon_core.package_identification Level 1 _identify(autoracer_hooke/vendor_ws/src/autoware/universe/localization/autoware_pose_covariance_modifier) by extensions ['colcon_meta']
[0.422s] colcon.colcon_core.package_identification Level 1 _identify(autoracer_hooke/vendor_ws/src/autoware/universe/localization/autoware_pose_covariance_modifier) by extension 'colcon_meta'
[0.422s] colcon.colcon_core.package_identification Level 1 _identify(autoracer_hooke/vendor_ws/src/autoware/universe/localization/autoware_pose_covariance_modifier) by extensions ['ros']
[0.422s] colcon.colcon_core.package_identification Level 1 _identify(autoracer_hooke/vendor_ws/src/autoware/universe/localization/autoware_pose_covariance_modifier) by extension 'ros'
[0.423s] colcon.colcon_core.package_identification DEBUG Package 'autoracer_hooke/vendor_ws/src/autoware/universe/localization/autoware_pose_covariance_modifier' with type 'ros.ament_cmake' and name 'autoware_pose_covariance_modifier'
[0.423s] colcon.colcon_core.package_identification Level 1 _identify(autoracer_hooke/vendor_ws/src/autoware/universe/localization/autoware_pose_instability_detector) by extensions ['ignore', 'ignore_ament_install']
[0.423s] colcon.colcon_core.package_identification Level 1 _identify(autoracer_hooke/vendor_ws/src/autoware/universe/localization/autoware_pose_instability_detector) by extension 'ignore'
[0.423s] colcon.colcon_core.package_identification Level 1 _identify(autoracer_hooke/vendor_ws/src/autoware/universe/localization/autoware_pose_instability_detector) by extension 'ignore_ament_install'
[0.423s] colcon.colcon_core.package_identification Level 1 _identify(autoracer_hooke/vendor_ws/src/autoware/universe/localization/autoware_pose_instability_detector) by extensions ['colcon_pkg']
[0.423s] colcon.colcon_core.package_identification Level 1 _identify(autoracer_hooke/vendor_ws/src/autoware/universe/localization/autoware_pose_instability_detector) by extension 'colcon_pkg'
[0.423s] colcon.colcon_core.package_identification Level 1 _identify(autoracer_hooke/vendor_ws/src/autoware/universe/localization/autoware_pose_instability_detector) by extensions ['colcon_meta']
[0.423s] colcon.colcon_core.package_identification Level 1 _identify(autoracer_hooke/vendor_ws/src/autoware/universe/localization/autoware_pose_instability_detector) by extension 'colcon_meta'
[0.423s] colcon.colcon_core.package_identification Level 1 _identify(autoracer_hooke/vendor_ws/src/autoware/universe/localization/autoware_pose_instability_detector) by extensions ['ros']
[0.423s] colcon.colcon_core.package_identification Level 1 _identify(autoracer_hooke/vendor_ws/src/autoware/universe/localization/autoware_pose_instability_detector) by extension 'ros'
[0.424s] colcon.colcon_core.package_identification DEBUG Package 'autoracer_hooke/vendor_ws/src/autoware/universe/localization/autoware_pose_instability_detector' with type 'ros.ament_cmake' and name 'autoware_pose_instability_detector'
[0.424s] colcon.colcon_core.package_identification Level 1 _identify(autoracer_hooke/vendor_ws/src/autoware/universe/sensing) by extensions ['ignore', 'ignore_ament_install']
[0.424s] colcon.colcon_core.package_identification Level 1 _identify(autoracer_hooke/vendor_ws/src/autoware/universe/sensing) by extension 'ignore'
[0.424s] colcon.colcon_core.package_identification Level 1 _identify(autoracer_hooke/vendor_ws/src/autoware/universe/sensing) by extension 'ignore_ament_install'
[0.425s] colcon.colcon_core.package_identification Level 1 _identify(autoracer_hooke/vendor_ws/src/autoware/universe/sensing) by extensions ['colcon_pkg']
[0.425s] colcon.colcon_core.package_identification Level 1 _identify(autoracer_hooke/vendor_ws/src/autoware/universe/sensing) by extension 'colcon_pkg'
[0.425s] colcon.colcon_core.package_identification Level 1 _identify(autoracer_hooke/vendor_ws/src/autoware/universe/sensing) by extensions ['colcon_meta']
[0.425s] colcon.colcon_core.package_identification Level 1 _identify(autoracer_hooke/vendor_ws/src/autoware/universe/sensing) by extension 'colcon_meta'
[0.425s] colcon.colcon_core.package_identification Level 1 _identify(autoracer_hooke/vendor_ws/src/autoware/universe/sensing) by extensions ['ros']
[0.425s] colcon.colcon_core.package_identification Level 1 _identify(autoracer_hooke/vendor_ws/src/autoware/universe/sensing) by extension 'ros'
[0.425s] colcon.colcon_core.package_identification Level 1 _identify(autoracer_hooke/vendor_ws/src/autoware/universe/sensing) by extensions ['cmake', 'python']
[0.425s] colcon.colcon_core.package_identification Level 1 _identify(autoracer_hooke/vendor_ws/src/autoware/universe/sensing) by extension 'cmake'
[0.425s] colcon.colcon_core.package_identification Level 1 _identify(autoracer_hooke/vendor_ws/src/autoware/universe/sensing) by extension 'python'
[0.425s] colcon.colcon_core.package_identification Level 1 _identify(autoracer_hooke/vendor_ws/src/autoware/universe/sensing) by extensions ['python_setup_py']
[0.425s] colcon.colcon_core.package_identification Level 1 _identify(autoracer_hooke/vendor_ws/src/autoware/universe/sensing) by extension 'python_setup_py'
[0.425s] colcon.colcon_core.package_identification Level 1 _identify(autoracer_hooke/vendor_ws/src/autoware/universe/sensing/autoware_pcl_extensions) by extensions ['ignore', 'ignore_ament_install']
[0.425s] colcon.colcon_core.package_identification Level 1 _identify(autoracer_hooke/vendor_ws/src/autoware/universe/sensing/autoware_pcl_extensions) by extension 'ignore'
[0.425s] colcon.colcon_core.package_identification Level 1 _identify(autoracer_hooke/vendor_ws/src/autoware/universe/sensing/autoware_pcl_extensions) by extension 'ignore_ament_install'
[0.425s] colcon.colcon_core.package_identification Level 1 _identify(autoracer_hooke/vendor_ws/src/autoware/universe/sensing/autoware_pcl_extensions) by extensions ['colcon_pkg']
[0.425s] colcon.colcon_core.package_identification Level 1 _identify(autoracer_hooke/vendor_ws/src/autoware/universe/sensing/autoware_pcl_extensions) by extension 'colcon_pkg'
[0.425s] colcon.colcon_core.package_identification Level 1 _identify(autoracer_hooke/vendor_ws/src/autoware/universe/sensing/autoware_pcl_extensions) by extensions ['colcon_meta']
[0.425s] colcon.colcon_core.package_identification Level 1 _identify(autoracer_hooke/vendor_ws/src/autoware/universe/sensing/autoware_pcl_extensions) by extension 'colcon_meta'
[0.425s] colcon.colcon_core.package_identification Level 1 _identify(autoracer_hooke/vendor_ws/src/autoware/universe/sensing/autoware_pcl_extensions) by extensions ['ros']
[0.425s] colcon.colcon_core.package_identification Level 1 _identify(autoracer_hooke/vendor_ws/src/autoware/universe/sensing/autoware_pcl_extensions) by extension 'ros'
[0.426s] colcon.colcon_core.package_identification DEBUG Package 'autoracer_hooke/vendor_ws/src/autoware/universe/sensing/autoware_pcl_extensions' with type 'ros.ament_cmake' and name 'autoware_pcl_extensions'
[0.426s] colcon.colcon_core.package_identification Level 1 _identify(autoracer_hooke/vendor_ws/src/autoware/universe/sensing/autoware_pointcloud_preprocessor) by extensions ['ignore', 'ignore_ament_install']
[0.426s] colcon.colcon_core.package_identification Level 1 _identify(autoracer_hooke/vendor_ws/src/autoware/universe/sensing/autoware_pointcloud_preprocessor) by extension 'ignore'
[0.426s] colcon.colcon_core.package_identification Level 1 _identify(autoracer_hooke/vendor_ws/src/autoware/universe/sensing/autoware_pointcloud_preprocessor) by extension 'ignore_ament_install'
[0.426s] colcon.colcon_core.package_identification Level 1 _identify(autoracer_hooke/vendor_ws/src/autoware/universe/sensing/autoware_pointcloud_preprocessor) by extensions ['colcon_pkg']
[0.426s] colcon.colcon_core.package_identification Level 1 _identify(autoracer_hooke/vendor_ws/src/autoware/universe/sensing/autoware_pointcloud_preprocessor) by extension 'colcon_pkg'
[0.426s] colcon.colcon_core.package_identification Level 1 _identify(autoracer_hooke/vendor_ws/src/autoware/universe/sensing/autoware_pointcloud_preprocessor) by extensions ['colcon_meta']
[0.426s] colcon.colcon_core.package_identification Level 1 _identify(autoracer_hooke/vendor_ws/src/autoware/universe/sensing/autoware_pointcloud_preprocessor) by extension 'colcon_meta'
[0.426s] colcon.colcon_core.package_identification Level 1 _identify(autoracer_hooke/vendor_ws/src/autoware/universe/sensing/autoware_pointcloud_preprocessor) by extensions ['ros']
[0.426s] colcon.colcon_core.package_identification Level 1 _identify(autoracer_hooke/vendor_ws/src/autoware/universe/sensing/autoware_pointcloud_preprocessor) by extension 'ros'
[0.429s] colcon.colcon_core.package_identification DEBUG Package 'autoracer_hooke/vendor_ws/src/autoware/universe/sensing/autoware_pointcloud_preprocessor' with type 'ros.ament_cmake' and name 'autoware_pointcloud_preprocessor'
[0.429s] colcon.colcon_core.package_identification Level 1 _identify(autoracer_hooke/vendor_ws/src/autoware/universe/system) by extensions ['ignore', 'ignore_ament_install']
[0.429s] colcon.colcon_core.package_identification Level 1 _identify(autoracer_hooke/vendor_ws/src/autoware/universe/system) by extension 'ignore'
[0.429s] colcon.colcon_core.package_identification Level 1 _identify(autoracer_hooke/vendor_ws/src/autoware/universe/system) by extension 'ignore_ament_install'
[0.429s] colcon.colcon_core.package_identification Level 1 _identify(autoracer_hooke/vendor_ws/src/autoware/universe/system) by extensions ['colcon_pkg']
[0.429s] colcon.colcon_core.package_identification Level 1 _identify(autoracer_hooke/vendor_ws/src/autoware/universe/system) by extension 'colcon_pkg'
[0.429s] colcon.colcon_core.package_identification Level 1 _identify(autoracer_hooke/vendor_ws/src/autoware/universe/system) by extensions ['colcon_meta']
[0.429s] colcon.colcon_core.package_identification Level 1 _identify(autoracer_hooke/vendor_ws/src/autoware/universe/system) by extension 'colcon_meta'
[0.429s] colcon.colcon_core.package_identification Level 1 _identify(autoracer_hooke/vendor_ws/src/autoware/universe/system) by extensions ['ros']
[0.429s] colcon.colcon_core.package_identification Level 1 _identify(autoracer_hooke/vendor_ws/src/autoware/universe/system) by extension 'ros'
[0.429s] colcon.colcon_core.package_identification Level 1 _identify(autoracer_hooke/vendor_ws/src/autoware/universe/system) by extensions ['cmake', 'python']
[0.429s] colcon.colcon_core.package_identification Level 1 _identify(autoracer_hooke/vendor_ws/src/autoware/universe/system) by extension 'cmake'
[0.429s] colcon.colcon_core.package_identification Level 1 _identify(autoracer_hooke/vendor_ws/src/autoware/universe/system) by extension 'python'
[0.429s] colcon.colcon_core.package_identification Level 1 _identify(autoracer_hooke/vendor_ws/src/autoware/universe/system) by extensions ['python_setup_py']
[0.430s] colcon.colcon_core.package_identification Level 1 _identify(autoracer_hooke/vendor_ws/src/autoware/universe/system) by extension 'python_setup_py'
[0.430s] colcon.colcon_core.package_identification Level 1 _identify(autoracer_hooke/vendor_ws/src/autoware/universe/system/autoware_default_adapi_helpers) by extensions ['ignore', 'ignore_ament_install']
[0.430s] colcon.colcon_core.package_identification Level 1 _identify(autoracer_hooke/vendor_ws/src/autoware/universe/system/autoware_default_adapi_helpers) by extension 'ignore'
[0.430s] colcon.colcon_core.package_identification Level 1 _identify(autoracer_hooke/vendor_ws/src/autoware/universe/system/autoware_default_adapi_helpers) by extension 'ignore_ament_install'
[0.430s] colcon.colcon_core.package_identification Level 1 _identify(autoracer_hooke/vendor_ws/src/autoware/universe/system/autoware_default_adapi_helpers) by extensions ['colcon_pkg']
[0.430s] colcon.colcon_core.package_identification Level 1 _identify(autoracer_hooke/vendor_ws/src/autoware/universe/system/autoware_default_adapi_helpers) by extension 'colcon_pkg'
[0.430s] colcon.colcon_core.package_identification Level 1 _identify(autoracer_hooke/vendor_ws/src/autoware/universe/system/autoware_default_adapi_helpers) by extensions ['colcon_meta']
[0.430s] colcon.colcon_core.package_identification Level 1 _identify(autoracer_hooke/vendor_ws/src/autoware/universe/system/autoware_default_adapi_helpers) by extension 'colcon_meta'
[0.430s] colcon.colcon_core.package_identification Level 1 _identify(autoracer_hooke/vendor_ws/src/autoware/universe/system/autoware_default_adapi_helpers) by extensions ['ros']
[0.430s] colcon.colcon_core.package_identification Level 1 _identify(autoracer_hooke/vendor_ws/src/autoware/universe/system/autoware_default_adapi_helpers) by extension 'ros'
[0.430s] colcon.colcon_core.package_identification Level 1 _identify(autoracer_hooke/vendor_ws/src/autoware/universe/system/autoware_default_adapi_helpers) by extensions ['cmake', 'python']
[0.430s] colcon.colcon_core.package_identification Level 1 _identify(autoracer_hooke/vendor_ws/src/autoware/universe/system/autoware_default_adapi_helpers) by extension 'cmake'
[0.430s] colcon.colcon_core.package_identification Level 1 _identify(autoracer_hooke/vendor_ws/src/autoware/universe/system/autoware_default_adapi_helpers) by extension 'python'
[0.430s] colcon.colcon_core.package_identification Level 1 _identify(autoracer_hooke/vendor_ws/src/autoware/universe/system/autoware_default_adapi_helpers) by extensions ['python_setup_py']
[0.430s] colcon.colcon_core.package_identification Level 1 _identify(autoracer_hooke/vendor_ws/src/autoware/universe/system/autoware_default_adapi_helpers) by extension 'python_setup_py'
[0.430s] colcon.colcon_core.package_identification Level 1 _identify(autoracer_hooke/vendor_ws/src/autoware/universe/system/autoware_default_adapi_helpers/autoware_automatic_pose_initializer) by extensions ['ignore', 'ignore_ament_install']
[0.430s] colcon.colcon_core.package_identification Level 1 _identify(autoracer_hooke/vendor_ws/src/autoware/universe/system/autoware_default_adapi_helpers/autoware_automatic_pose_initializer) by extension 'ignore'
[0.430s] colcon.colcon_core.package_identification Level 1 _identify(autoracer_hooke/vendor_ws/src/autoware/universe/system/autoware_default_adapi_helpers/autoware_automatic_pose_initializer) by extension 'ignore_ament_install'
[0.430s] colcon.colcon_core.package_identification Level 1 _identify(autoracer_hooke/vendor_ws/src/autoware/universe/system/autoware_default_adapi_helpers/autoware_automatic_pose_initializer) by extensions ['colcon_pkg']
[0.430s] colcon.colcon_core.package_identification Level 1 _identify(autoracer_hooke/vendor_ws/src/autoware/universe/system/autoware_default_adapi_helpers/autoware_automatic_pose_initializer) by extension 'colcon_pkg'
[0.430s] colcon.colcon_core.package_identification Level 1 _identify(autoracer_hooke/vendor_ws/src/autoware/universe/system/autoware_default_adapi_helpers/autoware_automatic_pose_initializer) by extensions ['colcon_meta']
[0.430s] colcon.colcon_core.package_identification Level 1 _identify(autoracer_hooke/vendor_ws/src/autoware/universe/system/autoware_default_adapi_helpers/autoware_automatic_pose_initializer) by extension 'colcon_meta'
[0.430s] colcon.colcon_core.package_identification Level 1 _identify(autoracer_hooke/vendor_ws/src/autoware/universe/system/autoware_default_adapi_helpers/autoware_automatic_pose_initializer) by extensions ['ros']
[0.430s] colcon.colcon_core.package_identification Level 1 _identify(autoracer_hooke/vendor_ws/src/autoware/universe/system/autoware_default_adapi_helpers/autoware_automatic_pose_initializer) by extension 'ros'
[0.431s] colcon.colcon_core.package_identification DEBUG Package 'autoracer_hooke/vendor_ws/src/autoware/universe/system/autoware_default_adapi_helpers/autoware_automatic_pose_initializer' with type 'ros.ament_cmake' and name 'autoware_automatic_pose_initializer'
[0.431s] colcon.colcon_core.package_identification Level 1 _identify(autoracer_hooke/vendor_ws/src/vendor) by extensions ['ignore', 'ignore_ament_install']
[0.431s] colcon.colcon_core.package_identification Level 1 _identify(autoracer_hooke/vendor_ws/src/vendor) by extension 'ignore'
[0.431s] colcon.colcon_core.package_identification Level 1 _identify(autoracer_hooke/vendor_ws/src/vendor) by extension 'ignore_ament_install'
[0.431s] colcon.colcon_core.package_identification Level 1 _identify(autoracer_hooke/vendor_ws/src/vendor) by extensions ['colcon_pkg']
[0.431s] colcon.colcon_core.package_identification Level 1 _identify(autoracer_hooke/vendor_ws/src/vendor) by extension 'colcon_pkg'
[0.431s] colcon.colcon_core.package_identification Level 1 _identify(autoracer_hooke/vendor_ws/src/vendor) by extensions ['colcon_meta']
[0.431s] colcon.colcon_core.package_identification Level 1 _identify(autoracer_hooke/vendor_ws/src/vendor) by extension 'colcon_meta'
[0.431s] colcon.colcon_core.package_identification Level 1 _identify(autoracer_hooke/vendor_ws/src/vendor) by extensions ['ros']
[0.431s] colcon.colcon_core.package_identification Level 1 _identify(autoracer_hooke/vendor_ws/src/vendor) by extension 'ros'
[0.431s] colcon.colcon_core.package_identification Level 1 _identify(autoracer_hooke/vendor_ws/src/vendor) by extensions ['cmake', 'python']
[0.431s] colcon.colcon_core.package_identification Level 1 _identify(autoracer_hooke/vendor_ws/src/vendor) by extension 'cmake'
[0.431s] colcon.colcon_core.package_identification Level 1 _identify(autoracer_hooke/vendor_ws/src/vendor) by extension 'python'
[0.431s] colcon.colcon_core.package_identification Level 1 _identify(autoracer_hooke/vendor_ws/src/vendor) by extensions ['python_setup_py']
[0.431s] colcon.colcon_core.package_identification Level 1 _identify(autoracer_hooke/vendor_ws/src/vendor) by extension 'python_setup_py'
[0.432s] colcon.colcon_core.package_identification Level 1 _identify(autoracer_hooke/vendor_ws/src/vendor/nebula) by extensions ['ignore', 'ignore_ament_install']
[0.432s] colcon.colcon_core.package_identification Level 1 _identify(autoracer_hooke/vendor_ws/src/vendor/nebula) by extension 'ignore'
[0.432s] colcon.colcon_core.package_identification Level 1 _identify(autoracer_hooke/vendor_ws/src/vendor/nebula) by extension 'ignore_ament_install'
[0.432s] colcon.colcon_core.package_identification Level 1 _identify(autoracer_hooke/vendor_ws/src/vendor/nebula) by extensions ['colcon_pkg']
[0.432s] colcon.colcon_core.package_identification Level 1 _identify(autoracer_hooke/vendor_ws/src/vendor/nebula) by extension 'colcon_pkg'
[0.432s] colcon.colcon_core.package_identification Level 1 _identify(autoracer_hooke/vendor_ws/src/vendor/nebula) by extensions ['colcon_meta']
[0.432s] colcon.colcon_core.package_identification Level 1 _identify(autoracer_hooke/vendor_ws/src/vendor/nebula) by extension 'colcon_meta'
[0.432s] colcon.colcon_core.package_identification Level 1 _identify(autoracer_hooke/vendor_ws/src/vendor/nebula) by extensions ['ros']
[0.432s] colcon.colcon_core.package_identification Level 1 _identify(autoracer_hooke/vendor_ws/src/vendor/nebula) by extension 'ros'
[0.432s] colcon.colcon_core.package_identification Level 1 _identify(autoracer_hooke/vendor_ws/src/vendor/nebula) by extensions ['cmake', 'python']
[0.432s] colcon.colcon_core.package_identification Level 1 _identify(autoracer_hooke/vendor_ws/src/vendor/nebula) by extension 'cmake'
[0.432s] colcon.colcon_core.package_identification Level 1 _identify(autoracer_hooke/vendor_ws/src/vendor/nebula) by extension 'python'
[0.432s] colcon.colcon_core.package_identification Level 1 _identify(autoracer_hooke/vendor_ws/src/vendor/nebula) by extensions ['python_setup_py']
[0.432s] colcon.colcon_core.package_identification Level 1 _identify(autoracer_hooke/vendor_ws/src/vendor/nebula) by extension 'python_setup_py'
[0.432s] colcon.colcon_core.package_identification Level 1 _identify(autoracer_hooke/vendor_ws/src/vendor/nebula/src) by extensions ['ignore', 'ignore_ament_install']
[0.432s] colcon.colcon_core.package_identification Level 1 _identify(autoracer_hooke/vendor_ws/src/vendor/nebula/src) by extension 'ignore'
[0.432s] colcon.colcon_core.package_identification Level 1 _identify(autoracer_hooke/vendor_ws/src/vendor/nebula/src) by extension 'ignore_ament_install'
[0.432s] colcon.colcon_core.package_identification Level 1 _identify(autoracer_hooke/vendor_ws/src/vendor/nebula/src) by extensions ['colcon_pkg']
[0.432s] colcon.colcon_core.package_identification Level 1 _identify(autoracer_hooke/vendor_ws/src/vendor/nebula/src) by extension 'colcon_pkg'
[0.432s] colcon.colcon_core.package_identification Level 1 _identify(autoracer_hooke/vendor_ws/src/vendor/nebula/src) by extensions ['colcon_meta']
[0.432s] colcon.colcon_core.package_identification Level 1 _identify(autoracer_hooke/vendor_ws/src/vendor/nebula/src) by extension 'colcon_meta'
[0.432s] colcon.colcon_core.package_identification Level 1 _identify(autoracer_hooke/vendor_ws/src/vendor/nebula/src) by extensions ['ros']
[0.432s] colcon.colcon_core.package_identification Level 1 _identify(autoracer_hooke/vendor_ws/src/vendor/nebula/src) by extension 'ros'
[0.432s] colcon.colcon_core.package_identification Level 1 _identify(autoracer_hooke/vendor_ws/src/vendor/nebula/src) by extensions ['cmake', 'python']
[0.432s] colcon.colcon_core.package_identification Level 1 _identify(autoracer_hooke/vendor_ws/src/vendor/nebula/src) by extension 'cmake'
[0.432s] colcon.colcon_core.package_identification Level 1 _identify(autoracer_hooke/vendor_ws/src/vendor/nebula/src) by extension 'python'
[0.432s] colcon.colcon_core.package_identification Level 1 _identify(autoracer_hooke/vendor_ws/src/vendor/nebula/src) by extensions ['python_setup_py']
[0.432s] colcon.colcon_core.package_identification Level 1 _identify(autoracer_hooke/vendor_ws/src/vendor/nebula/src) by extension 'python_setup_py'
[0.432s] colcon.colcon_core.package_identification Level 1 _identify(autoracer_hooke/vendor_ws/src/vendor/nebula/src/nebula_core) by extensions ['ignore', 'ignore_ament_install']
[0.432s] colcon.colcon_core.package_identification Level 1 _identify(autoracer_hooke/vendor_ws/src/vendor/nebula/src/nebula_core) by extension 'ignore'
[0.433s] colcon.colcon_core.package_identification Level 1 _identify(autoracer_hooke/vendor_ws/src/vendor/nebula/src/nebula_core) by extension 'ignore_ament_install'
[0.433s] colcon.colcon_core.package_identification Level 1 _identify(autoracer_hooke/vendor_ws/src/vendor/nebula/src/nebula_core) by extensions ['colcon_pkg']
[0.433s] colcon.colcon_core.package_identification Level 1 _identify(autoracer_hooke/vendor_ws/src/vendor/nebula/src/nebula_core) by extension 'colcon_pkg'
[0.433s] colcon.colcon_core.package_identification Level 1 _identify(autoracer_hooke/vendor_ws/src/vendor/nebula/src/nebula_core) by extensions ['colcon_meta']
[0.433s] colcon.colcon_core.package_identification Level 1 _identify(autoracer_hooke/vendor_ws/src/vendor/nebula/src/nebula_core) by extension 'colcon_meta'
[0.433s] colcon.colcon_core.package_identification Level 1 _identify(autoracer_hooke/vendor_ws/src/vendor/nebula/src/nebula_core) by extensions ['ros']
[0.433s] colcon.colcon_core.package_identification Level 1 _identify(autoracer_hooke/vendor_ws/src/vendor/nebula/src/nebula_core) by extension 'ros'
[0.433s] colcon.colcon_core.package_identification Level 1 _identify(autoracer_hooke/vendor_ws/src/vendor/nebula/src/nebula_core) by extensions ['cmake', 'python']
[0.433s] colcon.colcon_core.package_identification Level 1 _identify(autoracer_hooke/vendor_ws/src/vendor/nebula/src/nebula_core) by extension 'cmake'
[0.433s] colcon.colcon_core.package_identification Level 1 _identify(autoracer_hooke/vendor_ws/src/vendor/nebula/src/nebula_core) by extension 'python'
[0.433s] colcon.colcon_core.package_identification Level 1 _identify(autoracer_hooke/vendor_ws/src/vendor/nebula/src/nebula_core) by extensions ['python_setup_py']
[0.433s] colcon.colcon_core.package_identification Level 1 _identify(autoracer_hooke/vendor_ws/src/vendor/nebula/src/nebula_core) by extension 'python_setup_py'
[0.433s] colcon.colcon_core.package_identification Level 1 _identify(autoracer_hooke/vendor_ws/src/vendor/nebula/src/nebula_core/nebula_core_common) by extensions ['ignore', 'ignore_ament_install']
[0.433s] colcon.colcon_core.package_identification Level 1 _identify(autoracer_hooke/vendor_ws/src/vendor/nebula/src/nebula_core/nebula_core_common) by extension 'ignore'
[0.433s] colcon.colcon_core.package_identification Level 1 _identify(autoracer_hooke/vendor_ws/src/vendor/nebula/src/nebula_core/nebula_core_common) by extension 'ignore_ament_install'
[0.433s] colcon.colcon_core.package_identification Level 1 _identify(autoracer_hooke/vendor_ws/src/vendor/nebula/src/nebula_core/nebula_core_common) by extensions ['colcon_pkg']
[0.433s] colcon.colcon_core.package_identification Level 1 _identify(autoracer_hooke/vendor_ws/src/vendor/nebula/src/nebula_core/nebula_core_common) by extension 'colcon_pkg'
[0.433s] colcon.colcon_core.package_identification Level 1 _identify(autoracer_hooke/vendor_ws/src/vendor/nebula/src/nebula_core/nebula_core_common) by extensions ['colcon_meta']
[0.433s] colcon.colcon_core.package_identification Level 1 _identify(autoracer_hooke/vendor_ws/src/vendor/nebula/src/nebula_core/nebula_core_common) by extension 'colcon_meta'
[0.433s] colcon.colcon_core.package_identification Level 1 _identify(autoracer_hooke/vendor_ws/src/vendor/nebula/src/nebula_core/nebula_core_common) by extensions ['ros']
[0.433s] colcon.colcon_core.package_identification Level 1 _identify(autoracer_hooke/vendor_ws/src/vendor/nebula/src/nebula_core/nebula_core_common) by extension 'ros'
[0.434s] colcon.colcon_core.package_identification DEBUG Package 'autoracer_hooke/vendor_ws/src/vendor/nebula/src/nebula_core/nebula_core_common' with type 'ros.ament_cmake' and name 'nebula_core_common'
[0.434s] colcon.colcon_core.package_identification Level 1 _identify(autoracer_hooke/vendor_ws/src/vendor/nebula/src/nebula_core/nebula_core_decoders) by extensions ['ignore', 'ignore_ament_install']
[0.434s] colcon.colcon_core.package_identification Level 1 _identify(autoracer_hooke/vendor_ws/src/vendor/nebula/src/nebula_core/nebula_core_decoders) by extension 'ignore'
[0.434s] colcon.colcon_core.package_identification Level 1 _identify(autoracer_hooke/vendor_ws/src/vendor/nebula/src/nebula_core/nebula_core_decoders) by extension 'ignore_ament_install'
[0.434s] colcon.colcon_core.package_identification Level 1 _identify(autoracer_hooke/vendor_ws/src/vendor/nebula/src/nebula_core/nebula_core_decoders) by extensions ['colcon_pkg']
[0.434s] colcon.colcon_core.package_identification Level 1 _identify(autoracer_hooke/vendor_ws/src/vendor/nebula/src/nebula_core/nebula_core_decoders) by extension 'colcon_pkg'
[0.434s] colcon.colcon_core.package_identification Level 1 _identify(autoracer_hooke/vendor_ws/src/vendor/nebula/src/nebula_core/nebula_core_decoders) by extensions ['colcon_meta']
[0.434s] colcon.colcon_core.package_identification Level 1 _identify(autoracer_hooke/vendor_ws/src/vendor/nebula/src/nebula_core/nebula_core_decoders) by extension 'colcon_meta'
[0.434s] colcon.colcon_core.package_identification Level 1 _identify(autoracer_hooke/vendor_ws/src/vendor/nebula/src/nebula_core/nebula_core_decoders) by extensions ['ros']
[0.434s] colcon.colcon_core.package_identification Level 1 _identify(autoracer_hooke/vendor_ws/src/vendor/nebula/src/nebula_core/nebula_core_decoders) by extension 'ros'
[0.435s] colcon.colcon_core.package_identification DEBUG Package 'autoracer_hooke/vendor_ws/src/vendor/nebula/src/nebula_core/nebula_core_decoders' with type 'ros.ament_cmake' and name 'nebula_core_decoders'
[0.435s] colcon.colcon_core.package_identification Level 1 _identify(autoracer_hooke/vendor_ws/src/vendor/nebula/src/nebula_core/nebula_core_hw_interfaces) by extensions ['ignore', 'ignore_ament_install']
[0.435s] colcon.colcon_core.package_identification Level 1 _identify(autoracer_hooke/vendor_ws/src/vendor/nebula/src/nebula_core/nebula_core_hw_interfaces) by extension 'ignore'
[0.435s] colcon.colcon_core.package_identification Level 1 _identify(autoracer_hooke/vendor_ws/src/vendor/nebula/src/nebula_core/nebula_core_hw_interfaces) by extension 'ignore_ament_install'
[0.435s] colcon.colcon_core.package_identification Level 1 _identify(autoracer_hooke/vendor_ws/src/vendor/nebula/src/nebula_core/nebula_core_hw_interfaces) by extensions ['colcon_pkg']
[0.435s] colcon.colcon_core.package_identification Level 1 _identify(autoracer_hooke/vendor_ws/src/vendor/nebula/src/nebula_core/nebula_core_hw_interfaces) by extension 'colcon_pkg'
[0.435s] colcon.colcon_core.package_identification Level 1 _identify(autoracer_hooke/vendor_ws/src/vendor/nebula/src/nebula_core/nebula_core_hw_interfaces) by extensions ['colcon_meta']
[0.435s] colcon.colcon_core.package_identification Level 1 _identify(autoracer_hooke/vendor_ws/src/vendor/nebula/src/nebula_core/nebula_core_hw_interfaces) by extension 'colcon_meta'
[0.435s] colcon.colcon_core.package_identification Level 1 _identify(autoracer_hooke/vendor_ws/src/vendor/nebula/src/nebula_core/nebula_core_hw_interfaces) by extensions ['ros']
[0.435s] colcon.colcon_core.package_identification Level 1 _identify(autoracer_hooke/vendor_ws/src/vendor/nebula/src/nebula_core/nebula_core_hw_interfaces) by extension 'ros'
[0.435s] colcon.colcon_core.package_identification DEBUG Package 'autoracer_hooke/vendor_ws/src/vendor/nebula/src/nebula_core/nebula_core_hw_interfaces' with type 'ros.ament_cmake' and name 'nebula_core_hw_interfaces'
[0.435s] colcon.colcon_core.package_identification Level 1 _identify(autoracer_hooke/vendor_ws/src/vendor/nebula/src/nebula_core/nebula_core_ros) by extensions ['ignore', 'ignore_ament_install']
[0.436s] colcon.colcon_core.package_identification Level 1 _identify(autoracer_hooke/vendor_ws/src/vendor/nebula/src/nebula_core/nebula_core_ros) by extension 'ignore'
[0.436s] colcon.colcon_core.package_identification Level 1 _identify(autoracer_hooke/vendor_ws/src/vendor/nebula/src/nebula_core/nebula_core_ros) by extension 'ignore_ament_install'
[0.436s] colcon.colcon_core.package_identification Level 1 _identify(autoracer_hooke/vendor_ws/src/vendor/nebula/src/nebula_core/nebula_core_ros) by extensions ['colcon_pkg']
[0.436s] colcon.colcon_core.package_identification Level 1 _identify(autoracer_hooke/vendor_ws/src/vendor/nebula/src/nebula_core/nebula_core_ros) by extension 'colcon_pkg'
[0.436s] colcon.colcon_core.package_identification Level 1 _identify(autoracer_hooke/vendor_ws/src/vendor/nebula/src/nebula_core/nebula_core_ros) by extensions ['colcon_meta']
[0.436s] colcon.colcon_core.package_identification Level 1 _identify(autoracer_hooke/vendor_ws/src/vendor/nebula/src/nebula_core/nebula_core_ros) by extension 'colcon_meta'
[0.436s] colcon.colcon_core.package_identification Level 1 _identify(autoracer_hooke/vendor_ws/src/vendor/nebula/src/nebula_core/nebula_core_ros) by extensions ['ros']
[0.436s] colcon.colcon_core.package_identification Level 1 _identify(autoracer_hooke/vendor_ws/src/vendor/nebula/src/nebula_core/nebula_core_ros) by extension 'ros'
[0.436s] colcon.colcon_core.package_identification DEBUG Package 'autoracer_hooke/vendor_ws/src/vendor/nebula/src/nebula_core/nebula_core_ros' with type 'ros.ament_cmake' and name 'nebula_core_ros'
[0.437s] colcon.colcon_core.package_identification Level 1 _identify(autoracer_hooke/vendor_ws/src/vendor/nebula/src/nebula_core/nebula_msgs) by extensions ['ignore', 'ignore_ament_install']
[0.437s] colcon.colcon_core.package_identification Level 1 _identify(autoracer_hooke/vendor_ws/src/vendor/nebula/src/nebula_core/nebula_msgs) by extension 'ignore'
[0.437s] colcon.colcon_core.package_identification Level 1 _identify(autoracer_hooke/vendor_ws/src/vendor/nebula/src/nebula_core/nebula_msgs) by extension 'ignore_ament_install'
[0.437s] colcon.colcon_core.package_identification Level 1 _identify(autoracer_hooke/vendor_ws/src/vendor/nebula/src/nebula_core/nebula_msgs) by extensions ['colcon_pkg']
[0.437s] colcon.colcon_core.package_identification Level 1 _identify(autoracer_hooke/vendor_ws/src/vendor/nebula/src/nebula_core/nebula_msgs) by extension 'colcon_pkg'
[0.437s] colcon.colcon_core.package_identification Level 1 _identify(autoracer_hooke/vendor_ws/src/vendor/nebula/src/nebula_core/nebula_msgs) by extensions ['colcon_meta']
[0.437s] colcon.colcon_core.package_identification Level 1 _identify(autoracer_hooke/vendor_ws/src/vendor/nebula/src/nebula_core/nebula_msgs) by extension 'colcon_meta'
[0.437s] colcon.colcon_core.package_identification Level 1 _identify(autoracer_hooke/vendor_ws/src/vendor/nebula/src/nebula_core/nebula_msgs) by extensions ['ros']
[0.437s] colcon.colcon_core.package_identification Level 1 _identify(autoracer_hooke/vendor_ws/src/vendor/nebula/src/nebula_core/nebula_msgs) by extension 'ros'
[0.437s] colcon.colcon_core.package_identification DEBUG Package 'autoracer_hooke/vendor_ws/src/vendor/nebula/src/nebula_core/nebula_msgs' with type 'ros.ament_cmake' and name 'nebula_msgs'
[0.437s] colcon.colcon_core.package_identification Level 1 _identify(autoracer_hooke/vendor_ws/src/vendor/nebula/src/nebula_hesai) by extensions ['ignore', 'ignore_ament_install']
[0.438s] colcon.colcon_core.package_identification Level 1 _identify(autoracer_hooke/vendor_ws/src/vendor/nebula/src/nebula_hesai) by extension 'ignore'
[0.438s] colcon.colcon_core.package_identification Level 1 _identify(autoracer_hooke/vendor_ws/src/vendor/nebula/src/nebula_hesai) by extension 'ignore_ament_install'
[0.438s] colcon.colcon_core.package_identification Level 1 _identify(autoracer_hooke/vendor_ws/src/vendor/nebula/src/nebula_hesai) by extensions ['colcon_pkg']
[0.438s] colcon.colcon_core.package_identification Level 1 _identify(autoracer_hooke/vendor_ws/src/vendor/nebula/src/nebula_hesai) by extension 'colcon_pkg'
[0.438s] colcon.colcon_core.package_identification Level 1 _identify(autoracer_hooke/vendor_ws/src/vendor/nebula/src/nebula_hesai) by extensions ['colcon_meta']
[0.438s] colcon.colcon_core.package_identification Level 1 _identify(autoracer_hooke/vendor_ws/src/vendor/nebula/src/nebula_hesai) by extension 'colcon_meta'
[0.438s] colcon.colcon_core.package_identification Level 1 _identify(autoracer_hooke/vendor_ws/src/vendor/nebula/src/nebula_hesai) by extensions ['ros']
[0.438s] colcon.colcon_core.package_identification Level 1 _identify(autoracer_hooke/vendor_ws/src/vendor/nebula/src/nebula_hesai) by extension 'ros'
[0.438s] colcon.colcon_core.package_identification Level 1 _identify(autoracer_hooke/vendor_ws/src/vendor/nebula/src/nebula_hesai) by extensions ['cmake', 'python']
[0.438s] colcon.colcon_core.package_identification Level 1 _identify(autoracer_hooke/vendor_ws/src/vendor/nebula/src/nebula_hesai) by extension 'cmake'
[0.438s] colcon.colcon_core.package_identification Level 1 _identify(autoracer_hooke/vendor_ws/src/vendor/nebula/src/nebula_hesai) by extension 'python'
[0.438s] colcon.colcon_core.package_identification Level 1 _identify(autoracer_hooke/vendor_ws/src/vendor/nebula/src/nebula_hesai) by extensions ['python_setup_py']
[0.438s] colcon.colcon_core.package_identification Level 1 _identify(autoracer_hooke/vendor_ws/src/vendor/nebula/src/nebula_hesai) by extension 'python_setup_py'
[0.438s] colcon.colcon_core.package_identification Level 1 _identify(autoracer_hooke/vendor_ws/src/vendor/nebula/src/nebula_hesai/nebula_hesai) by extensions ['ignore', 'ignore_ament_install']
[0.438s] colcon.colcon_core.package_identification Level 1 _identify(autoracer_hooke/vendor_ws/src/vendor/nebula/src/nebula_hesai/nebula_hesai) by extension 'ignore'
[0.438s] colcon.colcon_core.package_identification Level 1 _identify(autoracer_hooke/vendor_ws/src/vendor/nebula/src/nebula_hesai/nebula_hesai) by extension 'ignore_ament_install'
[0.438s] colcon.colcon_core.package_identification Level 1 _identify(autoracer_hooke/vendor_ws/src/vendor/nebula/src/nebula_hesai/nebula_hesai) by extensions ['colcon_pkg']
[0.438s] colcon.colcon_core.package_identification Level 1 _identify(autoracer_hooke/vendor_ws/src/vendor/nebula/src/nebula_hesai/nebula_hesai) by extension 'colcon_pkg'
[0.438s] colcon.colcon_core.package_identification Level 1 _identify(autoracer_hooke/vendor_ws/src/vendor/nebula/src/nebula_hesai/nebula_hesai) by extensions ['colcon_meta']
[0.438s] colcon.colcon_core.package_identification Level 1 _identify(autoracer_hooke/vendor_ws/src/vendor/nebula/src/nebula_hesai/nebula_hesai) by extension 'colcon_meta'
[0.438s] colcon.colcon_core.package_identification Level 1 _identify(autoracer_hooke/vendor_ws/src/vendor/nebula/src/nebula_hesai/nebula_hesai) by extensions ['ros']
[0.438s] colcon.colcon_core.package_identification Level 1 _identify(autoracer_hooke/vendor_ws/src/vendor/nebula/src/nebula_hesai/nebula_hesai) by extension 'ros'
[0.440s] colcon.colcon_core.package_identification DEBUG Package 'autoracer_hooke/vendor_ws/src/vendor/nebula/src/nebula_hesai/nebula_hesai' with type 'ros.ament_cmake' and name 'nebula_hesai'
[0.441s] colcon.colcon_core.package_identification Level 1 _identify(autoracer_hooke/vendor_ws/src/vendor/nebula/src/nebula_hesai/nebula_hesai_common) by extensions ['ignore', 'ignore_ament_install']
[0.441s] colcon.colcon_core.package_identification Level 1 _identify(autoracer_hooke/vendor_ws/src/vendor/nebula/src/nebula_hesai/nebula_hesai_common) by extension 'ignore'
[0.441s] colcon.colcon_core.package_identification Level 1 _identify(autoracer_hooke/vendor_ws/src/vendor/nebula/src/nebula_hesai/nebula_hesai_common) by extension 'ignore_ament_install'
[0.441s] colcon.colcon_core.package_identification Level 1 _identify(autoracer_hooke/vendor_ws/src/vendor/nebula/src/nebula_hesai/nebula_hesai_common) by extensions ['colcon_pkg']
[0.441s] colcon.colcon_core.package_identification Level 1 _identify(autoracer_hooke/vendor_ws/src/vendor/nebula/src/nebula_hesai/nebula_hesai_common) by extension 'colcon_pkg'
[0.441s] colcon.colcon_core.package_identification Level 1 _identify(autoracer_hooke/vendor_ws/src/vendor/nebula/src/nebula_hesai/nebula_hesai_common) by extensions ['colcon_meta']
[0.441s] colcon.colcon_core.package_identification Level 1 _identify(autoracer_hooke/vendor_ws/src/vendor/nebula/src/nebula_hesai/nebula_hesai_common) by extension 'colcon_meta'
[0.441s] colcon.colcon_core.package_identification Level 1 _identify(autoracer_hooke/vendor_ws/src/vendor/nebula/src/nebula_hesai/nebula_hesai_common) by extensions ['ros']
[0.441s] colcon.colcon_core.package_identification Level 1 _identify(autoracer_hooke/vendor_ws/src/vendor/nebula/src/nebula_hesai/nebula_hesai_common) by extension 'ros'
[0.441s] colcon.colcon_core.package_identification DEBUG Package 'autoracer_hooke/vendor_ws/src/vendor/nebula/src/nebula_hesai/nebula_hesai_common' with type 'ros.ament_cmake' and name 'nebula_hesai_common'
[0.441s] colcon.colcon_core.package_identification Level 1 _identify(autoracer_hooke/vendor_ws/src/vendor/nebula/src/nebula_hesai/nebula_hesai_decoders) by extensions ['ignore', 'ignore_ament_install']
[0.441s] colcon.colcon_core.package_identification Level 1 _identify(autoracer_hooke/vendor_ws/src/vendor/nebula/src/nebula_hesai/nebula_hesai_decoders) by extension 'ignore'
[0.442s] colcon.colcon_core.package_identification Level 1 _identify(autoracer_hooke/vendor_ws/src/vendor/nebula/src/nebula_hesai/nebula_hesai_decoders) by extension 'ignore_ament_install'
[0.442s] colcon.colcon_core.package_identification Level 1 _identify(autoracer_hooke/vendor_ws/src/vendor/nebula/src/nebula_hesai/nebula_hesai_decoders) by extensions ['colcon_pkg']
[0.442s] colcon.colcon_core.package_identification Level 1 _identify(autoracer_hooke/vendor_ws/src/vendor/nebula/src/nebula_hesai/nebula_hesai_decoders) by extension 'colcon_pkg'
[0.442s] colcon.colcon_core.package_identification Level 1 _identify(autoracer_hooke/vendor_ws/src/vendor/nebula/src/nebula_hesai/nebula_hesai_decoders) by extensions ['colcon_meta']
[0.442s] colcon.colcon_core.package_identification Level 1 _identify(autoracer_hooke/vendor_ws/src/vendor/nebula/src/nebula_hesai/nebula_hesai_decoders) by extension 'colcon_meta'
[0.442s] colcon.colcon_core.package_identification Level 1 _identify(autoracer_hooke/vendor_ws/src/vendor/nebula/src/nebula_hesai/nebula_hesai_decoders) by extensions ['ros']
[0.442s] colcon.colcon_core.package_identification Level 1 _identify(autoracer_hooke/vendor_ws/src/vendor/nebula/src/nebula_hesai/nebula_hesai_decoders) by extension 'ros'
[0.442s] colcon.colcon_core.package_identification DEBUG Package 'autoracer_hooke/vendor_ws/src/vendor/nebula/src/nebula_hesai/nebula_hesai_decoders' with type 'ros.ament_cmake' and name 'nebula_hesai_decoders'
[0.442s] colcon.colcon_core.package_identification Level 1 _identify(autoracer_hooke/vendor_ws/src/vendor/nebula/src/nebula_hesai/nebula_hesai_hw_interfaces) by extensions ['ignore', 'ignore_ament_install']
[0.442s] colcon.colcon_core.package_identification Level 1 _identify(autoracer_hooke/vendor_ws/src/vendor/nebula/src/nebula_hesai/nebula_hesai_hw_interfaces) by extension 'ignore'
[0.442s] colcon.colcon_core.package_identification Level 1 _identify(autoracer_hooke/vendor_ws/src/vendor/nebula/src/nebula_hesai/nebula_hesai_hw_interfaces) by extension 'ignore_ament_install'
[0.443s] colcon.colcon_core.package_identification Level 1 _identify(autoracer_hooke/vendor_ws/src/vendor/nebula/src/nebula_hesai/nebula_hesai_hw_interfaces) by extensions ['colcon_pkg']
[0.443s] colcon.colcon_core.package_identification Level 1 _identify(autoracer_hooke/vendor_ws/src/vendor/nebula/src/nebula_hesai/nebula_hesai_hw_interfaces) by extension 'colcon_pkg'
[0.443s] colcon.colcon_core.package_identification Level 1 _identify(autoracer_hooke/vendor_ws/src/vendor/nebula/src/nebula_hesai/nebula_hesai_hw_interfaces) by extensions ['colcon_meta']
[0.443s] colcon.colcon_core.package_identification Level 1 _identify(autoracer_hooke/vendor_ws/src/vendor/nebula/src/nebula_hesai/nebula_hesai_hw_interfaces) by extension 'colcon_meta'
[0.443s] colcon.colcon_core.package_identification Level 1 _identify(autoracer_hooke/vendor_ws/src/vendor/nebula/src/nebula_hesai/nebula_hesai_hw_interfaces) by extensions ['ros']
[0.443s] colcon.colcon_core.package_identification Level 1 _identify(autoracer_hooke/vendor_ws/src/vendor/nebula/src/nebula_hesai/nebula_hesai_hw_interfaces) by extension 'ros'
[0.443s] colcon.colcon_core.package_identification DEBUG Package 'autoracer_hooke/vendor_ws/src/vendor/nebula/src/nebula_hesai/nebula_hesai_hw_interfaces' with type 'ros.ament_cmake' and name 'nebula_hesai_hw_interfaces'
[0.443s] colcon.colcon_core.package_identification Level 1 _identify(autoracer_hooke/vendor_ws/src/vendor/nebula/src/nebula_hesai/pandar_msgs) by extensions ['ignore', 'ignore_ament_install']
[0.443s] colcon.colcon_core.package_identification Level 1 _identify(autoracer_hooke/vendor_ws/src/vendor/nebula/src/nebula_hesai/pandar_msgs) by extension 'ignore'
[0.443s] colcon.colcon_core.package_identification Level 1 _identify(autoracer_hooke/vendor_ws/src/vendor/nebula/src/nebula_hesai/pandar_msgs) by extension 'ignore_ament_install'
[0.443s] colcon.colcon_core.package_identification Level 1 _identify(autoracer_hooke/vendor_ws/src/vendor/nebula/src/nebula_hesai/pandar_msgs) by extensions ['colcon_pkg']
[0.443s] colcon.colcon_core.package_identification Level 1 _identify(autoracer_hooke/vendor_ws/src/vendor/nebula/src/nebula_hesai/pandar_msgs) by extension 'colcon_pkg'
[0.443s] colcon.colcon_core.package_identification Level 1 _identify(autoracer_hooke/vendor_ws/src/vendor/nebula/src/nebula_hesai/pandar_msgs) by extensions ['colcon_meta']
[0.443s] colcon.colcon_core.package_identification Level 1 _identify(autoracer_hooke/vendor_ws/src/vendor/nebula/src/nebula_hesai/pandar_msgs) by extension 'colcon_meta'
[0.444s] colcon.colcon_core.package_identification Level 1 _identify(autoracer_hooke/vendor_ws/src/vendor/nebula/src/nebula_hesai/pandar_msgs) by extensions ['ros']
[0.444s] colcon.colcon_core.package_identification Level 1 _identify(autoracer_hooke/vendor_ws/src/vendor/nebula/src/nebula_hesai/pandar_msgs) by extension 'ros'
[0.444s] colcon.colcon_core.package_identification DEBUG Package 'autoracer_hooke/vendor_ws/src/vendor/nebula/src/nebula_hesai/pandar_msgs' with type 'ros.ament_cmake' and name 'pandar_msgs'
[0.444s] colcon.colcon_core.package_identification Level 1 _identify(autoracer_hooke/vendor_ws/src/vendor/sync_tooling_msgs) by extensions ['ignore', 'ignore_ament_install']
[0.444s] colcon.colcon_core.package_identification Level 1 _identify(autoracer_hooke/vendor_ws/src/vendor/sync_tooling_msgs) by extension 'ignore'
[0.444s] colcon.colcon_core.package_identification Level 1 _identify(autoracer_hooke/vendor_ws/src/vendor/sync_tooling_msgs) by extension 'ignore_ament_install'
[0.444s] colcon.colcon_core.package_identification Level 1 _identify(autoracer_hooke/vendor_ws/src/vendor/sync_tooling_msgs) by extensions ['colcon_pkg']
[0.444s] colcon.colcon_core.package_identification Level 1 _identify(autoracer_hooke/vendor_ws/src/vendor/sync_tooling_msgs) by extension 'colcon_pkg'
[0.444s] colcon.colcon_core.package_identification Level 1 _identify(autoracer_hooke/vendor_ws/src/vendor/sync_tooling_msgs) by extensions ['colcon_meta']
[0.444s] colcon.colcon_core.package_identification Level 1 _identify(autoracer_hooke/vendor_ws/src/vendor/sync_tooling_msgs) by extension 'colcon_meta'
[0.444s] colcon.colcon_core.package_identification Level 1 _identify(autoracer_hooke/vendor_ws/src/vendor/sync_tooling_msgs) by extensions ['ros']
[0.444s] colcon.colcon_core.package_identification Level 1 _identify(autoracer_hooke/vendor_ws/src/vendor/sync_tooling_msgs) by extension 'ros'
[0.445s] colcon.colcon_core.package_identification DEBUG Package 'autoracer_hooke/vendor_ws/src/vendor/sync_tooling_msgs' with type 'ros.ament_cmake' and name 'sync_tooling_msgs'
[0.445s] colcon.colcon_core.package_identification Level 1 _identify(autoracer_hooke/vendor_ws/src/whale_components) by extensions ['ignore', 'ignore_ament_install']
[0.445s] colcon.colcon_core.package_identification Level 1 _identify(autoracer_hooke/vendor_ws/src/whale_components) by extension 'ignore'
[0.445s] colcon.colcon_core.package_identification Level 1 _identify(autoracer_hooke/vendor_ws/src/whale_components) by extension 'ignore_ament_install'
[0.445s] colcon.colcon_core.package_identification Level 1 _identify(autoracer_hooke/vendor_ws/src/whale_components) by extensions ['colcon_pkg']
[0.445s] colcon.colcon_core.package_identification Level 1 _identify(autoracer_hooke/vendor_ws/src/whale_components) by extension 'colcon_pkg'
[0.445s] colcon.colcon_core.package_identification Level 1 _identify(autoracer_hooke/vendor_ws/src/whale_components) by extensions ['colcon_meta']
[0.445s] colcon.colcon_core.package_identification Level 1 _identify(autoracer_hooke/vendor_ws/src/whale_components) by extension 'colcon_meta'
[0.445s] colcon.colcon_core.package_identification Level 1 _identify(autoracer_hooke/vendor_ws/src/whale_components) by extensions ['ros']
[0.445s] colcon.colcon_core.package_identification Level 1 _identify(autoracer_hooke/vendor_ws/src/whale_components) by extension 'ros'
[0.445s] colcon.colcon_core.package_identification Level 1 _identify(autoracer_hooke/vendor_ws/src/whale_components) by extensions ['cmake', 'python']
[0.445s] colcon.colcon_core.package_identification Level 1 _identify(autoracer_hooke/vendor_ws/src/whale_components) by extension 'cmake'
[0.445s] colcon.colcon_core.package_identification Level 1 _identify(autoracer_hooke/vendor_ws/src/whale_components) by extension 'python'
[0.445s] colcon.colcon_core.package_identification Level 1 _identify(autoracer_hooke/vendor_ws/src/whale_components) by extensions ['python_setup_py']
[0.445s] colcon.colcon_core.package_identification Level 1 _identify(autoracer_hooke/vendor_ws/src/whale_components) by extension 'python_setup_py'
[0.446s] colcon.colcon_core.package_identification Level 1 _identify(autoracer_hooke/vendor_ws/src/whale_components/hardware_drivers) by extensions ['ignore', 'ignore_ament_install']
[0.446s] colcon.colcon_core.package_identification Level 1 _identify(autoracer_hooke/vendor_ws/src/whale_components/hardware_drivers) by extension 'ignore'
[0.446s] colcon.colcon_core.package_identification Level 1 _identify(autoracer_hooke/vendor_ws/src/whale_components/hardware_drivers) by extension 'ignore_ament_install'
[0.446s] colcon.colcon_core.package_identification Level 1 _identify(autoracer_hooke/vendor_ws/src/whale_components/hardware_drivers) by extensions ['colcon_pkg']
[0.446s] colcon.colcon_core.package_identification Level 1 _identify(autoracer_hooke/vendor_ws/src/whale_components/hardware_drivers) by extension 'colcon_pkg'
[0.446s] colcon.colcon_core.package_identification Level 1 _identify(autoracer_hooke/vendor_ws/src/whale_components/hardware_drivers) by extensions ['colcon_meta']
[0.446s] colcon.colcon_core.package_identification Level 1 _identify(autoracer_hooke/vendor_ws/src/whale_components/hardware_drivers) by extension 'colcon_meta'
[0.446s] colcon.colcon_core.package_identification Level 1 _identify(autoracer_hooke/vendor_ws/src/whale_components/hardware_drivers) by extensions ['ros']
[0.446s] colcon.colcon_core.package_identification Level 1 _identify(autoracer_hooke/vendor_ws/src/whale_components/hardware_drivers) by extension 'ros'
[0.446s] colcon.colcon_core.package_identification Level 1 _identify(autoracer_hooke/vendor_ws/src/whale_components/hardware_drivers) by extensions ['cmake', 'python']
[0.446s] colcon.colcon_core.package_identification Level 1 _identify(autoracer_hooke/vendor_ws/src/whale_components/hardware_drivers) by extension 'cmake'
[0.446s] colcon.colcon_core.package_identification Level 1 _identify(autoracer_hooke/vendor_ws/src/whale_components/hardware_drivers) by extension 'python'
[0.446s] colcon.colcon_core.package_identification Level 1 _identify(autoracer_hooke/vendor_ws/src/whale_components/hardware_drivers) by extensions ['python_setup_py']
[0.446s] colcon.colcon_core.package_identification Level 1 _identify(autoracer_hooke/vendor_ws/src/whale_components/hardware_drivers) by extension 'python_setup_py'
[0.446s] colcon.colcon_core.package_identification Level 1 _identify(autoracer_hooke/vendor_ws/src/whale_components/hardware_drivers/gnss) by extensions ['ignore', 'ignore_ament_install']
[0.446s] colcon.colcon_core.package_identification Level 1 _identify(autoracer_hooke/vendor_ws/src/whale_components/hardware_drivers/gnss) by extension 'ignore'
[0.446s] colcon.colcon_core.package_identification Level 1 _identify(autoracer_hooke/vendor_ws/src/whale_components/hardware_drivers/gnss) by extension 'ignore_ament_install'
[0.446s] colcon.colcon_core.package_identification Level 1 _identify(autoracer_hooke/vendor_ws/src/whale_components/hardware_drivers/gnss) by extensions ['colcon_pkg']
[0.446s] colcon.colcon_core.package_identification Level 1 _identify(autoracer_hooke/vendor_ws/src/whale_components/hardware_drivers/gnss) by extension 'colcon_pkg'
[0.446s] colcon.colcon_core.package_identification Level 1 _identify(autoracer_hooke/vendor_ws/src/whale_components/hardware_drivers/gnss) by extensions ['colcon_meta']
[0.446s] colcon.colcon_core.package_identification Level 1 _identify(autoracer_hooke/vendor_ws/src/whale_components/hardware_drivers/gnss) by extension 'colcon_meta'
[0.446s] colcon.colcon_core.package_identification Level 1 _identify(autoracer_hooke/vendor_ws/src/whale_components/hardware_drivers/gnss) by extensions ['ros']
[0.446s] colcon.colcon_core.package_identification Level 1 _identify(autoracer_hooke/vendor_ws/src/whale_components/hardware_drivers/gnss) by extension 'ros'
[0.446s] colcon.colcon_core.package_identification Level 1 _identify(autoracer_hooke/vendor_ws/src/whale_components/hardware_drivers/gnss) by extensions ['cmake', 'python']
[0.446s] colcon.colcon_core.package_identification Level 1 _identify(autoracer_hooke/vendor_ws/src/whale_components/hardware_drivers/gnss) by extension 'cmake'
[0.446s] colcon.colcon_core.package_identification Level 1 _identify(autoracer_hooke/vendor_ws/src/whale_components/hardware_drivers/gnss) by extension 'python'
[0.446s] colcon.colcon_core.package_identification Level 1 _identify(autoracer_hooke/vendor_ws/src/whale_components/hardware_drivers/gnss) by extensions ['python_setup_py']
[0.446s] colcon.colcon_core.package_identification Level 1 _identify(autoracer_hooke/vendor_ws/src/whale_components/hardware_drivers/gnss) by extension 'python_setup_py'
[0.446s] colcon.colcon_core.package_identification Level 1 _identify(autoracer_hooke/vendor_ws/src/whale_components/hardware_drivers/gnss/fixposition_driver) by extensions ['ignore', 'ignore_ament_install']
[0.446s] colcon.colcon_core.package_identification Level 1 _identify(autoracer_hooke/vendor_ws/src/whale_components/hardware_drivers/gnss/fixposition_driver) by extension 'ignore'
[0.446s] colcon.colcon_core.package_identification Level 1 _identify(autoracer_hooke/vendor_ws/src/whale_components/hardware_drivers/gnss/fixposition_driver) by extension 'ignore_ament_install'
[0.447s] colcon.colcon_core.package_identification Level 1 _identify(autoracer_hooke/vendor_ws/src/whale_components/hardware_drivers/gnss/fixposition_driver) by extensions ['colcon_pkg']
[0.447s] colcon.colcon_core.package_identification Level 1 _identify(autoracer_hooke/vendor_ws/src/whale_components/hardware_drivers/gnss/fixposition_driver) by extension 'colcon_pkg'
[0.447s] colcon.colcon_core.package_identification Level 1 _identify(autoracer_hooke/vendor_ws/src/whale_components/hardware_drivers/gnss/fixposition_driver) by extensions ['colcon_meta']
[0.447s] colcon.colcon_core.package_identification Level 1 _identify(autoracer_hooke/vendor_ws/src/whale_components/hardware_drivers/gnss/fixposition_driver) by extension 'colcon_meta'
[0.447s] colcon.colcon_core.package_identification Level 1 _identify(autoracer_hooke/vendor_ws/src/whale_components/hardware_drivers/gnss/fixposition_driver) by extensions ['ros']
[0.447s] colcon.colcon_core.package_identification Level 1 _identify(autoracer_hooke/vendor_ws/src/whale_components/hardware_drivers/gnss/fixposition_driver) by extension 'ros'
[0.447s] colcon.colcon_core.package_identification Level 1 _identify(autoracer_hooke/vendor_ws/src/whale_components/hardware_drivers/gnss/fixposition_driver) by extensions ['cmake', 'python']
[0.447s] colcon.colcon_core.package_identification Level 1 _identify(autoracer_hooke/vendor_ws/src/whale_components/hardware_drivers/gnss/fixposition_driver) by extension 'cmake'
[0.447s] colcon.colcon_core.package_identification Level 1 _identify(autoracer_hooke/vendor_ws/src/whale_components/hardware_drivers/gnss/fixposition_driver) by extension 'python'
[0.447s] colcon.colcon_core.package_identification Level 1 _identify(autoracer_hooke/vendor_ws/src/whale_components/hardware_drivers/gnss/fixposition_driver) by extensions ['python_setup_py']
[0.447s] colcon.colcon_core.package_identification Level 1 _identify(autoracer_hooke/vendor_ws/src/whale_components/hardware_drivers/gnss/fixposition_driver) by extension 'python_setup_py'
[0.447s] colcon.colcon_core.package_identification Level 1 _identify(autoracer_hooke/vendor_ws/src/whale_components/hardware_drivers/gnss/fixposition_driver/fixposition-sdk) by extensions ['ignore', 'ignore_ament_install']
[0.447s] colcon.colcon_core.package_identification Level 1 _identify(autoracer_hooke/vendor_ws/src/whale_components/hardware_drivers/gnss/fixposition_driver/fixposition-sdk) by extension 'ignore'
[0.447s] colcon.colcon_core.package_identification Level 1 _identify(autoracer_hooke/vendor_ws/src/whale_components/hardware_drivers/gnss/fixposition_driver/fixposition-sdk) by extension 'ignore_ament_install'
[0.447s] colcon.colcon_core.package_identification Level 1 _identify(autoracer_hooke/vendor_ws/src/whale_components/hardware_drivers/gnss/fixposition_driver/fixposition-sdk) by extensions ['colcon_pkg']
[0.447s] colcon.colcon_core.package_identification Level 1 _identify(autoracer_hooke/vendor_ws/src/whale_components/hardware_drivers/gnss/fixposition_driver/fixposition-sdk) by extension 'colcon_pkg'
[0.447s] colcon.colcon_core.package_identification Level 1 _identify(autoracer_hooke/vendor_ws/src/whale_components/hardware_drivers/gnss/fixposition_driver/fixposition-sdk) by extensions ['colcon_meta']
[0.447s] colcon.colcon_core.package_identification Level 1 _identify(autoracer_hooke/vendor_ws/src/whale_components/hardware_drivers/gnss/fixposition_driver/fixposition-sdk) by extension 'colcon_meta'
[0.447s] colcon.colcon_core.package_identification Level 1 _identify(autoracer_hooke/vendor_ws/src/whale_components/hardware_drivers/gnss/fixposition_driver/fixposition-sdk) by extensions ['ros']
[0.447s] colcon.colcon_core.package_identification Level 1 _identify(autoracer_hooke/vendor_ws/src/whale_components/hardware_drivers/gnss/fixposition_driver/fixposition-sdk) by extension 'ros'
[0.447s] colcon.colcon_core.package_identification Level 1 _identify(autoracer_hooke/vendor_ws/src/whale_components/hardware_drivers/gnss/fixposition_driver/fixposition-sdk) by extensions ['cmake', 'python']
[0.447s] colcon.colcon_core.package_identification Level 1 _identify(autoracer_hooke/vendor_ws/src/whale_components/hardware_drivers/gnss/fixposition_driver/fixposition-sdk) by extension 'cmake'
[0.447s] colcon.colcon_core.package_identification Level 1 _identify(autoracer_hooke/vendor_ws/src/whale_components/hardware_drivers/gnss/fixposition_driver/fixposition-sdk) by extension 'python'
[0.447s] colcon.colcon_core.package_identification Level 1 _identify(autoracer_hooke/vendor_ws/src/whale_components/hardware_drivers/gnss/fixposition_driver/fixposition-sdk) by extensions ['python_setup_py']
[0.447s] colcon.colcon_core.package_identification Level 1 _identify(autoracer_hooke/vendor_ws/src/whale_components/hardware_drivers/gnss/fixposition_driver/fixposition-sdk) by extension 'python_setup_py'
[0.447s] colcon.colcon_core.package_identification Level 1 _identify(autoracer_hooke/vendor_ws/src/whale_components/hardware_drivers/gnss/fixposition_driver/fixposition-sdk/fpsdk_common) by extensions ['ignore', 'ignore_ament_install']
[0.447s] colcon.colcon_core.package_identification Level 1 _identify(autoracer_hooke/vendor_ws/src/whale_components/hardware_drivers/gnss/fixposition_driver/fixposition-sdk/fpsdk_common) by extension 'ignore'
[0.447s] colcon.colcon_core.package_identification Level 1 _identify(autoracer_hooke/vendor_ws/src/whale_components/hardware_drivers/gnss/fixposition_driver/fixposition-sdk/fpsdk_common) by extension 'ignore_ament_install'
[0.447s] colcon.colcon_core.package_identification Level 1 _identify(autoracer_hooke/vendor_ws/src/whale_components/hardware_drivers/gnss/fixposition_driver/fixposition-sdk/fpsdk_common) by extensions ['colcon_pkg']
[0.447s] colcon.colcon_core.package_identification Level 1 _identify(autoracer_hooke/vendor_ws/src/whale_components/hardware_drivers/gnss/fixposition_driver/fixposition-sdk/fpsdk_common) by extension 'colcon_pkg'
[0.447s] colcon.colcon_core.package_identification Level 1 _identify(autoracer_hooke/vendor_ws/src/whale_components/hardware_drivers/gnss/fixposition_driver/fixposition-sdk/fpsdk_common) by extensions ['colcon_meta']
[0.448s] colcon.colcon_core.package_identification Level 1 _identify(autoracer_hooke/vendor_ws/src/whale_components/hardware_drivers/gnss/fixposition_driver/fixposition-sdk/fpsdk_common) by extension 'colcon_meta'
[0.448s] colcon.colcon_core.package_identification Level 1 _identify(autoracer_hooke/vendor_ws/src/whale_components/hardware_drivers/gnss/fixposition_driver/fixposition-sdk/fpsdk_common) by extensions ['ros']
[0.448s] colcon.colcon_core.package_identification Level 1 _identify(autoracer_hooke/vendor_ws/src/whale_components/hardware_drivers/gnss/fixposition_driver/fixposition-sdk/fpsdk_common) by extension 'ros'
[0.448s] colcon.colcon_core.package_identification DEBUG Package 'autoracer_hooke/vendor_ws/src/whale_components/hardware_drivers/gnss/fixposition_driver/fixposition-sdk/fpsdk_common' with type 'ros.cmake' and name 'fpsdk_common'
[0.448s] colcon.colcon_core.package_identification Level 1 _identify(autoracer_hooke/vendor_ws/src/whale_components/hardware_drivers/gnss/fixposition_driver/fixposition-sdk/fpsdk_ros2) by extensions ['ignore', 'ignore_ament_install']
[0.448s] colcon.colcon_core.package_identification Level 1 _identify(autoracer_hooke/vendor_ws/src/whale_components/hardware_drivers/gnss/fixposition_driver/fixposition-sdk/fpsdk_ros2) by extension 'ignore'
[0.448s] colcon.colcon_core.package_identification Level 1 _identify(autoracer_hooke/vendor_ws/src/whale_components/hardware_drivers/gnss/fixposition_driver/fixposition-sdk/fpsdk_ros2) by extension 'ignore_ament_install'
[0.448s] colcon.colcon_core.package_identification Level 1 _identify(autoracer_hooke/vendor_ws/src/whale_components/hardware_drivers/gnss/fixposition_driver/fixposition-sdk/fpsdk_ros2) by extensions ['colcon_pkg']
[0.448s] colcon.colcon_core.package_identification Level 1 _identify(autoracer_hooke/vendor_ws/src/whale_components/hardware_drivers/gnss/fixposition_driver/fixposition-sdk/fpsdk_ros2) by extension 'colcon_pkg'
[0.448s] colcon.colcon_core.package_identification Level 1 _identify(autoracer_hooke/vendor_ws/src/whale_components/hardware_drivers/gnss/fixposition_driver/fixposition-sdk/fpsdk_ros2) by extensions ['colcon_meta']
[0.448s] colcon.colcon_core.package_identification Level 1 _identify(autoracer_hooke/vendor_ws/src/whale_components/hardware_drivers/gnss/fixposition_driver/fixposition-sdk/fpsdk_ros2) by extension 'colcon_meta'
[0.448s] colcon.colcon_core.package_identification Level 1 _identify(autoracer_hooke/vendor_ws/src/whale_components/hardware_drivers/gnss/fixposition_driver/fixposition-sdk/fpsdk_ros2) by extensions ['ros']
[0.448s] colcon.colcon_core.package_identification Level 1 _identify(autoracer_hooke/vendor_ws/src/whale_components/hardware_drivers/gnss/fixposition_driver/fixposition-sdk/fpsdk_ros2) by extension 'ros'
[0.449s] colcon.colcon_core.package_identification DEBUG Package 'autoracer_hooke/vendor_ws/src/whale_components/hardware_drivers/gnss/fixposition_driver/fixposition-sdk/fpsdk_ros2' with type 'ros.cmake' and name 'fpsdk_ros2'
[0.449s] colcon.colcon_core.package_identification Level 1 _identify(autoracer_hooke/vendor_ws/src/whale_components/hardware_drivers/gnss/fixposition_driver/fixposition_driver_lib) by extensions ['ignore', 'ignore_ament_install']
[0.449s] colcon.colcon_core.package_identification Level 1 _identify(autoracer_hooke/vendor_ws/src/whale_components/hardware_drivers/gnss/fixposition_driver/fixposition_driver_lib) by extension 'ignore'
[0.449s] colcon.colcon_core.package_identification Level 1 _identify(autoracer_hooke/vendor_ws/src/whale_components/hardware_drivers/gnss/fixposition_driver/fixposition_driver_lib) by extension 'ignore_ament_install'
[0.449s] colcon.colcon_core.package_identification Level 1 _identify(autoracer_hooke/vendor_ws/src/whale_components/hardware_drivers/gnss/fixposition_driver/fixposition_driver_lib) by extensions ['colcon_pkg']
[0.449s] colcon.colcon_core.package_identification Level 1 _identify(autoracer_hooke/vendor_ws/src/whale_components/hardware_drivers/gnss/fixposition_driver/fixposition_driver_lib) by extension 'colcon_pkg'
[0.449s] colcon.colcon_core.package_identification Level 1 _identify(autoracer_hooke/vendor_ws/src/whale_components/hardware_drivers/gnss/fixposition_driver/fixposition_driver_lib) by extensions ['colcon_meta']
[0.449s] colcon.colcon_core.package_identification Level 1 _identify(autoracer_hooke/vendor_ws/src/whale_components/hardware_drivers/gnss/fixposition_driver/fixposition_driver_lib) by extension 'colcon_meta'
[0.449s] colcon.colcon_core.package_identification Level 1 _identify(autoracer_hooke/vendor_ws/src/whale_components/hardware_drivers/gnss/fixposition_driver/fixposition_driver_lib) by extensions ['ros']
[0.449s] colcon.colcon_core.package_identification Level 1 _identify(autoracer_hooke/vendor_ws/src/whale_components/hardware_drivers/gnss/fixposition_driver/fixposition_driver_lib) by extension 'ros'
[0.453s] colcon.colcon_core.package_identification DEBUG Package 'autoracer_hooke/vendor_ws/src/whale_components/hardware_drivers/gnss/fixposition_driver/fixposition_driver_lib' with type 'ros.cmake' and name 'fixposition_driver_lib'
[0.454s] colcon.colcon_core.package_identification Level 1 _identify(autoracer_hooke/vendor_ws/src/whale_components/hardware_drivers/gnss/fixposition_driver/fixposition_driver_msgs) by extensions ['ignore', 'ignore_ament_install']
[0.454s] colcon.colcon_core.package_identification Level 1 _identify(autoracer_hooke/vendor_ws/src/whale_components/hardware_drivers/gnss/fixposition_driver/fixposition_driver_msgs) by extension 'ignore'
[0.454s] colcon.colcon_core.package_identification Level 1 _identify(autoracer_hooke/vendor_ws/src/whale_components/hardware_drivers/gnss/fixposition_driver/fixposition_driver_msgs) by extension 'ignore_ament_install'
[0.454s] colcon.colcon_core.package_identification Level 1 _identify(autoracer_hooke/vendor_ws/src/whale_components/hardware_drivers/gnss/fixposition_driver/fixposition_driver_msgs) by extensions ['colcon_pkg']
[0.454s] colcon.colcon_core.package_identification Level 1 _identify(autoracer_hooke/vendor_ws/src/whale_components/hardware_drivers/gnss/fixposition_driver/fixposition_driver_msgs) by extension 'colcon_pkg'
[0.454s] colcon.colcon_core.package_identification Level 1 _identify(autoracer_hooke/vendor_ws/src/whale_components/hardware_drivers/gnss/fixposition_driver/fixposition_driver_msgs) by extensions ['colcon_meta']
[0.454s] colcon.colcon_core.package_identification Level 1 _identify(autoracer_hooke/vendor_ws/src/whale_components/hardware_drivers/gnss/fixposition_driver/fixposition_driver_msgs) by extension 'colcon_meta'
[0.454s] colcon.colcon_core.package_identification Level 1 _identify(autoracer_hooke/vendor_ws/src/whale_components/hardware_drivers/gnss/fixposition_driver/fixposition_driver_msgs) by extensions ['ros']
[0.454s] colcon.colcon_core.package_identification Level 1 _identify(autoracer_hooke/vendor_ws/src/whale_components/hardware_drivers/gnss/fixposition_driver/fixposition_driver_msgs) by extension 'ros'
[0.457s] colcon.colcon_core.package_identification DEBUG Package 'autoracer_hooke/vendor_ws/src/whale_components/hardware_drivers/gnss/fixposition_driver/fixposition_driver_msgs' with type 'ros.ament_cmake' and name 'fixposition_driver_msgs'
[0.457s] colcon.colcon_core.package_identification Level 1 _identify(autoracer_hooke/vendor_ws/src/whale_components/hardware_drivers/gnss/fixposition_driver/fixposition_driver_ros2) by extensions ['ignore', 'ignore_ament_install']
[0.457s] colcon.colcon_core.package_identification Level 1 _identify(autoracer_hooke/vendor_ws/src/whale_components/hardware_drivers/gnss/fixposition_driver/fixposition_driver_ros2) by extension 'ignore'
[0.457s] colcon.colcon_core.package_identification Level 1 _identify(autoracer_hooke/vendor_ws/src/whale_components/hardware_drivers/gnss/fixposition_driver/fixposition_driver_ros2) by extension 'ignore_ament_install'
[0.458s] colcon.colcon_core.package_identification Level 1 _identify(autoracer_hooke/vendor_ws/src/whale_components/hardware_drivers/gnss/fixposition_driver/fixposition_driver_ros2) by extensions ['colcon_pkg']
[0.458s] colcon.colcon_core.package_identification Level 1 _identify(autoracer_hooke/vendor_ws/src/whale_components/hardware_drivers/gnss/fixposition_driver/fixposition_driver_ros2) by extension 'colcon_pkg'
[0.458s] colcon.colcon_core.package_identification Level 1 _identify(autoracer_hooke/vendor_ws/src/whale_components/hardware_drivers/gnss/fixposition_driver/fixposition_driver_ros2) by extensions ['colcon_meta']
[0.458s] colcon.colcon_core.package_identification Level 1 _identify(autoracer_hooke/vendor_ws/src/whale_components/hardware_drivers/gnss/fixposition_driver/fixposition_driver_ros2) by extension 'colcon_meta'
[0.458s] colcon.colcon_core.package_identification Level 1 _identify(autoracer_hooke/vendor_ws/src/whale_components/hardware_drivers/gnss/fixposition_driver/fixposition_driver_ros2) by extensions ['ros']
[0.458s] colcon.colcon_core.package_identification Level 1 _identify(autoracer_hooke/vendor_ws/src/whale_components/hardware_drivers/gnss/fixposition_driver/fixposition_driver_ros2) by extension 'ros'
[0.459s] colcon.colcon_core.package_identification DEBUG Package 'autoracer_hooke/vendor_ws/src/whale_components/hardware_drivers/gnss/fixposition_driver/fixposition_driver_ros2' with type 'ros.ament_cmake' and name 'fixposition_driver_ros2'
[0.459s] colcon.colcon_core.package_identification Level 1 _identify(autoracer_hooke/vendor_ws/src/whale_components/hardware_drivers/gnss/fixposition_driver/rtcm_msgs) by extensions ['ignore', 'ignore_ament_install']
[0.459s] colcon.colcon_core.package_identification Level 1 _identify(autoracer_hooke/vendor_ws/src/whale_components/hardware_drivers/gnss/fixposition_driver/rtcm_msgs) by extension 'ignore'
[0.459s] colcon.colcon_core.package_identification Level 1 _identify(autoracer_hooke/vendor_ws/src/whale_components/hardware_drivers/gnss/fixposition_driver/rtcm_msgs) by extension 'ignore_ament_install'
[0.459s] colcon.colcon_core.package_identification Level 1 _identify(autoracer_hooke/vendor_ws/src/whale_components/hardware_drivers/gnss/fixposition_driver/rtcm_msgs) by extensions ['colcon_pkg']
[0.459s] colcon.colcon_core.package_identification Level 1 _identify(autoracer_hooke/vendor_ws/src/whale_components/hardware_drivers/gnss/fixposition_driver/rtcm_msgs) by extension 'colcon_pkg'
[0.459s] colcon.colcon_core.package_identification Level 1 _identify(autoracer_hooke/vendor_ws/src/whale_components/hardware_drivers/gnss/fixposition_driver/rtcm_msgs) by extensions ['colcon_meta']
[0.459s] colcon.colcon_core.package_identification Level 1 _identify(autoracer_hooke/vendor_ws/src/whale_components/hardware_drivers/gnss/fixposition_driver/rtcm_msgs) by extension 'colcon_meta'
[0.460s] colcon.colcon_core.package_identification Level 1 _identify(autoracer_hooke/vendor_ws/src/whale_components/hardware_drivers/gnss/fixposition_driver/rtcm_msgs) by extensions ['ros']
[0.460s] colcon.colcon_core.package_identification Level 1 _identify(autoracer_hooke/vendor_ws/src/whale_components/hardware_drivers/gnss/fixposition_driver/rtcm_msgs) by extension 'ros'
[0.462s] colcon.colcon_core.package_identification DEBUG Package 'autoracer_hooke/vendor_ws/src/whale_components/hardware_drivers/gnss/fixposition_driver/rtcm_msgs' with type 'ros.ament_cmake' and name 'rtcm_msgs'
[0.462s] colcon.colcon_core.package_discovery Level 1 discover_packages(recursive) using defaults
[0.523s] colcon.colcon_core.package_selection INFO Skipping not selected package 'autoware_adapi_v1_msgs' in 'autoracer_hooke/vendor_ws/src/autoware/autoware_adapi_msgs/autoware_adapi_v1_msgs'
[0.523s] colcon.colcon_core.package_selection INFO Skipping not selected package 'autoware_common_msgs' in 'autoracer_hooke/vendor_ws/src/autoware/autoware_msgs/autoware_common_msgs'
[0.523s] colcon.colcon_core.package_selection INFO Skipping not selected package 'autoware_control_msgs' in 'autoracer_hooke/vendor_ws/src/autoware/autoware_msgs/autoware_control_msgs'
[0.523s] colcon.colcon_core.package_selection INFO Skipping not selected package 'autoware_internal_debug_msgs' in 'autoracer_hooke/vendor_ws/src/autoware/autoware_internal_msgs/autoware_internal_debug_msgs'
[0.523s] colcon.colcon_core.package_selection INFO Skipping not selected package 'autoware_internal_metric_msgs' in 'autoracer_hooke/vendor_ws/src/autoware/autoware_internal_msgs/autoware_internal_metric_msgs'
[0.523s] colcon.colcon_core.package_selection INFO Skipping not selected package 'autoware_lint_common' in 'autoracer_hooke/vendor_ws/src/autoware/autoware_cmake/autoware_lint_common'
[0.523s] colcon.colcon_core.package_selection INFO Skipping not selected package 'autoware_map_msgs' in 'autoracer_hooke/vendor_ws/src/autoware/autoware_msgs/autoware_map_msgs'
[0.523s] colcon.colcon_core.package_selection INFO Skipping not selected package 'autoware_perception_msgs' in 'autoracer_hooke/vendor_ws/src/autoware/autoware_msgs/autoware_perception_msgs'
[0.523s] colcon.colcon_core.package_selection INFO Skipping not selected package 'autoware_sensing_msgs' in 'autoracer_hooke/vendor_ws/src/autoware/autoware_msgs/autoware_sensing_msgs'
[0.523s] colcon.colcon_core.package_selection INFO Skipping not selected package 'fpsdk_common' in 'autoracer_hooke/vendor_ws/src/whale_components/hardware_drivers/gnss/fixposition_driver/fixposition-sdk/fpsdk_common'
[0.523s] colcon.colcon_core.package_selection INFO Skipping not selected package 'managed_transform_buffer' in 'autoracer_hooke/vendor_ws/src/autoware/managed_transform_buffer/managed_transform_buffer'
[0.523s] colcon.colcon_core.package_selection INFO Skipping not selected package 'rtcm_msgs' in 'autoracer_hooke/vendor_ws/src/whale_components/hardware_drivers/gnss/fixposition_driver/rtcm_msgs'
[0.523s] colcon.colcon_core.package_selection INFO Skipping not selected package 'sync_tooling_msgs' in 'autoracer_hooke/vendor_ws/src/vendor/sync_tooling_msgs'
[0.523s] colcon.colcon_core.package_selection INFO Skipping not selected package 'tier4_debug_msgs' in 'autoracer_hooke/vendor_ws/src/autoware/tier4_autoware_msgs/tier4_debug_msgs'
[0.523s] colcon.colcon_core.package_selection INFO Skipping not selected package 'autoware_cmake' in 'autoracer_hooke/vendor_ws/src/autoware/autoware_cmake/autoware_cmake'
[0.523s] colcon.colcon_core.package_selection INFO Skipping not selected package 'autoware_internal_localization_msgs' in 'autoracer_hooke/vendor_ws/src/autoware/autoware_internal_msgs/autoware_internal_localization_msgs'
[0.523s] colcon.colcon_core.package_selection INFO Skipping not selected package 'autoware_internal_perception_msgs' in 'autoracer_hooke/vendor_ws/src/autoware/autoware_internal_msgs/autoware_internal_perception_msgs'
[0.523s] colcon.colcon_core.package_selection INFO Skipping not selected package 'autoware_localization_msgs' in 'autoracer_hooke/vendor_ws/src/autoware/autoware_msgs/autoware_localization_msgs'
[0.523s] colcon.colcon_core.package_selection INFO Skipping not selected package 'autoware_planning_msgs' in 'autoracer_hooke/vendor_ws/src/autoware/autoware_msgs/autoware_planning_msgs'
[0.523s] colcon.colcon_core.package_selection INFO Skipping not selected package 'autoware_system_msgs' in 'autoracer_hooke/vendor_ws/src/autoware/autoware_msgs/autoware_system_msgs'
[0.523s] colcon.colcon_core.package_selection INFO Skipping not selected package 'fpsdk_ros2' in 'autoracer_hooke/vendor_ws/src/whale_components/hardware_drivers/gnss/fixposition_driver/fixposition-sdk/fpsdk_ros2'
[0.523s] colcon.colcon_core.package_selection INFO Skipping not selected package 'tier4_control_msgs' in 'autoracer_hooke/vendor_ws/src/autoware/tier4_autoware_msgs/tier4_control_msgs'
[0.523s] colcon.colcon_core.package_selection INFO Skipping not selected package 'tier4_external_api_msgs' in 'autoracer_hooke/vendor_ws/src/autoware/tier4_autoware_msgs/tier4_external_api_msgs'
[0.523s] colcon.colcon_core.package_selection INFO Skipping not selected package 'tier4_system_msgs' in 'autoracer_hooke/vendor_ws/src/autoware/tier4_autoware_msgs/tier4_system_msgs'
[0.523s] colcon.colcon_core.package_selection INFO Skipping not selected package 'autoware_adapi_specs' in 'autoracer_hooke/vendor_ws/src/autoware/core/api/autoware_adapi_specs'
[0.523s] colcon.colcon_core.package_selection INFO Skipping not selected package 'autoware_component_interface_utils' in 'autoracer_hooke/vendor_ws/src/autoware/universe/common/autoware_component_interface_utils'
[0.523s] colcon.colcon_core.package_selection INFO Skipping not selected package 'autoware_internal_planning_msgs' in 'autoracer_hooke/vendor_ws/src/autoware/autoware_internal_msgs/autoware_internal_planning_msgs'
[0.524s] colcon.colcon_core.package_selection INFO Skipping not selected package 'autoware_kalman_filter' in 'autoracer_hooke/vendor_ws/src/autoware/core/common/autoware_kalman_filter'
[0.524s] colcon.colcon_core.package_selection INFO Skipping not selected package 'autoware_lanelet2_extension' in 'autoracer_hooke/vendor_ws/src/autoware/autoware_lanelet2_extension/autoware_lanelet2_extension'
[0.524s] colcon.colcon_core.package_selection INFO Skipping not selected package 'autoware_localization_util' in 'autoracer_hooke/vendor_ws/src/autoware/core/localization/autoware_localization_util'
[0.524s] colcon.colcon_core.package_selection INFO Skipping not selected package 'autoware_osqp_interface' in 'autoracer_hooke/vendor_ws/src/autoware/core/common/autoware_osqp_interface'
[0.524s] colcon.colcon_core.package_selection INFO Skipping not selected package 'autoware_pcl_extensions' in 'autoracer_hooke/vendor_ws/src/autoware/universe/sensing/autoware_pcl_extensions'
[0.524s] colcon.colcon_core.package_selection INFO Skipping not selected package 'autoware_point_types' in 'autoracer_hooke/vendor_ws/src/autoware/core/common/autoware_point_types'
[0.524s] colcon.colcon_core.package_selection INFO Skipping not selected package 'autoware_qos_utils' in 'autoracer_hooke/vendor_ws/src/autoware/core/common/autoware_qos_utils'
[0.524s] colcon.colcon_core.package_selection INFO Skipping not selected package 'autoware_signal_processing' in 'autoracer_hooke/vendor_ws/src/autoware/core/common/autoware_signal_processing'
[0.524s] colcon.colcon_core.package_selection INFO Skipping not selected package 'autoware_utils_diagnostics' in 'autoracer_hooke/vendor_ws/src/autoware/autoware_utils/autoware_utils_diagnostics'
[0.524s] colcon.colcon_core.package_selection INFO Skipping not selected package 'autoware_utils_logging' in 'autoracer_hooke/vendor_ws/src/autoware/autoware_utils/autoware_utils_logging'
[0.524s] colcon.colcon_core.package_selection INFO Skipping not selected package 'autoware_utils_math' in 'autoracer_hooke/vendor_ws/src/autoware/autoware_utils/autoware_utils_math'
[0.524s] colcon.colcon_core.package_selection INFO Skipping not selected package 'autoware_utils_rclcpp' in 'autoracer_hooke/vendor_ws/src/autoware/autoware_utils/autoware_utils_rclcpp'
[0.524s] colcon.colcon_core.package_selection INFO Skipping not selected package 'autoware_utils_system' in 'autoracer_hooke/vendor_ws/src/autoware/autoware_utils/autoware_utils_system'
[0.524s] colcon.colcon_core.package_selection INFO Skipping not selected package 'autoware_utils_uuid' in 'autoracer_hooke/vendor_ws/src/autoware/autoware_utils/autoware_utils_uuid'
[0.524s] colcon.colcon_core.package_selection INFO Skipping not selected package 'autoware_utils_visualization' in 'autoracer_hooke/vendor_ws/src/autoware/autoware_utils/autoware_utils_visualization'
[0.524s] colcon.colcon_core.package_selection INFO Skipping not selected package 'autoware_vehicle_msgs' in 'autoracer_hooke/vendor_ws/src/autoware/autoware_msgs/autoware_vehicle_msgs'
[0.524s] colcon.colcon_core.package_selection INFO Skipping not selected package 'fixposition_driver_lib' in 'autoracer_hooke/vendor_ws/src/whale_components/hardware_drivers/gnss/fixposition_driver/fixposition_driver_lib'
[0.524s] colcon.colcon_core.package_selection INFO Skipping not selected package 'nebula_core_common' in 'autoracer_hooke/vendor_ws/src/vendor/nebula/src/nebula_core/nebula_core_common'
[0.524s] colcon.colcon_core.package_selection INFO Skipping not selected package 'nebula_msgs' in 'autoracer_hooke/vendor_ws/src/vendor/nebula/src/nebula_core/nebula_msgs'
[0.524s] colcon.colcon_core.package_selection INFO Skipping not selected package 'pandar_msgs' in 'autoracer_hooke/vendor_ws/src/vendor/nebula/src/nebula_hesai/pandar_msgs'
[0.524s] colcon.colcon_core.package_selection INFO Skipping not selected package 'tier4_api_utils' in 'autoracer_hooke/vendor_ws/src/autoware/universe/common/tier4_api_utils'
[0.524s] colcon.colcon_core.package_selection INFO Skipping not selected package 'tier4_planning_msgs' in 'autoracer_hooke/vendor_ws/src/autoware/tier4_autoware_msgs/tier4_planning_msgs'
[0.524s] colcon.colcon_core.package_selection INFO Skipping not selected package 'tier4_vehicle_msgs' in 'autoracer_hooke/vendor_ws/src/autoware/tier4_autoware_msgs/tier4_vehicle_msgs'
[0.524s] colcon.colcon_core.package_selection INFO Skipping not selected package 'autoware_agnocast_wrapper' in 'autoracer_hooke/vendor_ws/src/autoware/core/common/autoware_agnocast_wrapper'
[0.524s] colcon.colcon_core.package_selection INFO Skipping not selected package 'autoware_automatic_pose_initializer' in 'autoracer_hooke/vendor_ws/src/autoware/universe/system/autoware_default_adapi_helpers/autoware_automatic_pose_initializer'
[0.524s] colcon.colcon_core.package_selection INFO Skipping not selected package 'autoware_component_interface_specs' in 'autoracer_hooke/vendor_ws/src/autoware/core/common/autoware_component_interface_specs'
[0.524s] colcon.colcon_core.package_selection INFO Skipping not selected package 'autoware_component_interface_specs_universe' in 'autoracer_hooke/vendor_ws/src/autoware/universe/common/autoware_component_interface_specs_universe'
[0.524s] colcon.colcon_core.package_selection INFO Skipping not selected package 'autoware_geography_utils' in 'autoracer_hooke/vendor_ws/src/autoware/core/common/autoware_geography_utils'
[0.524s] colcon.colcon_core.package_selection INFO Skipping not selected package 'autoware_internal_msgs' in 'autoracer_hooke/vendor_ws/src/autoware/autoware_internal_msgs/autoware_internal_msgs'
[0.524s] colcon.colcon_core.package_selection INFO Skipping not selected package 'autoware_localization_error_monitor' in 'autoracer_hooke/vendor_ws/src/autoware/universe/localization/autoware_localization_error_monitor'
[0.524s] colcon.colcon_core.package_selection INFO Skipping not selected package 'autoware_utils_geometry' in 'autoracer_hooke/vendor_ws/src/autoware/autoware_utils/autoware_utils_geometry'
[0.524s] colcon.colcon_core.package_selection INFO Skipping not selected package 'fixposition_driver_msgs' in 'autoracer_hooke/vendor_ws/src/whale_components/hardware_drivers/gnss/fixposition_driver/fixposition_driver_msgs'
[0.524s] colcon.colcon_core.package_selection INFO Skipping not selected package 'nebula_core_decoders' in 'autoracer_hooke/vendor_ws/src/vendor/nebula/src/nebula_core/nebula_core_decoders'
[0.524s] colcon.colcon_core.package_selection INFO Skipping not selected package 'nebula_core_hw_interfaces' in 'autoracer_hooke/vendor_ws/src/vendor/nebula/src/nebula_core/nebula_core_hw_interfaces'
[0.524s] colcon.colcon_core.package_selection INFO Skipping not selected package 'nebula_core_ros' in 'autoracer_hooke/vendor_ws/src/vendor/nebula/src/nebula_core/nebula_core_ros'
[0.524s] colcon.colcon_core.package_selection INFO Skipping not selected package 'nebula_hesai_common' in 'autoracer_hooke/vendor_ws/src/vendor/nebula/src/nebula_hesai/nebula_hesai_common'
[0.524s] colcon.colcon_core.package_selection INFO Skipping not selected package 'tier4_api_msgs' in 'autoracer_hooke/vendor_ws/src/autoware/tier4_autoware_msgs/tier4_api_msgs'
[0.524s] colcon.colcon_core.package_selection INFO Skipping not selected package 'autoware_gnss_poser' in 'autoracer_hooke/vendor_ws/src/autoware/core/sensing/autoware_gnss_poser'
[0.524s] colcon.colcon_core.package_selection INFO Skipping not selected package 'autoware_interpolation' in 'autoracer_hooke/vendor_ws/src/autoware/core/common/autoware_interpolation'
[0.524s] colcon.colcon_core.package_selection INFO Skipping not selected package 'autoware_lanelet2_utils' in 'autoracer_hooke/vendor_ws/src/autoware/core/common/autoware_lanelet2_utils'
[0.524s] colcon.colcon_core.package_selection INFO Skipping not selected package 'autoware_map_projection_loader' in 'autoracer_hooke/vendor_ws/src/autoware/core/map/autoware_map_projection_loader'
[0.524s] colcon.colcon_core.package_selection INFO Skipping not selected package 'autoware_pose_instability_detector' in 'autoracer_hooke/vendor_ws/src/autoware/universe/localization/autoware_pose_instability_detector'
[0.524s] colcon.colcon_core.package_selection INFO Skipping not selected package 'autoware_stop_filter' in 'autoracer_hooke/vendor_ws/src/autoware/core/localization/autoware_stop_filter'
[0.524s] colcon.colcon_core.package_selection INFO Skipping not selected package 'autoware_twist2accel' in 'autoracer_hooke/vendor_ws/src/autoware/core/localization/autoware_twist2accel'
[0.524s] colcon.colcon_core.package_selection INFO Skipping not selected package 'autoware_utils_debug' in 'autoracer_hooke/vendor_ws/src/autoware/autoware_utils/autoware_utils_debug'
[0.524s] colcon.colcon_core.package_selection INFO Skipping not selected package 'autoware_utils_tf' in 'autoracer_hooke/vendor_ws/src/autoware/autoware_utils/autoware_utils_tf'
[0.524s] colcon.colcon_core.package_selection INFO Skipping not selected package 'autoware_vehicle_info_utils' in 'autoracer_hooke/vendor_ws/src/autoware/core/common/autoware_vehicle_info_utils'
[0.524s] colcon.colcon_core.package_selection INFO Skipping not selected package 'autoware_vehicle_velocity_converter' in 'autoracer_hooke/vendor_ws/src/autoware/core/sensing/autoware_vehicle_velocity_converter'
[0.524s] colcon.colcon_core.package_selection INFO Skipping not selected package 'fixposition_driver_ros2' in 'autoracer_hooke/vendor_ws/src/whale_components/hardware_drivers/gnss/fixposition_driver/fixposition_driver_ros2'
[0.524s] colcon.colcon_core.package_selection INFO Skipping not selected package 'nebula_hesai_decoders' in 'autoracer_hooke/vendor_ws/src/vendor/nebula/src/nebula_hesai/nebula_hesai_decoders'
[0.524s] colcon.colcon_core.package_selection INFO Skipping not selected package 'nebula_hesai_hw_interfaces' in 'autoracer_hooke/vendor_ws/src/vendor/nebula/src/nebula_hesai/nebula_hesai_hw_interfaces'
[0.524s] colcon.colcon_core.package_selection INFO Skipping not selected package 'autoware_crop_box_filter' in 'autoracer_hooke/vendor_ws/src/autoware/core/sensing/autoware_crop_box_filter'
[0.524s] colcon.colcon_core.package_selection INFO Skipping not selected package 'autoware_downsample_filters' in 'autoracer_hooke/vendor_ws/src/autoware/core/sensing/autoware_downsample_filters'
[0.524s] colcon.colcon_core.package_selection INFO Skipping not selected package 'autoware_gyro_odometer' in 'autoracer_hooke/vendor_ws/src/autoware/core/localization/autoware_gyro_odometer'
[0.524s] colcon.colcon_core.package_selection INFO Skipping not selected package 'autoware_map_height_fitter' in 'autoracer_hooke/vendor_ws/src/autoware/core/map/autoware_map_height_fitter'
[0.524s] colcon.colcon_core.package_selection INFO Skipping not selected package 'autoware_map_loader' in 'autoracer_hooke/vendor_ws/src/autoware/core/map/autoware_map_loader'
[0.524s] colcon.colcon_core.package_selection INFO Skipping not selected package 'autoware_motion_utils' in 'autoracer_hooke/vendor_ws/src/autoware/core/common/autoware_motion_utils'
[0.524s] colcon.colcon_core.package_selection INFO Skipping not selected package 'autoware_utils_pcl' in 'autoracer_hooke/vendor_ws/src/autoware/autoware_utils/autoware_utils_pcl'
[0.524s] colcon.colcon_core.package_selection INFO Skipping not selected package 'nebula_hesai' in 'autoracer_hooke/vendor_ws/src/vendor/nebula/src/nebula_hesai/nebula_hesai'
[0.524s] colcon.colcon_core.package_selection INFO Skipping not selected package 'autoware_ndt_scan_matcher' in 'autoracer_hooke/vendor_ws/src/autoware/core/localization/autoware_ndt_scan_matcher'
[0.524s] colcon.colcon_core.package_selection INFO Skipping not selected package 'autoware_pose_initializer' in 'autoracer_hooke/vendor_ws/src/autoware/core/localization/autoware_pose_initializer'
[0.524s] colcon.colcon_core.package_selection INFO Skipping not selected package 'autoware_utils' in 'autoracer_hooke/vendor_ws/src/autoware/autoware_utils/autoware_utils'
[0.524s] colcon.colcon_core.package_selection INFO Skipping not selected package 'autoware_pointcloud_preprocessor' in 'autoracer_hooke/vendor_ws/src/autoware/universe/sensing/autoware_pointcloud_preprocessor'
[0.524s] colcon.colcon_core.package_selection INFO Skipping not selected package 'autoware_trajectory_follower_base' in 'autoracer_hooke/vendor_ws/src/autoware/universe/control/autoware_trajectory_follower_base'
[0.524s] colcon.colcon_core.package_selection INFO Skipping not selected package 'autoware_vehicle_cmd_gate' in 'autoracer_hooke/vendor_ws/src/autoware/universe/control/autoware_vehicle_cmd_gate'
[0.524s] colcon.colcon_core.package_selection INFO Skipping not selected package 'autoware_mpc_lateral_controller' in 'autoracer_hooke/vendor_ws/src/autoware/universe/control/autoware_mpc_lateral_controller'
[0.524s] colcon.colcon_core.package_selection INFO Skipping not selected package 'autoware_pid_longitudinal_controller' in 'autoracer_hooke/vendor_ws/src/autoware/universe/control/autoware_pid_longitudinal_controller'
[0.524s] colcon.colcon_core.package_selection INFO Skipping not selected package 'autoware_pure_pursuit' in 'autoracer_hooke/vendor_ws/src/autoware/universe/control/autoware_pure_pursuit'
[0.525s] colcon.colcon_core.package_selection INFO Skipping not selected package 'tier4_localization_launch' in 'autoracer_hooke/vendor_ws/src/autoware/launcher/tier4_universe_launch/tier4_localization_launch'
[0.525s] colcon.colcon_core.package_selection INFO Skipping not selected package 'autoware_trajectory_follower_node' in 'autoracer_hooke/vendor_ws/src/autoware/universe/control/autoware_trajectory_follower_node'
[0.525s] colcon.colcon_core.package_discovery Level 1 discover_packages(prefix_path) check parameters
[0.525s] colcon.colcon_core.package_discovery Level 1 discover_packages(prefix_path) discover
[0.533s] colcon.colcon_installed_package_information.package_discovery DEBUG Found 99 installed packages in /opt/ipg/carmaker/linux64-15.1/autoracer_hooke/vendor_ws/install
[0.535s] colcon.colcon_installed_package_information.package_discovery DEBUG Found 429 installed packages in /opt/ros/humble
[0.538s] colcon.colcon_core.package_discovery Level 1 discover_packages(prefix_path) using defaults
[0.584s] colcon.colcon_core.package_selection WARNING Some selected packages are already built in one or more underlay workspaces:
	'autoware_ekf_localizer' is in: /opt/ipg/carmaker/linux64-15.1/autoracer_hooke/vendor_ws/install/autoware_ekf_localizer
	'autoware_pose_covariance_modifier' is in: /opt/ipg/carmaker/linux64-15.1/autoracer_hooke/vendor_ws/install/autoware_pose_covariance_modifier
If a package in a merged underlay workspace is overridden and it installs headers, then all packages in the overlay must sort their include directories by workspace order. Failure to do so may result in build failures or undefined behavior at run time.
If the overridden package is used by another package in any underlay, then the overriding package in the overlay must be API and ABI compatible or undefined behavior at run time may occur.

If you understand the risks and want to override a package anyways, add the following to the command line:
	--allow-overriding autoware_ekf_localizer autoware_pose_covariance_modifier

This may be promoted to an error in a future release of colcon-override-check.
[0.585s] colcon.colcon_core.verb Level 5 set package 'autoware_ekf_localizer' build argument 'cmake_args' from command line to '['-DBUILD_TESTING=ON']'
[0.585s] colcon.colcon_core.verb Level 5 set package 'autoware_ekf_localizer' build argument 'cmake_target' from command line to 'None'
[0.585s] colcon.colcon_core.verb Level 5 set package 'autoware_ekf_localizer' build argument 'cmake_target_skip_unavailable' from command line to 'False'
[0.585s] colcon.colcon_core.verb Level 5 set package 'autoware_ekf_localizer' build argument 'cmake_clean_cache' from command line to 'False'
[0.585s] colcon.colcon_core.verb Level 5 set package 'autoware_ekf_localizer' build argument 'cmake_clean_first' from command line to 'False'
[0.585s] colcon.colcon_core.verb Level 5 set package 'autoware_ekf_localizer' build argument 'cmake_force_configure' from command line to 'False'
[0.585s] colcon.colcon_core.verb Level 5 set package 'autoware_ekf_localizer' build argument 'ament_cmake_args' from command line to 'None'
[0.585s] colcon.colcon_core.verb Level 5 set package 'autoware_ekf_localizer' build argument 'catkin_cmake_args' from command line to 'None'
[0.585s] colcon.colcon_core.verb Level 5 set package 'autoware_ekf_localizer' build argument 'catkin_skip_building_tests' from command line to 'False'
[0.586s] colcon.colcon_core.verb DEBUG Building package 'autoware_ekf_localizer' with the following arguments: {'ament_cmake_args': None, 'build_base': '/opt/ipg/carmaker/linux64-15.1/autoracer_hooke/cross_scene_heading_build/autoware_ekf_localizer', 'catkin_cmake_args': None, 'catkin_skip_building_tests': False, 'cmake_args': ['-DBUILD_TESTING=ON'], 'cmake_clean_cache': False, 'cmake_clean_first': False, 'cmake_force_configure': False, 'cmake_target': None, 'cmake_target_skip_unavailable': False, 'install_base': '/opt/ipg/carmaker/linux64-15.1/autoracer_hooke/cross_scene_heading_merged_install', 'merge_install': True, 'path': '/opt/ipg/carmaker/linux64-15.1/autoracer_hooke/vendor_ws/src/autoware/core/localization/autoware_ekf_localizer', 'symlink_install': True, 'test_result_base': None}
[0.586s] colcon.colcon_core.verb Level 5 set package 'autoware_pose_covariance_modifier' build argument 'cmake_args' from command line to '['-DBUILD_TESTING=ON']'
[0.586s] colcon.colcon_core.verb Level 5 set package 'autoware_pose_covariance_modifier' build argument 'cmake_target' from command line to 'None'
[0.586s] colcon.colcon_core.verb Level 5 set package 'autoware_pose_covariance_modifier' build argument 'cmake_target_skip_unavailable' from command line to 'False'
[0.586s] colcon.colcon_core.verb Level 5 set package 'autoware_pose_covariance_modifier' build argument 'cmake_clean_cache' from command line to 'False'
[0.586s] colcon.colcon_core.verb Level 5 set package 'autoware_pose_covariance_modifier' build argument 'cmake_clean_first' from command line to 'False'
[0.586s] colcon.colcon_core.verb Level 5 set package 'autoware_pose_covariance_modifier' build argument 'cmake_force_configure' from command line to 'False'
[0.586s] colcon.colcon_core.verb Level 5 set package 'autoware_pose_covariance_modifier' build argument 'ament_cmake_args' from command line to 'None'
[0.586s] colcon.colcon_core.verb Level 5 set package 'autoware_pose_covariance_modifier' build argument 'catkin_cmake_args' from command line to 'None'
[0.586s] colcon.colcon_core.verb Level 5 set package 'autoware_pose_covariance_modifier' build argument 'catkin_skip_building_tests' from command line to 'False'
[0.586s] colcon.colcon_core.verb DEBUG Building package 'autoware_pose_covariance_modifier' with the following arguments: {'ament_cmake_args': None, 'build_base': '/opt/ipg/carmaker/linux64-15.1/autoracer_hooke/cross_scene_heading_build/autoware_pose_covariance_modifier', 'catkin_cmake_args': None, 'catkin_skip_building_tests': False, 'cmake_args': ['-DBUILD_TESTING=ON'], 'cmake_clean_cache': False, 'cmake_clean_first': False, 'cmake_force_configure': False, 'cmake_target': None, 'cmake_target_skip_unavailable': False, 'install_base': '/opt/ipg/carmaker/linux64-15.1/autoracer_hooke/cross_scene_heading_merged_install', 'merge_install': True, 'path': '/opt/ipg/carmaker/linux64-15.1/autoracer_hooke/vendor_ws/src/autoware/universe/localization/autoware_pose_covariance_modifier', 'symlink_install': True, 'test_result_base': None}
[0.586s] colcon.colcon_core.executor INFO Executing jobs using 'parallel' executor
[0.587s] colcon.colcon_parallel_executor.executor.parallel DEBUG run_until_complete
[0.588s] colcon.colcon_ros.task.ament_cmake.build INFO Building ROS package in '/opt/ipg/carmaker/linux64-15.1/autoracer_hooke/vendor_ws/src/autoware/core/localization/autoware_ekf_localizer' with build type 'ament_cmake'
[0.588s] colcon.colcon_cmake.task.cmake.build INFO Building CMake package in '/opt/ipg/carmaker/linux64-15.1/autoracer_hooke/vendor_ws/src/autoware/core/localization/autoware_ekf_localizer'
[0.593s] colcon.colcon_core.plugin_system INFO Skipping extension 'colcon_core.shell.bat': Not used on non-Windows systems
[0.593s] colcon.colcon_core.shell INFO Skip shell extension 'powershell' for command environment: Not usable outside of PowerShell
[0.593s] colcon.colcon_core.shell DEBUG Skip shell extension 'dsv' for command environment
[0.602s] colcon.colcon_core.shell WARNING The following packages are in the workspace but haven't been built:
- autoware_common_msgs
- autoware_internal_debug_msgs
- autoware_lint_common
- autoware_perception_msgs
- autoware_cmake
- autoware_planning_msgs
- autoware_internal_planning_msgs
- autoware_kalman_filter
- autoware_localization_util
- autoware_utils_logging
- autoware_utils_math
- autoware_utils_rclcpp
- autoware_utils_system
- autoware_agnocast_wrapper
- autoware_utils_geometry
They are being used from the following locations instead:
- /opt/ipg/carmaker/linux64-15.1/autoracer_hooke/vendor_ws/install/autoware_common_msgs
- /opt/ipg/carmaker/linux64-15.1/autoracer_hooke/vendor_ws/install/autoware_internal_debug_msgs
- /opt/ipg/carmaker/linux64-15.1/autoracer_hooke/vendor_ws/install/autoware_lint_common
- /opt/ipg/carmaker/linux64-15.1/autoracer_hooke/vendor_ws/install/autoware_perception_msgs
- /opt/ipg/carmaker/linux64-15.1/autoracer_hooke/vendor_ws/install/autoware_cmake
- /opt/ipg/carmaker/linux64-15.1/autoracer_hooke/vendor_ws/install/autoware_planning_msgs
- /opt/ipg/carmaker/linux64-15.1/autoracer_hooke/vendor_ws/install/autoware_internal_planning_msgs
- /opt/ipg/carmaker/linux64-15.1/autoracer_hooke/vendor_ws/install/autoware_kalman_filter
- /opt/ipg/carmaker/linux64-15.1/autoracer_hooke/vendor_ws/install/autoware_localization_util
- /opt/ipg/carmaker/linux64-15.1/autoracer_hooke/vendor_ws/install/autoware_utils_logging
- /opt/ipg/carmaker/linux64-15.1/autoracer_hooke/vendor_ws/install/autoware_utils_math
- /opt/ipg/carmaker/linux64-15.1/autoracer_hooke/vendor_ws/install/autoware_utils_rclcpp
- /opt/ipg/carmaker/linux64-15.1/autoracer_hooke/vendor_ws/install/autoware_utils_system
- /opt/ipg/carmaker/linux64-15.1/autoracer_hooke/vendor_ws/install/autoware_agnocast_wrapper
- /opt/ipg/carmaker/linux64-15.1/autoracer_hooke/vendor_ws/install/autoware_utils_geometry
To suppress this warning ignore these packages in the workspace:
--packages-ignore autoware_common_msgs autoware_internal_debug_msgs autoware_lint_common autoware_perception_msgs autoware_cmake autoware_planning_msgs autoware_internal_planning_msgs autoware_kalman_filter autoware_localization_util autoware_utils_logging autoware_utils_math autoware_utils_rclcpp autoware_utils_system autoware_agnocast_wrapper autoware_utils_geometry
[0.605s] colcon.colcon_ros.task.ament_cmake.build INFO Building ROS package in '/opt/ipg/carmaker/linux64-15.1/autoracer_hooke/vendor_ws/src/autoware/universe/localization/autoware_pose_covariance_modifier' with build type 'ament_cmake'
[0.605s] colcon.colcon_cmake.task.cmake.build INFO Building CMake package in '/opt/ipg/carmaker/linux64-15.1/autoracer_hooke/vendor_ws/src/autoware/universe/localization/autoware_pose_covariance_modifier'
[0.605s] colcon.colcon_core.shell INFO Skip shell extension 'powershell' for command environment: Not usable outside of PowerShell
[0.605s] colcon.colcon_core.shell DEBUG Skip shell extension 'dsv' for command environment
[0.614s] colcon.colcon_core.shell WARNING The following packages are in the workspace but haven't been built:
- autoware_common_msgs
- autoware_lint_common
- autoware_perception_msgs
- fpsdk_common
- autoware_cmake
- autoware_planning_msgs
- fpsdk_ros2
- autoware_internal_planning_msgs
- autoware_utils_math
- autoware_utils_system
- fixposition_driver_lib
- autoware_utils_geometry
- fixposition_driver_msgs
- autoware_interpolation
They are being used from the following locations instead:
- /opt/ipg/carmaker/linux64-15.1/autoracer_hooke/vendor_ws/install/autoware_common_msgs
- /opt/ipg/carmaker/linux64-15.1/autoracer_hooke/vendor_ws/install/autoware_lint_common
- /opt/ipg/carmaker/linux64-15.1/autoracer_hooke/vendor_ws/install/autoware_perception_msgs
- /opt/ipg/carmaker/linux64-15.1/autoracer_hooke/vendor_ws/install/fpsdk_common
- /opt/ipg/carmaker/linux64-15.1/autoracer_hooke/vendor_ws/install/autoware_cmake
- /opt/ipg/carmaker/linux64-15.1/autoracer_hooke/vendor_ws/install/autoware_planning_msgs
- /opt/ipg/carmaker/linux64-15.1/autoracer_hooke/vendor_ws/install/fpsdk_ros2
- /opt/ipg/carmaker/linux64-15.1/autoracer_hooke/vendor_ws/install/autoware_internal_planning_msgs
- /opt/ipg/carmaker/linux64-15.1/autoracer_hooke/vendor_ws/install/autoware_utils_math
- /opt/ipg/carmaker/linux64-15.1/autoracer_hooke/vendor_ws/install/autoware_utils_system
- /opt/ipg/carmaker/linux64-15.1/autoracer_hooke/vendor_ws/install/fixposition_driver_lib
- /opt/ipg/carmaker/linux64-15.1/autoracer_hooke/vendor_ws/install/autoware_utils_geometry
- /opt/ipg/carmaker/linux64-15.1/autoracer_hooke/vendor_ws/install/fixposition_driver_msgs
- /opt/ipg/carmaker/linux64-15.1/autoracer_hooke/vendor_ws/install/autoware_interpolation
To suppress this warning ignore these packages in the workspace:
--packages-ignore autoware_common_msgs autoware_lint_common autoware_perception_msgs fpsdk_common autoware_cmake autoware_planning_msgs fpsdk_ros2 autoware_internal_planning_msgs autoware_utils_math autoware_utils_system fixposition_driver_lib autoware_utils_geometry fixposition_driver_msgs autoware_interpolation
[0.629s] colcon.colcon_core.event_handler.log_command DEBUG Invoking command in '/opt/ipg/carmaker/linux64-15.1/autoracer_hooke/cross_scene_heading_build/autoware_ekf_localizer': CMAKE_PREFIX_PATH=${CMAKE_PREFIX_PATH}:/opt/ros/humble /usr/bin/cmake /opt/ipg/carmaker/linux64-15.1/autoracer_hooke/vendor_ws/src/autoware/core/localization/autoware_ekf_localizer -DBUILD_TESTING=ON -DAMENT_CMAKE_SYMLINK_INSTALL=1 -DCMAKE_INSTALL_PREFIX=/opt/ipg/carmaker/linux64-15.1/autoracer_hooke/cross_scene_heading_merged_install
[0.638s] colcon.colcon_core.event_handler.log_command DEBUG Invoking command in '/opt/ipg/carmaker/linux64-15.1/autoracer_hooke/cross_scene_heading_build/autoware_pose_covariance_modifier': CMAKE_PREFIX_PATH=${CMAKE_PREFIX_PATH}:/opt/ros/humble /usr/bin/cmake /opt/ipg/carmaker/linux64-15.1/autoracer_hooke/vendor_ws/src/autoware/universe/localization/autoware_pose_covariance_modifier -DBUILD_TESTING=ON -DAMENT_CMAKE_SYMLINK_INSTALL=1 -DCMAKE_INSTALL_PREFIX=/opt/ipg/carmaker/linux64-15.1/autoracer_hooke/cross_scene_heading_merged_install
[5.651s] colcon.colcon_core.event_handler.log_command DEBUG Invoked command in '/opt/ipg/carmaker/linux64-15.1/autoracer_hooke/cross_scene_heading_build/autoware_pose_covariance_modifier' returned '0': CMAKE_PREFIX_PATH=${CMAKE_PREFIX_PATH}:/opt/ros/humble /usr/bin/cmake /opt/ipg/carmaker/linux64-15.1/autoracer_hooke/vendor_ws/src/autoware/universe/localization/autoware_pose_covariance_modifier -DBUILD_TESTING=ON -DAMENT_CMAKE_SYMLINK_INSTALL=1 -DCMAKE_INSTALL_PREFIX=/opt/ipg/carmaker/linux64-15.1/autoracer_hooke/cross_scene_heading_merged_install
[5.655s] colcon.colcon_core.event_handler.log_command DEBUG Invoking command in '/opt/ipg/carmaker/linux64-15.1/autoracer_hooke/cross_scene_heading_build/autoware_pose_covariance_modifier': CMAKE_PREFIX_PATH=${CMAKE_PREFIX_PATH}:/opt/ros/humble /usr/bin/cmake --build /opt/ipg/carmaker/linux64-15.1/autoracer_hooke/cross_scene_heading_build/autoware_pose_covariance_modifier -- -j512 -l512
[9.413s] colcon.colcon_core.event_handler.log_command DEBUG Invoked command in '/opt/ipg/carmaker/linux64-15.1/autoracer_hooke/cross_scene_heading_build/autoware_ekf_localizer' returned '0': CMAKE_PREFIX_PATH=${CMAKE_PREFIX_PATH}:/opt/ros/humble /usr/bin/cmake /opt/ipg/carmaker/linux64-15.1/autoracer_hooke/vendor_ws/src/autoware/core/localization/autoware_ekf_localizer -DBUILD_TESTING=ON -DAMENT_CMAKE_SYMLINK_INSTALL=1 -DCMAKE_INSTALL_PREFIX=/opt/ipg/carmaker/linux64-15.1/autoracer_hooke/cross_scene_heading_merged_install
[9.417s] colcon.colcon_core.event_handler.log_command DEBUG Invoking command in '/opt/ipg/carmaker/linux64-15.1/autoracer_hooke/cross_scene_heading_build/autoware_ekf_localizer': CMAKE_PREFIX_PATH=${CMAKE_PREFIX_PATH}:/opt/ros/humble /usr/bin/cmake --build /opt/ipg/carmaker/linux64-15.1/autoracer_hooke/cross_scene_heading_build/autoware_ekf_localizer -- -j512 -l512
[27.727s] colcon.colcon_core.event_handler.log_command DEBUG Invoked command in '/opt/ipg/carmaker/linux64-15.1/autoracer_hooke/cross_scene_heading_build/autoware_pose_covariance_modifier' returned '0': CMAKE_PREFIX_PATH=${CMAKE_PREFIX_PATH}:/opt/ros/humble /usr/bin/cmake --build /opt/ipg/carmaker/linux64-15.1/autoracer_hooke/cross_scene_heading_build/autoware_pose_covariance_modifier -- -j512 -l512
[27.768s] colcon.colcon_core.event_handler.log_command DEBUG Invoking command in '/opt/ipg/carmaker/linux64-15.1/autoracer_hooke/cross_scene_heading_build/autoware_pose_covariance_modifier': CMAKE_PREFIX_PATH=${CMAKE_PREFIX_PATH}:/opt/ros/humble /usr/bin/cmake --install /opt/ipg/carmaker/linux64-15.1/autoracer_hooke/cross_scene_heading_build/autoware_pose_covariance_modifier
[28.506s] colcon.colcon_core.environment Level 1 create_environment_scripts_only(autoware_pose_covariance_modifier)
[28.508s] colcon.colcon_core.event_handler.log_command DEBUG Invoked command in '/opt/ipg/carmaker/linux64-15.1/autoracer_hooke/cross_scene_heading_build/autoware_pose_covariance_modifier' returned '0': CMAKE_PREFIX_PATH=${CMAKE_PREFIX_PATH}:/opt/ros/humble /usr/bin/cmake --install /opt/ipg/carmaker/linux64-15.1/autoracer_hooke/cross_scene_heading_build/autoware_pose_covariance_modifier
[28.513s] colcon.colcon_core.environment Level 1 checking '/opt/ipg/carmaker/linux64-15.1/autoracer_hooke/cross_scene_heading_merged_install' for CMake module files
[28.514s] colcon.colcon_core.environment Level 1 checking '/opt/ipg/carmaker/linux64-15.1/autoracer_hooke/cross_scene_heading_merged_install' for CMake config files
[28.514s] colcon.colcon_core.shell Level 1 create_environment_hook('autoware_pose_covariance_modifier', 'cmake_prefix_path')
[28.515s] colcon.colcon_core.shell INFO Creating environment hook '/opt/ipg/carmaker/linux64-15.1/autoracer_hooke/cross_scene_heading_merged_install/share/autoware_pose_covariance_modifier/hook/cmake_prefix_path.ps1'
[28.516s] colcon.colcon_core.shell INFO Creating environment descriptor '/opt/ipg/carmaker/linux64-15.1/autoracer_hooke/cross_scene_heading_merged_install/share/autoware_pose_covariance_modifier/hook/cmake_prefix_path.dsv'
[28.516s] colcon.colcon_core.shell INFO Creating environment hook '/opt/ipg/carmaker/linux64-15.1/autoracer_hooke/cross_scene_heading_merged_install/share/autoware_pose_covariance_modifier/hook/cmake_prefix_path.sh'
[28.518s] colcon.colcon_core.environment Level 1 checking '/opt/ipg/carmaker/linux64-15.1/autoracer_hooke/cross_scene_heading_merged_install/lib'
[28.518s] colcon.colcon_core.shell Level 1 create_environment_hook('autoware_pose_covariance_modifier', 'ld_library_path_lib')
[28.519s] colcon.colcon_core.shell INFO Creating environment hook '/opt/ipg/carmaker/linux64-15.1/autoracer_hooke/cross_scene_heading_merged_install/share/autoware_pose_covariance_modifier/hook/ld_library_path_lib.ps1'
[28.519s] colcon.colcon_core.shell INFO Creating environment descriptor '/opt/ipg/carmaker/linux64-15.1/autoracer_hooke/cross_scene_heading_merged_install/share/autoware_pose_covariance_modifier/hook/ld_library_path_lib.dsv'
[28.520s] colcon.colcon_core.shell INFO Creating environment hook '/opt/ipg/carmaker/linux64-15.1/autoracer_hooke/cross_scene_heading_merged_install/share/autoware_pose_covariance_modifier/hook/ld_library_path_lib.sh'
[28.520s] colcon.colcon_core.environment Level 1 checking '/opt/ipg/carmaker/linux64-15.1/autoracer_hooke/cross_scene_heading_merged_install/bin'
[28.520s] colcon.colcon_core.environment Level 1 checking '/opt/ipg/carmaker/linux64-15.1/autoracer_hooke/cross_scene_heading_merged_install/lib/pkgconfig/autoware_pose_covariance_modifier.pc'
[28.521s] colcon.colcon_core.environment Level 1 checking '/opt/ipg/carmaker/linux64-15.1/autoracer_hooke/cross_scene_heading_merged_install/lib/python3.10/site-packages'
[28.521s] colcon.colcon_core.environment Level 1 checking '/opt/ipg/carmaker/linux64-15.1/autoracer_hooke/cross_scene_heading_merged_install/bin'
[28.522s] colcon.colcon_core.shell INFO Creating package script '/opt/ipg/carmaker/linux64-15.1/autoracer_hooke/cross_scene_heading_merged_install/share/autoware_pose_covariance_modifier/package.ps1'
[28.523s] colcon.colcon_core.shell INFO Creating package descriptor '/opt/ipg/carmaker/linux64-15.1/autoracer_hooke/cross_scene_heading_merged_install/share/autoware_pose_covariance_modifier/package.dsv'
[28.524s] colcon.colcon_core.shell INFO Creating package script '/opt/ipg/carmaker/linux64-15.1/autoracer_hooke/cross_scene_heading_merged_install/share/autoware_pose_covariance_modifier/package.sh'
[28.525s] colcon.colcon_core.shell INFO Creating package script '/opt/ipg/carmaker/linux64-15.1/autoracer_hooke/cross_scene_heading_merged_install/share/autoware_pose_covariance_modifier/package.bash'
[28.526s] colcon.colcon_core.shell INFO Creating package script '/opt/ipg/carmaker/linux64-15.1/autoracer_hooke/cross_scene_heading_merged_install/share/autoware_pose_covariance_modifier/package.zsh'
[28.527s] colcon.colcon_core.environment Level 1 create_file_with_runtime_dependencies(/opt/ipg/carmaker/linux64-15.1/autoracer_hooke/cross_scene_heading_merged_install/share/colcon-core/packages/autoware_pose_covariance_modifier)
[28.529s] colcon.colcon_core.environment Level 1 create_environment_scripts_only(autoware_pose_covariance_modifier)
[28.529s] colcon.colcon_core.environment Level 1 checking '/opt/ipg/carmaker/linux64-15.1/autoracer_hooke/cross_scene_heading_merged_install' for CMake module files
[28.530s] colcon.colcon_core.environment Level 1 checking '/opt/ipg/carmaker/linux64-15.1/autoracer_hooke/cross_scene_heading_merged_install' for CMake config files
[28.530s] colcon.colcon_core.shell Level 1 create_environment_hook('autoware_pose_covariance_modifier', 'cmake_prefix_path')
[28.531s] colcon.colcon_core.shell INFO Creating environment hook '/opt/ipg/carmaker/linux64-15.1/autoracer_hooke/cross_scene_heading_merged_install/share/autoware_pose_covariance_modifier/hook/cmake_prefix_path.ps1'
[28.532s] colcon.colcon_core.shell INFO Creating environment descriptor '/opt/ipg/carmaker/linux64-15.1/autoracer_hooke/cross_scene_heading_merged_install/share/autoware_pose_covariance_modifier/hook/cmake_prefix_path.dsv'
[28.532s] colcon.colcon_core.shell INFO Creating environment hook '/opt/ipg/carmaker/linux64-15.1/autoracer_hooke/cross_scene_heading_merged_install/share/autoware_pose_covariance_modifier/hook/cmake_prefix_path.sh'
[28.533s] colcon.colcon_core.environment Level 1 checking '/opt/ipg/carmaker/linux64-15.1/autoracer_hooke/cross_scene_heading_merged_install/lib'
[28.533s] colcon.colcon_core.shell Level 1 create_environment_hook('autoware_pose_covariance_modifier', 'ld_library_path_lib')
[28.534s] colcon.colcon_core.shell INFO Creating environment hook '/opt/ipg/carmaker/linux64-15.1/autoracer_hooke/cross_scene_heading_merged_install/share/autoware_pose_covariance_modifier/hook/ld_library_path_lib.ps1'
[28.534s] colcon.colcon_core.shell INFO Creating environment descriptor '/opt/ipg/carmaker/linux64-15.1/autoracer_hooke/cross_scene_heading_merged_install/share/autoware_pose_covariance_modifier/hook/ld_library_path_lib.dsv'
[28.535s] colcon.colcon_core.shell INFO Creating environment hook '/opt/ipg/carmaker/linux64-15.1/autoracer_hooke/cross_scene_heading_merged_install/share/autoware_pose_covariance_modifier/hook/ld_library_path_lib.sh'
[28.535s] colcon.colcon_core.environment Level 1 checking '/opt/ipg/carmaker/linux64-15.1/autoracer_hooke/cross_scene_heading_merged_install/bin'
[28.536s] colcon.colcon_core.environment Level 1 checking '/opt/ipg/carmaker/linux64-15.1/autoracer_hooke/cross_scene_heading_merged_install/lib/pkgconfig/autoware_pose_covariance_modifier.pc'
[28.536s] colcon.colcon_core.environment Level 1 checking '/opt/ipg/carmaker/linux64-15.1/autoracer_hooke/cross_scene_heading_merged_install/lib/python3.10/site-packages'
[28.536s] colcon.colcon_core.environment Level 1 checking '/opt/ipg/carmaker/linux64-15.1/autoracer_hooke/cross_scene_heading_merged_install/bin'
[28.537s] colcon.colcon_core.shell INFO Creating package script '/opt/ipg/carmaker/linux64-15.1/autoracer_hooke/cross_scene_heading_merged_install/share/autoware_pose_covariance_modifier/package.ps1'
[28.538s] colcon.colcon_core.shell INFO Creating package descriptor '/opt/ipg/carmaker/linux64-15.1/autoracer_hooke/cross_scene_heading_merged_install/share/autoware_pose_covariance_modifier/package.dsv'
[28.539s] colcon.colcon_core.shell INFO Creating package script '/opt/ipg/carmaker/linux64-15.1/autoracer_hooke/cross_scene_heading_merged_install/share/autoware_pose_covariance_modifier/package.sh'
[28.539s] colcon.colcon_core.shell INFO Creating package script '/opt/ipg/carmaker/linux64-15.1/autoracer_hooke/cross_scene_heading_merged_install/share/autoware_pose_covariance_modifier/package.bash'
[28.540s] colcon.colcon_core.shell INFO Creating package script '/opt/ipg/carmaker/linux64-15.1/autoracer_hooke/cross_scene_heading_merged_install/share/autoware_pose_covariance_modifier/package.zsh'
[28.541s] colcon.colcon_core.environment Level 1 create_file_with_runtime_dependencies(/opt/ipg/carmaker/linux64-15.1/autoracer_hooke/cross_scene_heading_merged_install/share/colcon-core/packages/autoware_pose_covariance_modifier)
[32.385s] colcon.colcon_core.event_handler.log_command DEBUG Invoked command in '/opt/ipg/carmaker/linux64-15.1/autoracer_hooke/cross_scene_heading_build/autoware_ekf_localizer' returned '0': CMAKE_PREFIX_PATH=${CMAKE_PREFIX_PATH}:/opt/ros/humble /usr/bin/cmake --build /opt/ipg/carmaker/linux64-15.1/autoracer_hooke/cross_scene_heading_build/autoware_ekf_localizer -- -j512 -l512
[32.388s] colcon.colcon_core.event_handler.log_command DEBUG Invoking command in '/opt/ipg/carmaker/linux64-15.1/autoracer_hooke/cross_scene_heading_build/autoware_ekf_localizer': CMAKE_PREFIX_PATH=${CMAKE_PREFIX_PATH}:/opt/ros/humble /usr/bin/cmake --install /opt/ipg/carmaker/linux64-15.1/autoracer_hooke/cross_scene_heading_build/autoware_ekf_localizer
[33.204s] colcon.colcon_core.environment Level 1 create_environment_scripts_only(autoware_ekf_localizer)
[33.205s] colcon.colcon_core.environment Level 1 checking '/opt/ipg/carmaker/linux64-15.1/autoracer_hooke/cross_scene_heading_merged_install' for CMake module files
[33.205s] colcon.colcon_core.event_handler.log_command DEBUG Invoked command in '/opt/ipg/carmaker/linux64-15.1/autoracer_hooke/cross_scene_heading_build/autoware_ekf_localizer' returned '0': CMAKE_PREFIX_PATH=${CMAKE_PREFIX_PATH}:/opt/ros/humble /usr/bin/cmake --install /opt/ipg/carmaker/linux64-15.1/autoracer_hooke/cross_scene_heading_build/autoware_ekf_localizer
[33.207s] colcon.colcon_core.environment Level 1 checking '/opt/ipg/carmaker/linux64-15.1/autoracer_hooke/cross_scene_heading_merged_install' for CMake config files
[33.207s] colcon.colcon_core.shell Level 1 create_environment_hook('autoware_ekf_localizer', 'cmake_prefix_path')
[33.208s] colcon.colcon_core.shell INFO Creating environment hook '/opt/ipg/carmaker/linux64-15.1/autoracer_hooke/cross_scene_heading_merged_install/share/autoware_ekf_localizer/hook/cmake_prefix_path.ps1'
[33.209s] colcon.colcon_core.shell INFO Creating environment descriptor '/opt/ipg/carmaker/linux64-15.1/autoracer_hooke/cross_scene_heading_merged_install/share/autoware_ekf_localizer/hook/cmake_prefix_path.dsv'
[33.209s] colcon.colcon_core.shell INFO Creating environment hook '/opt/ipg/carmaker/linux64-15.1/autoracer_hooke/cross_scene_heading_merged_install/share/autoware_ekf_localizer/hook/cmake_prefix_path.sh'
[33.210s] colcon.colcon_core.environment Level 1 checking '/opt/ipg/carmaker/linux64-15.1/autoracer_hooke/cross_scene_heading_merged_install/lib'
[33.210s] colcon.colcon_core.shell Level 1 create_environment_hook('autoware_ekf_localizer', 'ld_library_path_lib')
[33.211s] colcon.colcon_core.shell INFO Creating environment hook '/opt/ipg/carmaker/linux64-15.1/autoracer_hooke/cross_scene_heading_merged_install/share/autoware_ekf_localizer/hook/ld_library_path_lib.ps1'
[33.211s] colcon.colcon_core.shell INFO Creating environment descriptor '/opt/ipg/carmaker/linux64-15.1/autoracer_hooke/cross_scene_heading_merged_install/share/autoware_ekf_localizer/hook/ld_library_path_lib.dsv'
[33.212s] colcon.colcon_core.shell INFO Creating environment hook '/opt/ipg/carmaker/linux64-15.1/autoracer_hooke/cross_scene_heading_merged_install/share/autoware_ekf_localizer/hook/ld_library_path_lib.sh'
[33.212s] colcon.colcon_core.environment Level 1 checking '/opt/ipg/carmaker/linux64-15.1/autoracer_hooke/cross_scene_heading_merged_install/bin'
[33.213s] colcon.colcon_core.environment Level 1 checking '/opt/ipg/carmaker/linux64-15.1/autoracer_hooke/cross_scene_heading_merged_install/lib/pkgconfig/autoware_ekf_localizer.pc'
[33.213s] colcon.colcon_core.environment Level 1 checking '/opt/ipg/carmaker/linux64-15.1/autoracer_hooke/cross_scene_heading_merged_install/lib/python3.10/site-packages'
[33.213s] colcon.colcon_core.environment Level 1 checking '/opt/ipg/carmaker/linux64-15.1/autoracer_hooke/cross_scene_heading_merged_install/bin'
[33.214s] colcon.colcon_core.shell INFO Creating package script '/opt/ipg/carmaker/linux64-15.1/autoracer_hooke/cross_scene_heading_merged_install/share/autoware_ekf_localizer/package.ps1'
[33.215s] colcon.colcon_core.shell INFO Creating package descriptor '/opt/ipg/carmaker/linux64-15.1/autoracer_hooke/cross_scene_heading_merged_install/share/autoware_ekf_localizer/package.dsv'
[33.215s] colcon.colcon_core.shell INFO Creating package script '/opt/ipg/carmaker/linux64-15.1/autoracer_hooke/cross_scene_heading_merged_install/share/autoware_ekf_localizer/package.sh'
[33.216s] colcon.colcon_core.shell INFO Creating package script '/opt/ipg/carmaker/linux64-15.1/autoracer_hooke/cross_scene_heading_merged_install/share/autoware_ekf_localizer/package.bash'
[33.217s] colcon.colcon_core.shell INFO Creating package script '/opt/ipg/carmaker/linux64-15.1/autoracer_hooke/cross_scene_heading_merged_install/share/autoware_ekf_localizer/package.zsh'
[33.217s] colcon.colcon_core.environment Level 1 create_file_with_runtime_dependencies(/opt/ipg/carmaker/linux64-15.1/autoracer_hooke/cross_scene_heading_merged_install/share/colcon-core/packages/autoware_ekf_localizer)
[33.218s] colcon.colcon_core.environment Level 1 create_environment_scripts_only(autoware_ekf_localizer)
[33.219s] colcon.colcon_core.environment Level 1 checking '/opt/ipg/carmaker/linux64-15.1/autoracer_hooke/cross_scene_heading_merged_install' for CMake module files
[33.219s] colcon.colcon_core.environment Level 1 checking '/opt/ipg/carmaker/linux64-15.1/autoracer_hooke/cross_scene_heading_merged_install' for CMake config files
[33.220s] colcon.colcon_core.shell Level 1 create_environment_hook('autoware_ekf_localizer', 'cmake_prefix_path')
[33.220s] colcon.colcon_core.shell INFO Creating environment hook '/opt/ipg/carmaker/linux64-15.1/autoracer_hooke/cross_scene_heading_merged_install/share/autoware_ekf_localizer/hook/cmake_prefix_path.ps1'
[33.221s] colcon.colcon_core.shell INFO Creating environment descriptor '/opt/ipg/carmaker/linux64-15.1/autoracer_hooke/cross_scene_heading_merged_install/share/autoware_ekf_localizer/hook/cmake_prefix_path.dsv'
[33.222s] colcon.colcon_core.shell INFO Creating environment hook '/opt/ipg/carmaker/linux64-15.1/autoracer_hooke/cross_scene_heading_merged_install/share/autoware_ekf_localizer/hook/cmake_prefix_path.sh'
[33.223s] colcon.colcon_core.environment Level 1 checking '/opt/ipg/carmaker/linux64-15.1/autoracer_hooke/cross_scene_heading_merged_install/lib'
[33.223s] colcon.colcon_core.shell Level 1 create_environment_hook('autoware_ekf_localizer', 'ld_library_path_lib')
[33.223s] colcon.colcon_core.shell INFO Creating environment hook '/opt/ipg/carmaker/linux64-15.1/autoracer_hooke/cross_scene_heading_merged_install/share/autoware_ekf_localizer/hook/ld_library_path_lib.ps1'
[33.224s] colcon.colcon_core.shell INFO Creating environment descriptor '/opt/ipg/carmaker/linux64-15.1/autoracer_hooke/cross_scene_heading_merged_install/share/autoware_ekf_localizer/hook/ld_library_path_lib.dsv'
[33.225s] colcon.colcon_core.shell INFO Creating environment hook '/opt/ipg/carmaker/linux64-15.1/autoracer_hooke/cross_scene_heading_merged_install/share/autoware_ekf_localizer/hook/ld_library_path_lib.sh'
[33.225s] colcon.colcon_core.environment Level 1 checking '/opt/ipg/carmaker/linux64-15.1/autoracer_hooke/cross_scene_heading_merged_install/bin'
[33.225s] colcon.colcon_core.environment Level 1 checking '/opt/ipg/carmaker/linux64-15.1/autoracer_hooke/cross_scene_heading_merged_install/lib/pkgconfig/autoware_ekf_localizer.pc'
[33.226s] colcon.colcon_core.environment Level 1 checking '/opt/ipg/carmaker/linux64-15.1/autoracer_hooke/cross_scene_heading_merged_install/lib/python3.10/site-packages'
[33.226s] colcon.colcon_core.environment Level 1 checking '/opt/ipg/carmaker/linux64-15.1/autoracer_hooke/cross_scene_heading_merged_install/bin'
[33.227s] colcon.colcon_core.shell INFO Creating package script '/opt/ipg/carmaker/linux64-15.1/autoracer_hooke/cross_scene_heading_merged_install/share/autoware_ekf_localizer/package.ps1'
[33.227s] colcon.colcon_core.shell INFO Creating package descriptor '/opt/ipg/carmaker/linux64-15.1/autoracer_hooke/cross_scene_heading_merged_install/share/autoware_ekf_localizer/package.dsv'
[33.228s] colcon.colcon_core.shell INFO Creating package script '/opt/ipg/carmaker/linux64-15.1/autoracer_hooke/cross_scene_heading_merged_install/share/autoware_ekf_localizer/package.sh'
[33.229s] colcon.colcon_core.shell INFO Creating package script '/opt/ipg/carmaker/linux64-15.1/autoracer_hooke/cross_scene_heading_merged_install/share/autoware_ekf_localizer/package.bash'
[33.230s] colcon.colcon_core.shell INFO Creating package script '/opt/ipg/carmaker/linux64-15.1/autoracer_hooke/cross_scene_heading_merged_install/share/autoware_ekf_localizer/package.zsh'
[33.230s] colcon.colcon_core.environment Level 1 create_file_with_runtime_dependencies(/opt/ipg/carmaker/linux64-15.1/autoracer_hooke/cross_scene_heading_merged_install/share/colcon-core/packages/autoware_ekf_localizer)
[33.231s] colcon.colcon_parallel_executor.executor.parallel DEBUG closing loop
[33.231s] colcon.colcon_parallel_executor.executor.parallel DEBUG loop closed
[33.231s] colcon.colcon_parallel_executor.executor.parallel DEBUG run_until_complete finished with '0'
[33.232s] colcon.colcon_core.event_reactor DEBUG joining thread
[33.248s] colcon.colcon_core.plugin_system INFO Skipping extension 'colcon_notification.desktop_notification.terminal_notifier': Not used on non-Darwin systems
[33.248s] colcon.colcon_core.plugin_system INFO Skipping extension 'colcon_notification.desktop_notification.win32': Not used on non-Windows systems
[33.249s] colcon.colcon_notification.desktop_notification INFO Sending desktop notification using 'notify2'
[33.258s] colcon.colcon_core.event_reactor DEBUG joined thread
[33.259s] colcon.colcon_core.shell INFO Creating prefix script '/opt/ipg/carmaker/linux64-15.1/autoracer_hooke/cross_scene_heading_merged_install/local_setup.ps1'
[33.260s] colcon.colcon_core.shell INFO Creating prefix util module '/opt/ipg/carmaker/linux64-15.1/autoracer_hooke/cross_scene_heading_merged_install/_local_setup_util_ps1.py'
[33.263s] colcon.colcon_core.shell INFO Creating prefix chain script '/opt/ipg/carmaker/linux64-15.1/autoracer_hooke/cross_scene_heading_merged_install/setup.ps1'
[33.273s] colcon.colcon_core.shell INFO Creating prefix script '/opt/ipg/carmaker/linux64-15.1/autoracer_hooke/cross_scene_heading_merged_install/local_setup.sh'
[33.274s] colcon.colcon_core.shell INFO Creating prefix util module '/opt/ipg/carmaker/linux64-15.1/autoracer_hooke/cross_scene_heading_merged_install/_local_setup_util_sh.py'
[33.275s] colcon.colcon_core.shell INFO Creating prefix chain script '/opt/ipg/carmaker/linux64-15.1/autoracer_hooke/cross_scene_heading_merged_install/setup.sh'
[33.285s] colcon.colcon_core.shell INFO Creating prefix script '/opt/ipg/carmaker/linux64-15.1/autoracer_hooke/cross_scene_heading_merged_install/local_setup.bash'
[33.286s] colcon.colcon_core.shell INFO Creating prefix chain script '/opt/ipg/carmaker/linux64-15.1/autoracer_hooke/cross_scene_heading_merged_install/setup.bash'
[33.307s] colcon.colcon_core.shell INFO Creating prefix script '/opt/ipg/carmaker/linux64-15.1/autoracer_hooke/cross_scene_heading_merged_install/local_setup.zsh'
[33.309s] colcon.colcon_core.shell INFO Creating prefix chain script '/opt/ipg/carmaker/linux64-15.1/autoracer_hooke/cross_scene_heading_merged_install/setup.zsh'
