s,x,y,z,yaw,curvature,left_offset,right_offset,target_velocity,target_acceleration
0.000000000,0.126808316,-0.002971172,-0.005215658,-0.073168899,0.000000000,0.400000000,0.400000000,0.100000000,0.000000000
0.199334544,0.325609511,-0.017543250,-0.000258186,-0.051588131,0.108187072,0.400000000,0.400000000,0.411664470,0.400000000
0.398945069,0.524954479,-0.027836217,-0.003293288,-0.057666960,-0.030436076,0.400000000,0.400000000,0.500000000,0.201723743
0.598782875,0.724460099,-0.039353870,0.005118086,-0.049498936,0.040889977,0.400000000,0.400000000,0.500000000,0.000000000
0.798456207,0.923888867,-0.049233452,0.008386671,-0.061835824,-0.061941820,0.400000000,0.400000000,0.500000000,0.000000000
0.997118256,1.122171227,-0.061510056,0.010910977,-0.076411936,-0.073171680,0.400000000,0.400000000,0.500000000,0.000000000
1.196861253,1.321331379,-0.076757957,0.003909222,-0.103950867,-0.137854852,0.400000000,0.400000000,0.500000000,0.000000000
1.396640802,1.520032514,-0.097487834,0.024647330,-0.133626441,-0.148597137,0.400000000,0.400000000,0.500000000,0.000000000
1.596256371,1.717868562,-0.124082441,0.028005133,-0.168865238,-0.176651899,0.400000000,0.400000000,0.500000000,0.000000000
1.795583284,1.914360272,-0.157582086,0.029308468,-0.189050047,-0.101226405,0.400000000,0.400000000,0.500000000,0.000000000
1.995054818,2.110277861,-0.195067964,0.025720534,-0.204756176,-0.078697437,0.400000000,0.400000000,0.500000000,0.000000000
2.194731406,2.305783323,-0.235667893,0.036292194,-0.224182071,-0.097229290,0.400000000,0.400000000,0.500000000,0.000000000
2.394637906,2.500687416,-0.280108902,0.035598933,-0.225729382,-0.007742341,0.400000000,0.400000000,0.500000000,0.000000000
2.594432447,2.695413393,-0.324826377,0.013694891,-0.231509133,-0.028928389,0.400000000,0.400000000,0.500000000,0.000000000
2.794227574,2.889878234,-0.370668700,0.011747407,-0.241446496,-0.049720810,0.400000000,0.400000000,0.500000000,0.000000000
2.994157299,3.084008622,-0.418473380,0.015365995,-0.250437032,-0.044991124,0.400000000,0.400000000,0.500000000,0.000000000
3.193884433,3.277505109,-0.467971232,0.030425501,-0.246161734,0.021410143,0.400000000,0.400000000,0.500000000,0.000000000
3.393528183,3.471130575,-0.516621060,0.040125266,-0.245687782,0.002373165,0.400000000,0.400000000,0.500000000,0.000000000
3.593311116,3.664914081,-0.565212967,0.044132667,-0.241669795,0.020119068,0.400000000,0.400000000,0.500000000,0.000000000
3.792948665,3.858750103,-0.612991069,0.028409954,-0.261585909,-0.099678740,0.400000000,0.400000000,0.500000000,0.000000000
3.992910572,4.051909518,-0.664703785,0.026003290,-0.290894826,-0.146938156,0.400000000,0.400000000,0.500000000,0.000000000
4.191862989,4.242503469,-0.721765243,0.032605862,-0.311283457,-0.102638393,0.400000000,0.400000000,0.500000000,0.000000000
4.390194221,4.431303151,-0.782510264,0.040421304,-0.335218734,-0.120323274,0.400000000,0.400000000,0.500000000,0.000000000
4.589702998,4.619706945,-0.848143811,0.035212658,-0.365040336,-0.149340213,0.400000000,0.400000000,0.500000000,0.000000000
4.789557467,4.806392876,-0.919489253,0.051975777,-0.379993741,-0.074837843,0.400000000,0.400000000,0.500000000,0.000000000
4.989320768,4.991906452,-0.993584389,0.050315516,-0.399611841,-0.098223295,0.400000000,0.400000000,0.500000000,0.000000000
5.189010283,5.175862847,-1.071275751,0.042835180,-0.426171610,-0.133075018,0.400000000,0.400000000,0.500000000,0.000000000
5.388478903,5.357490002,-1.153733661,0.047934567,-0.455420033,-0.146555935,0.400000000,0.400000000,0.500000000,0.000000000
5.588139533,5.536800493,-1.241552307,0.036496658,-0.470475604,-0.075439832,0.400000000,0.400000000,0.500000000,0.000000000
5.787616296,5.714604663,-1.331977172,0.037390869,-0.499262028,-0.144336632,0.400000000,0.400000000,0.500000000,0.000000000
5.987004737,5.889654979,-1.427439926,0.047361865,-0.518075962,-0.094477976,0.400000000,0.400000000,0.500000000,0.000000000
6.185881740,6.062434066,-1.525925708,0.053235479,-0.545934281,-0.139833150,0.400000000,0.400000000,0.500000000,0.000000000
6.385442708,6.232987365,-1.629541114,0.060147443,-0.576111098,-0.151302288,0.400000000,0.400000000,0.500000000,0.000000000
6.584760996,6.400133196,-1.738123115,0.067716103,-0.601105610,-0.125294122,0.400000000,0.400000000,0.500000000,0.000000000
6.784405749,6.564782387,-1.851033129,0.065573706,-0.621740207,-0.103333499,0.400000000,0.400000000,0.500000000,0.000000000
6.984132562,6.727133543,-1.967364130,0.062316976,-0.635370273,-0.068274243,0.400000000,0.400000000,0.500000000,0.000000000
7.183676709,6.887737049,-2.085788707,0.070376128,-0.644866734,-0.047566607,0.400000000,0.400000000,0.500000000,0.000000000
7.383422133,7.047369574,-2.205854072,0.076808736,-0.656210369,-0.056806722,0.400000000,0.400000000,0.500000000,0.000000000
7.583051061,7.205537577,-2.327651409,0.081079346,-0.685246508,-0.145457436,0.400000000,0.400000000,0.500000000,0.000000000
7.782647091,7.360077412,-2.453968530,0.082145487,-0.703281309,-0.090561736,0.400000000,0.400000000,0.500000000,0.000000000
7.981333102,7.511620039,-2.582463521,0.087436296,-0.731678801,-0.142499353,0.400000000,0.400000000,0.500000000,0.000000000
8.181196793,7.660329381,-2.715996390,0.090277138,-0.769175846,-0.187671539,0.400000000,0.400000000,0.500000000,0.000000000
8.380912587,7.803822013,-2.854907379,0.104158169,-0.805210405,-0.180606664,0.400000000,0.400000000,0.500000000,0.000000000
8.580214292,7.941930033,-2.998599216,0.110278826,-0.842724949,-0.188124495,0.400000000,0.400000000,0.500000000,0.000000000
8.779715984,8.074684690,-3.147519081,0.124330591,-0.896620937,-0.270281257,0.400000000,0.400000000,0.500000000,0.000000000
8.978980128,8.199075995,-3.303188610,0.132235203,-0.938825378,-0.211845802,0.400000000,0.400000000,0.500000000,0.000000000
9.178131318,8.316721811,-3.463876689,0.141387003,-0.964442528,-0.128455843,0.400000000,0.400000000,0.500000000,0.000000000
9.377816797,8.430517584,-3.627964508,0.148915022,-0.987051835,-0.113206425,0.400000000,0.400000000,0.500000000,0.000000000
9.577557849,8.540605308,-3.794629385,0.150485004,-1.020160007,-0.165640827,0.400000000,0.400000000,0.500000000,0.000000000
9.777557136,8.645250855,-3.965067127,0.164332779,-1.011190495,0.044914138,0.400000000,0.400000000,0.500000000,0.000000000
9.976963558,8.751106192,-4.134056975,0.171319466,-1.031834221,-0.103468032,0.400000000,0.400000000,0.500000000,0.000000000
10.176585868,8.853561445,-4.305381194,0.169361392,-1.061298888,-0.147802892,0.400000000,0.400000000,0.500000000,0.000000000
10.375651305,8.950653338,-4.479163277,0.181459262,-1.081004417,-0.099118967,0.400000000,0.400000000,0.500000000,0.000000000
10.574193133,9.044055807,-4.654362695,0.220525476,-1.098576408,-0.088254801,0.400000000,0.400000000,0.500000000,0.000000000
10.773856614,9.134875612,-4.832175149,0.230903706,-1.134780013,-0.181494683,0.400000000,0.400000000,0.500000000,0.000000000
10.973120827,9.219031235,-5.012796460,0.208922567,-1.139853383,-0.025424098,0.400000000,0.400000000,0.500000000,0.000000000
11.172955492,9.302507714,-5.194360693,0.220277663,-1.151677781,-0.059200714,0.400000000,0.400000000,0.500000000,0.000000000
11.372586595,9.383748679,-5.376713326,0.237775491,-1.168621691,-0.084921941,0.400000000,0.400000000,0.500000000,0.000000000
11.571997419,9.461802142,-5.560213554,0.250099294,-1.165344303,0.016427026,0.400000000,0.400000000,0.500000000,0.000000000
11.771610362,9.540536309,-5.743642718,0.250155442,-1.169667488,-0.021642543,0.400000000,0.400000000,0.500000000,0.000000000
11.971505178,9.618586804,-5.927670047,0.269253834,-1.183355746,-0.068502530,0.400000000,0.400000000,0.500000000,0.000000000
12.171249629,9.694054241,-6.112609257,0.277472867,-1.178012745,0.026758392,0.400000000,0.400000000,0.500000000,0.000000000
12.370856086,9.770455907,-6.297015122,0.285572654,-1.172339289,0.028403468,0.400000000,0.400000000,0.500000000,0.000000000
12.570739473,9.848010005,-6.481239795,0.297746147,-1.180452735,-0.040608165,0.400000000,0.400000000,0.500000000,0.000000000
12.770451784,9.924001774,-6.665929421,0.309275548,-1.178940275,0.007569767,0.400000000,0.400000000,0.500000000,0.000000000
12.970344927,10.000341853,-6.850671028,0.325326123,-1.169759063,0.045968951,0.400000000,0.400000000,0.500000000,0.000000000
13.169903135,10.078244092,-7.034395603,0.336762563,-1.173806385,-0.020266904,0.400000000,0.400000000,0.500000000,0.000000000
13.369746763,10.155512459,-7.218697191,0.341787202,-1.175762213,-0.009786899,0.400000000,0.400000000,0.500000000,0.000000000
13.569585808,10.232418452,-7.403145319,0.358096255,-1.176360785,-0.002996277,0.400000000,0.400000000,0.500000000,0.000000000
13.769290815,10.309162517,-7.587515702,0.374739184,-1.173519922,0.014220569,0.400000000,0.400000000,0.500000000,0.000000000
13.969128523,10.386481386,-7.771789689,0.381740455,-1.178929754,-0.027080789,0.400000000,0.400000000,0.500000000,0.000000000
14.168823184,10.462747605,-7.956347055,0.398117142,-1.180233191,-0.006526108,0.400000000,0.400000000,0.500000000,0.000000000
14.368581484,10.538797428,-8.141062520,0.411706400,-1.186612384,-0.031926355,0.400000000,0.400000000,0.500000000,0.000000000
14.568441768,10.613705600,-8.326353908,0.419671935,-1.179612677,0.035021506,0.400000000,0.400000000,0.500000000,0.000000000
14.768318321,10.689915116,-8.511131468,0.429282186,-1.190106057,-0.052488155,0.400000000,0.400000000,0.500000000,0.000000000
14.968277960,10.764212401,-8.696775672,0.437302750,-1.190658860,-0.002765394,0.400000000,0.400000000,0.500000000,0.000000000
15.168118860,10.838362992,-8.882350657,0.447546420,-1.205130907,-0.072412713,0.400000000,0.400000000,0.500000000,0.000000000
15.367984586,10.909829140,-9.069002467,0.460359363,-1.218114267,-0.064965622,0.400000000,0.400000000,0.500000000,0.000000000
15.567815458,10.978853925,-9.256533682,0.480714200,-1.233870938,-0.078873495,0.400000000,0.400000000,0.500000000,0.000000000
15.767523305,11.044874727,-9.445013065,0.492784853,-1.241271164,-0.037034226,0.400000000,0.400000000,0.500000000,0.000000000
15.967457065,11.109572047,-9.634189610,0.498977321,-1.251439879,-0.050860242,0.400000000,0.400000000,0.500000000,0.000000000
16.167390519,11.172342277,-9.824013961,0.510847879,-1.250270068,0.005853007,0.400000000,0.400000000,0.500000000,0.000000000
16.367187111,11.235291402,-10.013634861,0.527538766,-1.249490326,0.003901023,0.400000000,0.400000000,0.500000000,0.000000000
16.567153059,11.298441847,-10.203367309,0.538638044,-1.245682781,0.019042105,0.400000000,0.400000000,0.500000000,0.000000000
16.767094870,11.362306538,-10.392835061,0.552068094,-1.249852075,-0.020850461,0.400000000,0.400000000,0.500000000,0.000000000
16.967076182,11.425393190,-10.582604919,0.554222771,-1.247620128,0.011161237,0.400000000,0.400000000,0.500000000,0.000000000
17.167040874,11.488897963,-10.772217740,0.567422518,-1.243288585,0.021680224,0.400000000,0.400000000,0.500000000,0.000000000
17.366660580,11.553112477,-10.961227061,0.579911463,-1.242693116,0.002980924,0.400000000,0.400000000,0.500000000,0.000000000
17.566560479,11.617529820,-11.150463357,0.592608053,-1.242081409,0.003059742,0.400000000,0.400000000,0.500000000,0.000000000
17.766502815,11.682076609,-11.339700377,0.610553115,-1.239987906,0.010471155,0.400000000,0.400000000,0.500000000,0.000000000
17.966421420,11.747011715,-11.528779409,0.623434459,-1.247731100,-0.038742331,0.400000000,0.400000000,0.500000000,0.000000000
18.166229650,11.810445773,-11.718250909,0.636158322,-1.241897937,0.029183882,0.400000000,0.400000000,0.500000000,0.000000000
18.366173216,11.875027677,-11.907477247,0.647622664,-1.239360251,0.012699803,0.400000000,0.400000000,0.500000000,0.000000000
18.565871312,11.940009694,-12.096306978,0.649952229,-1.239187501,0.000864687,0.400000000,0.400000000,0.500000000,0.000000000
18.765739197,12.005079607,-12.285286018,0.660260853,-1.242497096,-0.016560678,0.400000000,0.400000000,0.500000000,0.000000000
18.965564282,12.069509921,-12.474438865,0.687143246,-1.234414942,0.040434205,0.400000000,0.400000000,0.500000000,0.000000000
19.165506283,12.135505467,-12.663175167,0.692636942,-1.238459467,-0.020233147,0.400000000,0.400000000,0.500000000,0.000000000
19.365355973,12.200707010,-12.852089585,0.700902649,-1.234654410,0.019039153,0.400000000,0.400000000,0.500000000,0.000000000
19.565214725,12.266629898,-13.040763096,0.714279814,-1.233018168,0.008184068,0.400000000,0.400000000,0.500000000,0.000000000
19.765216029,12.332908654,-13.229462985,0.735110033,-1.231864564,0.005769714,0.400000000,0.400000000,0.500000000,0.000000000
19.965097548,12.399365225,-13.417973318,0.741127084,-1.235351809,-0.017446514,0.400000000,0.400000000,0.500000000,0.000000000
20.164980033,12.465164329,-13.606715168,0.749973434,-1.233038494,0.011572352,0.400000000,0.400000000,0.500000000,0.000000000
20.364897937,12.531411613,-13.795337715,0.757445990,-1.233770411,-0.003661259,0.400000000,0.400000000,0.500000000,0.000000000
20.564797336,12.597514704,-13.983991237,0.767578676,-1.236359749,-0.012952002,0.400000000,0.400000000,0.500000000,0.000000000
20.764733803,12.663141254,-14.172850303,0.789108170,-1.237418127,-0.005294644,0.400000000,0.400000000,0.500000000,0.000000000
20.964589313,12.728541390,-14.361702221,0.793905606,-1.227680079,0.048720547,0.400000000,0.400000000,0.500000000,0.000000000
21.164483419,12.795790430,-14.549944672,0.800946969,-1.227059478,0.003105848,0.400000000,0.400000000,0.500000000,0.000000000
21.364222716,12.863104108,-14.737999599,0.814051809,-1.222153527,0.024555588,0.400000000,0.400000000,0.500000000,0.000000000
21.564062202,12.931373788,-14.925816188,0.818673162,-1.217787021,0.021846048,0.400000000,0.400000000,0.500000000,0.000000000
21.763974925,13.000488236,-15.113401608,0.827549878,-1.208169128,0.048120817,0.400000000,0.400000000,0.500000000,0.000000000
21.963800033,13.071372557,-15.300231709,0.842685019,-1.218887944,-0.053633719,0.400000000,0.400000000,0.500000000,0.000000000
22.163677384,13.140268254,-15.487859901,0.859491177,-1.224192331,-0.026536515,0.400000000,0.400000000,0.500000000,0.000000000
22.363579786,13.208176244,-15.675874462,0.873926423,-1.222183855,0.010047211,0.400000000,0.400000000,0.500000000,0.000000000
22.563485031,13.276462690,-15.863754925,0.877880987,-1.222690572,-0.002535880,0.400000000,0.400000000,0.500000000,0.000000000
22.763217588,13.344595019,-16.051507634,0.887270896,-1.232402419,-0.048615147,0.400000000,0.400000000,0.500000000,0.000000000
22.963023438,13.410925069,-16.239982307,0.896955349,-1.229309063,0.015481257,0.400000000,0.400000000,0.500000000,0.000000000
23.162843323,13.477842520,-16.428264121,0.903943048,-1.232989695,-0.018414046,0.400000000,0.400000000,0.500000000,0.000000000
23.362786633,13.544107428,-16.616907406,0.916750862,-1.246271092,-0.066421509,0.400000000,0.400000000,0.500000000,0.000000000
23.562752943,13.607868454,-16.806435917,0.930375728,-1.248861993,-0.012959595,0.400000000,0.400000000,0.500000000,0.000000000
23.762629440,13.671109799,-16.996043793,0.946965602,-1.239944147,0.044619655,0.400000000,0.400000000,0.500000000,0.000000000
23.962478902,13.736030719,-17.185054591,0.951009656,-1.241206565,-0.006315759,0.400000000,0.400000000,0.500000000,0.000000000
24.162397254,13.800735272,-17.374212377,0.951632266,-1.235741588,0.027338444,0.400000000,0.400000000,0.500000000,0.000000000
24.362280079,13.866460916,-17.562980180,0.963770131,-1.233837194,0.009525290,0.400000000,0.400000000,0.500000000,0.000000000
24.562257641,13.932577250,-17.751711883,0.961368717,-1.232697895,0.005697373,0.400000000,0.400000000,0.500000000,0.000000000
24.762218508,13.998903026,-17.940352388,0.972874215,-1.238919241,-0.031112880,0.400000000,0.400000000,0.500000000,0.000000000
24.962177941,14.064053460,-18.129400518,0.985286707,-1.237891859,0.005138293,0.400000000,0.400000000,0.500000000,0.000000000
25.162111002,14.129389466,-18.318356691,0.988000288,-1.248463055,-0.052871695,0.400000000,0.400000000,0.500000000,0.000000000
25.362057203,14.192728529,-18.508005436,0.986626042,-1.247908237,0.002774818,0.400000000,0.400000000,0.500000000,0.000000000
25.562006003,14.256173627,-18.697621474,0.995705234,-1.249344822,-0.007184562,0.400000000,0.400000000,0.500000000,0.000000000
25.761966001,14.319349799,-18.887339086,1.004430800,-1.252163169,-0.014098476,0.400000000,0.400000000,0.500000000,0.000000000
25.961814651,14.381956148,-19.077128253,1.009888514,-1.255585324,-0.017120135,0.400000000,0.400000000,0.500000000,0.000000000
26.161747103,14.443938624,-19.267210230,1.009004681,-1.247354856,0.041161056,0.400000000,0.400000000,0.500000000,0.000000000
26.361728842,14.507499111,-19.456822361,1.011418023,-1.245067925,0.011437060,0.400000000,0.400000000,0.500000000,0.000000000
26.561662736,14.571477752,-19.646243310,1.026228184,-1.244869238,0.000993660,0.400000000,0.400000000,0.500000000,0.000000000
26.761639676,14.635507809,-19.835692321,1.027595799,-1.241882188,0.014936404,0.400000000,0.400000000,0.500000000,0.000000000
26.961631639,14.700108326,-20.024963446,1.024757880,-1.250785395,-0.044520414,0.400000000,0.400000000,0.500000000,0.000000000
27.161599013,14.763013451,-20.214778872,1.026319471,-1.261333306,-0.052779236,0.400000000,0.400000000,0.500000000,0.000000000
27.361329058,14.823840678,-20.405021189,1.040022476,-1.263898674,-0.012840572,0.400000000,0.400000000,0.500000000,0.000000000
27.561171161,14.884213518,-20.595525747,1.044322254,-1.271123090,-0.036151686,0.400000000,0.400000000,0.500000000,0.000000000
27.761000619,14.943204777,-20.786449406,1.038613978,-1.274399750,-0.016397073,0.400000000,0.400000000,0.500000000,0.000000000
27.960834959,15.001571554,-20.977570004,1.042336482,-1.264287351,0.050590486,0.400000000,0.400000000,0.500000000,0.000000000
28.160773657,15.061899490,-21.168190105,1.048508649,-1.262035527,0.011263106,0.400000000,0.400000000,0.500000000,0.000000000
28.360693322,15.122650733,-21.358655743,1.052836588,-1.267922857,-0.029444088,0.400000000,0.400000000,0.500000000,0.000000000
28.560672023,15.182297202,-21.549532088,1.061251765,-1.265067605,0.014279634,0.400000000,0.400000000,0.500000000,0.000000000
28.760598623,15.242472747,-21.740187666,1.068313352,-1.269754723,-0.023442478,0.400000000,0.400000000,0.500000000,0.000000000
28.960554131,15.301762580,-21.931150806,1.075011146,-1.272263469,-0.012545792,0.400000000,0.400000000,0.500000000,0.000000000
29.160532672,15.360579923,-22.122284102,1.074398152,-1.285864369,-0.068015345,0.400000000,0.400000000,0.500000000,0.000000000
29.360487286,15.416785596,-22.314176702,1.077381466,-1.284124860,0.008704060,0.400000000,0.400000000,0.500000000,0.000000000
29.560233287,15.473265995,-22.505771142,1.082312058,-1.286800214,-0.013392161,0.400000000,0.400000000,0.500000000,0.000000000
29.760027394,15.529247089,-22.697562181,1.089927744,-1.285090079,0.008559499,0.400000000,0.400000000,0.500000000,0.000000000
29.959820841,15.585555903,-22.889256570,1.092329071,-1.288856067,-0.018844692,0.400000000,0.400000000,0.500000000,0.000000000
30.159714082,15.641170165,-23.081257511,1.092922666,-1.276887853,0.059865132,0.400000000,0.400000000,0.500000000,0.000000000
30.359657668,15.699092883,-23.272627301,1.097044196,-1.270866612,0.030114595,0.400000000,0.400000000,0.500000000,0.000000000
30.559602056,15.758167064,-23.463645623,1.100595212,-1.269947829,0.004595369,0.400000000,0.400000000,0.500000000,0.000000000
30.759531149,15.817412192,-23.654594980,1.098713193,-1.269623998,0.001620238,0.400000000,0.400000000,0.500000000,0.000000000
30.959334485,15.876681848,-23.845405045,1.100443700,-1.273196823,-0.017876871,0.400000000,0.400000000,0.500000000,0.000000000
31.159245714,15.935301034,-24.036528803,1.107886824,-1.272032197,0.005825738,0.400000000,0.400000000,0.500000000,0.000000000
31.359155431,15.994142322,-24.227582717,1.117907080,-1.286489325,-0.072330074,0.400000000,0.400000000,0.500000000,0.000000000
31.558996499,16.050196211,-24.419401417,1.124673930,-1.298429724,-0.059756160,0.400000000,0.400000000,0.500000000,0.000000000
31.758790495,16.103943103,-24.611830397,1.127057006,-1.309337909,-0.054588356,0.400000000,0.400000000,0.500000000,0.000000000
31.958646948,16.155603934,-24.804894532,1.138840749,-1.303949173,0.026971864,0.400000000,0.400000000,0.500000000,0.000000000
32.158372010,16.208269734,-24.997550739,1.141140497,-1.296005174,0.039779786,0.400000000,0.400000000,0.500000000,0.000000000
32.358044687,16.262450102,-25.189732074,1.145791136,-1.285271563,0.053778789,0.400000000,0.400000000,0.500000000,0.000000000
32.557546446,16.318641969,-25.381156801,1.145128663,-1.270913085,0.071929122,0.400000000,0.400000000,0.500000000,0.000000000
32.757280891,16.377645254,-25.571977294,1.150212383,-1.271035338,-0.000611845,0.400000000,0.400000000,0.500000000,0.000000000
32.957165594,16.436669580,-25.762948558,1.163428334,-1.271335488,-0.001502313,0.400000000,0.400000000,0.500000000,0.000000000
33.156865405,16.495582040,-25.953760866,1.161074126,-1.294148811,-0.114190175,0.400000000,0.400000000,0.500000000,0.000000000
33.356724098,16.550169880,-26.146020235,1.177205327,-1.292831732,0.006597487,0.400000000,0.400000000,0.500000000,0.000000000
33.556132086,16.604887220,-26.337774135,1.165235738,-1.298660446,-0.029214929,0.400000000,0.400000000,0.500000000,0.000000000
33.755746518,16.658541449,-26.530042554,1.169098430,-1.297415410,0.006235907,0.400000000,0.400000000,0.500000000,0.000000000
33.955444213,16.712457497,-26.722324194,1.168214013,-1.298953731,-0.007699945,0.400000000,0.400000000,0.500000000,0.000000000
34.155313229,16.766123692,-26.914853577,1.174671815,-1.283213499,0.078735144,0.400000000,0.400000000,0.500000000,0.000000000
34.355267435,16.822837734,-27.106596118,1.174626689,-1.296387790,-0.065896685,0.400000000,0.400000000,0.500000000,0.000000000
34.555157195,16.877003391,-27.299007130,1.177123493,-1.304967990,-0.042922417,0.400000000,0.400000000,0.500000000,0.000000000
34.755066637,16.929521320,-27.491894797,1.181773354,-1.298800012,0.030867555,0.400000000,0.400000000,0.500000000,0.000000000
34.954798098,16.983180155,-27.684283430,1.186685751,-1.300136919,-0.006692840,0.400000000,0.400000000,0.500000000,0.000000000
35.154570348,17.036592642,-27.876782932,1.193465724,-1.314900605,-0.073871381,0.400000000,0.400000000,0.500000000,0.000000000
35.354507738,17.087199207,-28.070209753,1.192324934,-1.311715651,0.015931540,0.400000000,0.400000000,0.500000000,0.000000000
35.554400129,17.138410042,-28.263430918,1.190295877,-1.310809541,0.004533101,0.400000000,0.400000000,0.500000000,0.000000000
35.754282698,17.189793411,-28.456596108,1.195405001,-1.317402692,-0.032977614,0.400000000,0.400000000,0.500000000,0.000000000
35.954255578,17.239924744,-28.650183303,1.194840614,-1.323485256,-0.030432329,0.400000000,0.400000000,0.500000000,0.000000000
36.154025654,17.288828006,-28.843875210,1.210628033,-1.325020626,-0.007681317,0.400000000,0.400000000,0.500000000,0.000000000
36.354022799,17.337489069,-29.037862216,1.211462462,-1.333610396,-0.042984985,0.400000000,0.400000000,0.500000000,0.000000000
36.553688152,17.384404093,-29.231937546,1.211190265,-1.337700230,-0.020474808,0.400000000,0.400000000,0.500000000,0.000000000
36.753521740,17.430563851,-29.426366813,1.215023100,-1.347428205,-0.048664244,0.400000000,0.400000000,0.500000000,0.000000000
36.953486251,17.474859054,-29.621363583,1.212969543,-1.379168804,-0.158750349,0.400000000,0.400000000,0.500000000,0.000000000
37.153385634,17.512931267,-29.817603921,1.221571509,-1.405162289,-0.130277060,0.400000000,0.400000000,0.500000000,0.000000000
37.352524328,17.545764801,-30.014017205,1.229853645,-1.432847115,-0.138958816,0.400000000,0.400000000,0.500000000,0.000000000
37.551833787,17.573172263,-30.211433242,1.231855265,-1.462100535,-0.146581503,0.400000000,0.400000000,0.500000000,0.000000000
37.751652134,17.594848934,-30.410072347,1.235116059,-1.495916993,-0.169197605,0.400000000,0.400000000,0.500000000,0.000000000
37.951542126,17.609802580,-30.609402217,1.236631914,-1.508882578,-0.064936759,0.400000000,0.400000000,0.500000000,0.000000000
38.150978947,17.622142574,-30.808456908,1.238850406,-1.519880207,-0.055094698,0.400000000,0.400000000,0.500000000,0.000000000
38.350766495,17.632310586,-31.007985543,1.241690547,-1.536078308,-0.081056528,0.400000000,0.400000000,0.500000000,0.000000000
38.550648761,17.639248708,-31.207747357,1.241771041,-1.558531679,-0.112331191,0.400000000,0.400000000,0.500000000,0.000000000
38.750529012,17.641700108,-31.407612576,1.237090802,-1.571494540,-0.064900432,0.400000000,0.400000000,0.500000000,0.000000000
38.950115140,17.641560754,-31.607198655,1.243415872,-1.589456350,-0.089928904,0.400000000,0.400000000,0.500000000,0.000000000
39.149990522,17.637831291,-31.807039240,1.255970159,-1.610782991,-0.106740480,0.400000000,0.400000000,0.500000000,0.000000000
39.349705570,17.629847481,-32.006594644,1.259184932,-1.640217761,-0.147322653,0.400000000,0.400000000,0.500000000,0.000000000
39.549572080,17.615983603,-32.205979735,1.258676637,-1.665308333,-0.125615191,0.400000000,0.400000000,0.500000000,0.000000000
39.749178182,17.597146503,-32.404695008,1.260495393,-1.687468131,-0.111055178,0.400000000,0.400000000,0.500000000,0.000000000
39.948641161,17.573927558,-32.602801950,1.261116726,-1.718215235,-0.153952138,0.400000000,0.400000000,0.500000000,0.000000000
40.148599628,17.544556553,-32.800591567,1.266711902,-1.748536643,-0.151736432,0.400000000,0.400000000,0.500000000,0.000000000
40.348284757,17.509251036,-32.997130803,1.266300736,-1.781877393,-0.166948779,0.400000000,0.400000000,0.500000000,0.000000000
40.547994049,17.467408525,-33.192407544,1.268414475,-1.823517776,-0.208672741,0.400000000,0.400000000,0.500000000,0.000000000
40.747353415,17.417560732,-33.385434367,1.264386611,-1.887098075,-0.319328458,0.400000000,0.400000000,0.500000000,0.000000000
40.946139525,17.355727536,-33.574359149,1.270030256,-1.920615496,-0.168501595,0.400000000,0.400000000,0.500000000,0.000000000
41.145163916,17.287516318,-33.761329569,1.269238048,-1.960676559,-0.201027523,0.400000000,0.400000000,0.500000000,0.000000000
41.344675837,17.211686298,-33.945869036,1.274492061,-1.984782840,-0.120785618,0.400000000,0.400000000,0.500000000,0.000000000
41.544312385,17.131380048,-34.128641182,1.277890215,-1.990162093,-0.026925627,0.400000000,0.400000000,0.500000000,0.000000000
41.744239142,17.049973619,-34.311243760,1.269573807,-1.969828344,0.101689803,0.400000000,0.400000000,0.500000000,0.000000000
41.944222660,16.972274705,-34.495516075,1.268350191,-1.973653137,-0.019133382,0.400000000,0.400000000,0.500000000,0.000000000
42.144042018,16.893935916,-34.679338844,1.267206287,-1.956836927,0.084141370,0.400000000,0.400000000,0.500000000,0.000000000
42.343931181,16.818672977,-34.864517588,1.273938082,-1.948979297,0.039339761,0.400000000,0.400000000,0.500000000,0.000000000
42.543516224,16.744979703,-35.049999368,1.280811420,-1.950834902,-0.009290075,0.400000000,0.400000000,0.500000000,0.000000000
42.743412176,16.670827042,-35.235632810,1.265574664,-1.966962696,-0.080697023,0.400000000,0.400000000,0.500000000,0.000000000
42.943224137,16.593722707,-35.419968756,1.259233418,-1.964872122,0.010461513,0.400000000,0.400000000,0.500000000,0.000000000
43.143081551,16.516986456,-35.604507462,1.256726557,-1.994841279,-0.149984873,0.400000000,0.400000000,0.500000000,0.000000000
43.342838237,16.434796466,-35.786572119,1.262427247,-2.015259265,-0.102219175,0.400000000,0.400000000,0.500000000,0.000000000
43.542568863,16.348917678,-35.966897259,1.266211694,-2.032942183,-0.088689365,0.400000000,0.400000000,0.500000000,0.000000000
43.741593768,16.260178467,-36.145044012,1.261264694,-2.052800289,-0.099582014,0.400000000,0.400000000,0.500000000,0.000000000
43.941391485,16.167561086,-36.322078326,1.259147492,-2.079636387,-0.134392907,0.400000000,0.400000000,0.500000000,0.000000000
44.140949562,16.070343458,-36.496354425,1.254467034,-2.093510507,-0.069462252,0.400000000,0.400000000,0.500000000,0.000000000
44.340860495,15.970541179,-36.669570724,1.244406481,-2.124049547,-0.152756424,0.400000000,0.400000000,0.500000000,0.000000000
44.540773707,15.865495200,-36.839660803,1.232576274,-2.150216843,-0.131117707,0.400000000,0.400000000,0.500000000,0.000000000
44.739991172,15.756415843,-37.006362009,1.249944237,-2.179839666,-0.148559169,0.400000000,0.400000000,0.500000000,0.000000000
44.939560800,15.642245437,-37.170048156,1.238815774,-2.203771202,-0.119939333,0.400000000,0.400000000,0.500000000,0.000000000
45.139042326,15.524242952,-37.330884387,1.237544195,-2.247795538,-0.220521135,0.400000000,0.400000000,0.500000000,0.000000000
45.338803993,15.399100885,-37.486589834,1.242816561,-2.271360362,-0.118161894,0.400000000,0.400000000,0.500000000,0.000000000
45.537889676,15.270760502,-37.638786599,1.230339171,-2.300221351,-0.144917475,0.400000000,0.400000000,0.500000000,0.000000000
45.737099462,15.137998919,-37.787308992,1.238441299,-2.324422837,-0.121261561,0.400000000,0.400000000,0.500000000,0.000000000
45.937041655,15.001180926,-37.933109257,1.241925715,-2.363107334,-0.193642339,0.400000000,0.400000000,0.500000000,0.000000000
46.136620397,14.859085259,-38.073253810,1.229125193,-2.376938061,-0.069355964,0.400000000,0.400000000,0.500000000,0.000000000
46.335871586,14.715301313,-38.211192974,1.240801151,-2.399983423,-0.115513607,0.400000000,0.400000000,0.500000000,0.000000000
46.535618445,14.568011471,-38.346117065,1.240423000,-2.417312120,-0.086804618,0.400000000,0.400000000,0.500000000,0.000000000
46.735124074,14.418586477,-38.478308847,1.233469397,-2.433126047,-0.079218373,0.400000000,0.400000000,0.500000000,0.000000000
46.934863268,14.266912422,-38.608273175,1.235256854,-2.456225336,-0.115752829,0.400000000,0.400000000,0.500000000,0.000000000
47.134229237,14.112565960,-38.734463346,1.212935844,-2.482430469,-0.131432335,0.400000000,0.400000000,0.500000000,0.000000000
47.333614191,13.954951031,-38.856577612,1.219656031,-2.483264734,-0.004179933,0.400000000,0.400000000,0.500000000,0.000000000
47.533405605,13.796912764,-38.978809013,1.218498168,-2.506491741,-0.116312060,0.400000000,0.400000000,0.500000000,0.000000000
47.732996419,13.636239797,-39.097218011,1.215291337,-2.527050122,-0.103014467,0.400000000,0.400000000,0.500000000,0.000000000
47.932534387,13.473209835,-39.212268572,1.209393368,-2.544465361,-0.087300914,0.400000000,0.400000000,0.500000000,0.000000000
48.131961736,13.308292539,-39.324400428,1.210383573,-2.558128509,-0.068484244,0.400000000,0.400000000,0.500000000,0.000000000
48.331547105,13.141726733,-39.434355655,1.205748720,-2.600830351,-0.213812009,0.400000000,0.400000000,0.500000000,0.000000000
48.531364906,12.970419634,-39.537219796,1.195955980,-2.621617377,-0.104047110,0.400000000,0.400000000,0.500000000,0.000000000
48.731109417,12.797075062,-39.636464590,1.198614642,-2.656066884,-0.172396479,0.400000000,0.400000000,0.500000000,0.000000000
48.930999564,12.620286278,-39.729748011,1.189053809,-2.676832015,-0.104057010,0.400000000,0.400000000,0.500000000,0.000000000
49.130212897,12.442203727,-39.819037188,1.186991961,-2.703677155,-0.134588542,0.400000000,0.400000000,0.500000000,0.000000000
49.329909213,12.261351242,-39.903718927,1.182284079,-2.710094135,-0.032119054,0.400000000,0.400000000,0.500000000,0.000000000
49.529786885,12.079794349,-39.987314253,1.176294686,-2.730404813,-0.101625357,0.400000000,0.400000000,0.500000000,0.000000000
49.729619073,11.896618835,-40.067186867,1.174531843,-2.721205915,0.046025475,0.400000000,0.400000000,0.500000000,0.000000000
49.929516164,11.714126549,-40.148767578,1.161001276,-2.724472456,-0.016340552,0.400000000,0.400000000,0.500000000,0.000000000
50.129426712,11.531356446,-40.229757188,1.157006727,-2.726453233,-0.009911851,0.400000000,0.400000000,0.500000000,0.000000000
50.329194809,11.348556632,-40.310327160,1.167540643,-2.732644520,-0.030986654,0.400000000,0.400000000,0.500000000,0.000000000
50.529035956,11.165194466,-40.389792877,1.156310419,-2.732290247,0.001772176,0.400000000,0.400000000,0.500000000,0.000000000
50.729011452,10.981737212,-40.469377016,1.156072439,-2.742821007,-0.052670296,0.400000000,0.400000000,0.500000000,0.000000000
50.928908837,10.797524047,-40.546994504,1.149373608,-2.751696645,-0.044399658,0.400000000,0.400000000,0.500000000,0.000000000
51.128816731,10.612619523,-40.622977941,1.154100045,-2.757106640,-0.027060061,0.400000000,0.400000000,0.500000000,0.000000000
51.328759248,10.427274541,-40.697972925,1.151038299,-2.761276164,-0.020854637,0.400000000,0.400000000,0.500000000,0.000000000
51.528681853,10.241636966,-40.772187068,1.150370737,-2.769238473,-0.039822187,0.400000000,0.400000000,0.500000000,0.000000000
51.728651279,10.055370754,-40.844937804,1.149180390,-2.786055028,-0.084122459,0.400000000,0.400000000,0.500000000,0.000000000
51.928488450,9.868031504,-40.914500007,1.143349630,-2.801638269,-0.077994514,0.400000000,0.400000000,0.500000000,0.000000000
52.128245624,9.679706457,-40.981107856,1.133872334,-2.811360669,-0.048665794,0.400000000,0.400000000,0.500000000,0.000000000
52.328044697,9.490703098,-41.045895200,1.137526102,-2.822000143,-0.053259365,0.400000000,0.400000000,0.500000000,0.000000000
52.527778167,9.301083428,-41.108647408,1.135441789,-2.831040707,-0.045241977,0.400000000,0.400000000,0.500000000,0.000000000
52.727697101,9.110727606,-41.169739481,1.128302653,-2.833361220,-0.011607480,0.400000000,0.400000000,0.500000000,0.000000000
52.927608757,8.920237467,-41.230387459,1.129554361,-2.825857240,0.037533772,0.400000000,0.400000000,0.500000000,0.000000000
53.127548315,8.730181266,-41.292471814,1.128987980,-2.818828288,0.035155927,0.400000000,0.400000000,0.500000000,0.000000000
53.327480903,8.540572754,-41.355888309,1.124696553,-2.828436238,-0.048057896,0.400000000,0.400000000,0.500000000,0.000000000
53.527395743,8.350380585,-41.417474689,1.116654553,-2.823530294,0.024541714,0.400000000,0.400000000,0.500000000,0.000000000
53.727284966,8.160517175,-41.479985385,1.114384181,-2.813972847,0.047806799,0.400000000,0.400000000,0.500000000,0.000000000
53.927230520,7.971206536,-41.544325935,1.118829939,-2.817820903,-0.019249398,0.400000000,0.400000000,0.500000000,0.000000000
54.127095255,7.781726332,-41.607911819,1.120973882,-2.821411806,-0.017961877,0.400000000,0.400000000,0.500000000,0.000000000
54.327066296,7.591918117,-41.670850349,1.104246083,-2.819878762,0.007667067,0.400000000,0.400000000,0.500000000,0.000000000
54.526998768,7.402243202,-41.734067594,1.109874748,-2.824547678,-0.023353574,0.400000000,0.400000000,0.500000000,0.000000000
54.726911836,7.212293637,-41.796392528,1.109798418,-2.827541108,-0.014975203,0.400000000,0.400000000,0.500000000,0.000000000
54.926783562,7.022197678,-41.858135811,1.106619717,-2.832553650,-0.025081688,0.400000000,0.400000000,0.500000000,0.000000000
55.126608762,6.831838938,-41.918911308,1.100322412,-2.836511282,-0.019802182,0.400000000,0.400000000,0.500000000,0.000000000
55.326500029,6.641178147,-41.978952806,1.101452192,-2.834548859,0.009818344,0.400000000,0.400000000,0.500000000,0.000000000
55.526354981,6.450670167,-42.039357369,1.099447581,-2.836847930,-0.011500411,0.400000000,0.400000000,0.500000000,0.000000000
55.726324225,6.259914790,-42.099358075,1.102221650,-2.841515969,-0.023347929,0.400000000,0.400000000,0.500000000,0.000000000
55.926222053,6.068949631,-42.158446567,1.093741065,-2.835747532,0.028851029,0.400000000,0.400000000,0.500000000,0.000000000
56.126201077,5.878251068,-42.218660088,1.095220401,-2.836495208,-0.003739201,0.400000000,0.400000000,0.500000000,0.000000000
56.326134443,5.687551088,-42.278717296,1.089289578,-2.839599060,-0.015522387,0.400000000,0.400000000,0.500000000,0.000000000
56.526120404,5.496615402,-42.338197955,1.083028656,-2.840174800,-0.002880108,0.400000000,0.400000000,0.500000000,0.000000000
56.725938674,5.305805635,-42.397518891,1.083150990,-2.843775206,-0.018019338,0.400000000,0.400000000,0.500000000,0.000000000
56.925735952,5.114803592,-42.456146292,1.078003792,-2.842188981,0.007935299,0.400000000,0.400000000,0.500000000,0.000000000
57.125728227,4.923708465,-42.515134106,1.077457435,-2.837646141,0.022717307,0.400000000,0.400000000,0.500000000,0.000000000
57.325680900,4.732921067,-42.574977570,1.076724802,-2.839737344,-0.010457643,0.400000000,0.400000000,0.500000000,0.000000000
57.525666027,4.541977954,-42.634431577,1.064326670,-2.842265272,-0.012645664,0.400000000,0.400000000,0.500000000,0.000000000
57.725490154,4.351038999,-42.693355229,1.064536305,-2.834037890,0.041162276,0.400000000,0.400000000,0.500000000,0.000000000
57.925418370,4.160492081,-42.753879307,1.062937698,-2.841285125,-0.036252609,0.400000000,0.400000000,0.500000000,0.000000000
58.125307924,3.969548472,-42.813009432,1.054081223,-2.850273004,-0.044960260,0.400000000,0.400000000,0.500000000,0.000000000
58.325231409,3.778048626,-42.870430760,1.063787395,-2.851882923,-0.008055770,0.400000000,0.400000000,0.500000000,0.000000000
58.525001143,3.586603929,-42.927499792,1.054057720,-2.851542019,0.001705744,0.400000000,0.400000000,0.500000000,0.000000000
58.724944477,3.395012349,-42.984683735,1.042226746,-2.855315354,-0.018870774,0.400000000,0.400000000,0.500000000,0.000000000
58.924914038,3.203181199,-43.041151739,1.027435554,-2.850427082,0.024449618,0.400000000,0.400000000,0.500000000,0.000000000
59.124809000,3.011699830,-43.098535372,1.029198025,-2.846822337,0.018029332,0.400000000,0.400000000,0.500000000,0.000000000
59.324789341,2.820344862,-43.156633677,1.032831475,-2.843966679,0.014279514,0.400000000,0.400000000,0.500000000,0.000000000
59.524774597,2.629151885,-43.215279630,1.034922788,-2.846600584,-0.013171899,0.400000000,0.400000000,0.500000000,0.000000000
59.724717106,2.437846003,-43.273409368,1.030259085,-2.855512134,-0.044580353,0.400000000,0.400000000,0.500000000,0.000000000
59.924570449,2.246115240,-43.329806826,1.025049609,-2.860197147,-0.023435328,0.400000000,0.400000000,0.500000000,0.000000000
60.124541640,2.054009146,-43.385338134,1.025590144,-2.858051466,0.010730835,0.400000000,0.400000000,0.500000000,0.000000000
60.324479874,1.862054289,-43.441272291,1.017907210,-2.855061855,0.014953572,0.400000000,0.400000000,0.500000000,0.000000000
60.524393903,1.670290729,-43.497773228,1.015302846,-2.852380149,0.013413672,0.400000000,0.400000000,0.500000000,0.000000000
60.724326446,1.478661631,-43.554793494,1.017542855,-2.846802412,0.027896208,0.400000000,0.400000000,0.500000000,0.000000000
60.924285501,1.287328188,-43.612889427,1.015550733,-2.847753596,-0.004756617,0.400000000,0.400000000,0.500000000,0.000000000
61.124267745,1.095917377,-43.670810057,1.013424685,-2.856291492,-0.042692568,0.400000000,0.400000000,0.500000000,0.000000000
61.324255368,0.904013867,-43.727095864,1.007387984,-2.861733905,-0.027217313,0.400000000,0.400000000,0.500000000,0.000000000
61.524190131,0.711857673,-43.782321823,1.006109347,-2.864668089,-0.014674601,0.400000000,0.400000000,0.500000000,0.000000000
61.724154870,0.519511429,-43.836991919,1.003108064,-2.865168882,-0.002504329,0.400000000,0.400000000,0.500000000,0.000000000
61.924132413,0.327125513,-43.891569178,1.005991462,-2.864737147,0.002159243,0.400000000,0.400000000,0.500000000,0.000000000
62.124049861,0.134820986,-43.946213064,0.996014580,-2.861815656,0.014616085,0.400000000,0.400000000,0.500000000,0.000000000
62.323896122,-0.057254662,-44.001398876,0.998144721,-2.854677292,0.035707083,0.400000000,0.400000000,0.500000000,0.000000000
62.523878007,-0.249061563,-44.057992756,0.990815887,-2.853671568,0.005031298,0.400000000,0.400000000,0.500000000,0.000000000
62.723683358,-0.440642181,-44.114729384,0.988251766,-2.858174646,-0.022529949,0.400000000,0.400000000,0.500000000,0.000000000
62.923619206,-0.632601636,-44.170639229,0.998238176,-2.855978914,0.010982142,0.400000000,0.400000000,0.500000000,0.000000000
63.123556434,-0.824439190,-44.226970819,0.993103855,-2.852321805,0.018289701,0.400000000,0.400000000,0.500000000,0.000000000
63.323528062,-1.016102422,-44.284013415,0.991799081,-2.851454353,0.004338168,0.400000000,0.400000000,0.500000000,0.000000000
63.523472696,-1.207690234,-44.341214525,0.988355561,-2.839630605,0.059131742,0.400000000,0.400000000,0.500000000,0.000000000
63.723437780,-1.398607863,-44.400682952,0.985825936,-2.814929062,0.123564579,0.400000000,0.400000000,0.500000000,0.000000000
63.923278463,-1.587880613,-44.464808799,0.988780082,-2.795077336,0.099401499,0.400000000,0.400000000,0.500000000,0.000000000
64.122856296,-1.775595919,-44.532589884,0.992916936,-2.761800273,0.166662549,0.400000000,0.400000000,0.500000000,0.000000000
64.322594664,-1.961101256,-44.606638421,0.994012207,-2.746631022,0.075939185,0.400000000,0.400000000,0.500000000,0.000000000
64.522362953,-2.145489649,-44.683503819,0.989396736,-2.734786498,0.059275483,0.400000000,0.400000000,0.500000000,0.000000000
64.722235600,-2.329050537,-44.762589060,0.982651406,-2.737193585,-0.012045343,0.400000000,0.400000000,0.500000000,0.000000000
64.922033796,-2.512732813,-44.841202932,0.968311331,-2.738168408,-0.004876775,0.400000000,0.400000000,0.500000000,0.000000000
65.122017484,-2.696662237,-44.919710526,0.969671383,-2.749314201,-0.055742701,0.400000000,0.400000000,0.500000000,0.000000000
65.321933157,-2.881392399,-44.996137246,0.962186943,-2.753706672,-0.021970438,0.400000000,0.400000000,0.500000000,0.000000000
65.521869963,-3.066476043,-45.071759803,0.950008137,-2.760803919,-0.035494545,0.400000000,0.400000000,0.500000000,0.000000000
65.721838675,-3.252121354,-45.146078739,0.942552886,-2.766841775,-0.030206125,0.400000000,0.400000000,0.500000000,0.000000000
65.921646319,-3.438062116,-45.219216471,0.939259567,-2.777386176,-0.052787598,0.400000000,0.400000000,0.500000000,0.000000000
66.121339766,-3.624657013,-45.290348861,0.925826922,-2.788548225,-0.055858001,0.400000000,0.400000000,0.500000000,0.000000000
66.321302274,-3.812286721,-45.359487111,0.929561772,-2.794430339,-0.029416268,0.400000000,0.400000000,0.500000000,0.000000000
66.521261719,-4.000316978,-45.427519470,0.928067134,-2.808116102,-0.068435748,0.400000000,0.400000000,0.500000000,0.000000000
66.721258632,-4.189296076,-45.492984466,0.924144089,-2.815312622,-0.035993114,0.400000000,0.400000000,0.500000000,0.000000000
66.921144007,-4.378635744,-45.557052035,0.917629517,-2.822927902,-0.038108229,0.400000000,0.400000000,0.500000000,0.000000000
67.120923559,-4.568357314,-45.619642732,0.913554057,-2.832936921,-0.050079984,0.400000000,0.400000000,0.500000000,0.000000000
67.320863687,-4.758848829,-45.680380179,0.912215743,-2.837878749,-0.024715184,0.400000000,0.400000000,0.500000000,0.000000000
67.520825288,-4.949658662,-45.740181933,0.916740190,-2.836445285,0.007168579,0.400000000,0.400000000,0.500000000,0.000000000
67.720793377,-5.140388763,-45.800259094,0.915312069,-2.837392914,-0.004738805,0.400000000,0.400000000,0.500000000,0.000000000
67.920769885,-5.331183741,-45.860158008,0.910907944,-2.831706599,0.028435783,0.400000000,0.400000000,0.500000000,0.000000000
68.120733661,-5.521622907,-45.921136985,0.909750836,-2.828658499,0.015244190,0.400000000,0.400000000,0.500000000,0.000000000
68.320672942,-5.711852013,-45.982688615,0.903487446,-2.828635925,0.000112895,0.400000000,0.400000000,0.500000000,0.000000000
68.520639097,-5.902105299,-46.044252813,0.894236135,-2.824221835,0.022073426,0.400000000,0.400000000,0.500000000,0.000000000
68.720618731,-6.092097788,-46.106660411,0.900509338,-2.826017081,-0.008976968,0.400000000,0.400000000,0.500000000,0.000000000
68.920606273,-6.282209524,-46.168729278,0.894739375,-2.824847908,0.005846149,0.400000000,0.400000000,0.500000000,0.000000000
69.120599360,-6.472253832,-46.231022105,0.898973289,-2.822865610,0.009912564,0.400000000,0.400000000,0.500000000,0.000000000
69.320562847,-6.662146173,-46.293682257,0.895083475,-2.819440790,0.017128034,0.400000000,0.400000000,0.500000000,0.000000000
69.520507255,-6.851804705,-46.356986347,0.886383406,-2.819690524,-0.001248964,0.400000000,0.400000000,0.500000000,0.000000000
69.720468123,-7.041494654,-46.420248279,0.882055939,-2.815119519,0.022865099,0.400000000,0.400000000,0.500000000,0.000000000
69.920330673,-7.230800326,-46.484345089,0.886890205,-2.820872081,-0.028774225,0.400000000,0.400000000,0.500000000,0.000000000
70.120308899,-7.420581363,-46.547388319,0.881614381,-2.818144719,0.013639976,0.400000000,0.400000000,0.500000000,0.000000000
70.320237722,-7.610142912,-46.610933214,0.878844964,-2.823645975,-0.027528231,0.400000000,0.400000000,0.500000000,0.000000000
70.519989459,-7.799882956,-46.673378965,0.880435470,-2.827038778,-0.016978390,0.400000000,0.400000000,0.500000000,0.000000000
70.719898782,-7.989983629,-46.735229364,0.872939579,-2.826979297,0.000297512,0.400000000,0.400000000,0.500000000,0.000000000
70.919841782,-8.180112646,-46.797101491,0.870466407,-2.830745584,-0.018839713,0.400000000,0.400000000,0.500000000,0.000000000
71.119722740,-8.370414273,-46.858238124,0.865110371,-2.841371201,-0.053157530,0.400000000,0.400000000,0.500000000,0.000000000
71.319618337,-8.561368745,-46.917353601,0.866193304,-2.838181753,0.015954416,0.400000000,0.400000000,0.500000000,0.000000000
71.519542701,-8.752161153,-46.977086411,0.856910358,-2.834841844,0.016711917,0.400000000,0.400000000,0.500000000,0.000000000
71.719321998,-8.942614699,-47.037412310,0.847476452,-2.834030345,0.004061053,0.400000000,0.400000000,0.500000000,0.000000000
71.919192017,-9.133105693,-47.097920208,0.848269557,-2.832224598,0.009031787,0.400000000,0.400000000,0.500000000,0.000000000
72.119186924,-9.323606074,-47.158810008,0.847993357,-2.822859159,0.046838307,0.400000000,0.400000000,0.500000000,0.000000000
72.319095644,-9.513446002,-47.221454223,0.843712092,-2.829275157,-0.032093487,0.400000000,0.400000000,0.500000000,0.000000000
72.519018033,-9.703696954,-47.282883345,0.836766821,-2.838803322,-0.047656730,0.400000000,0.400000000,0.500000000,0.000000000
72.718960633,-9.894543860,-47.342502990,0.835378145,-2.846202333,-0.037014063,0.400000000,0.400000000,0.500000000,0.000000000
72.918811697,-10.085739092,-47.400682291,0.833676207,-2.848338463,-0.010685052,0.400000000,0.400000000,0.500000000,0.000000000
73.118795671,-10.277185402,-47.458491461,0.831165912,-2.851749033,-0.017057349,0.400000000,0.400000000,0.500000000,0.000000000
73.318706058,-10.468757243,-47.515626324,0.827658687,-2.852459354,-0.003552797,0.400000000,0.400000000,0.500000000,0.000000000
73.518661424,-10.660412732,-47.572637919,0.824909778,-2.846842430,0.028090243,0.400000000,0.400000000,0.500000000,0.000000000
73.718625417,-10.851753224,-47.630727630,0.825652914,-2.841859269,0.024921319,0.400000000,0.400000000,0.500000000,0.000000000
73.918572534,-11.042785748,-47.689765113,0.822776676,-2.847651463,-0.028970379,0.400000000,0.400000000,0.500000000,0.000000000
74.118494967,-11.234133397,-47.747687963,0.816701612,-2.855145764,-0.037492179,0.400000000,0.400000000,0.500000000,0.000000000
74.318351023,-11.425846087,-47.804156428,0.812353756,-2.853203013,0.009720455,0.400000000,0.400000000,0.500000000,0.000000000
74.518219322,-11.617460448,-47.861000719,0.808691554,-2.852849350,0.001769144,0.400000000,0.400000000,0.500000000,0.000000000
74.718162845,-11.809126805,-47.917934193,0.815271410,-2.858089515,-0.026217074,0.400000000,0.400000000,0.500000000,0.000000000
74.917970930,-12.000958836,-47.973824641,0.814392374,-2.852538001,0.027772052,0.400000000,0.400000000,0.500000000,0.000000000
75.117953785,-12.192645157,-48.030828999,0.808110530,-2.848880639,0.018288737,0.400000000,0.400000000,0.500000000,0.000000000
75.317928527,-12.384113942,-48.088531699,0.801863491,-2.852521266,-0.018205512,0.400000000,0.400000000,0.500000000,0.000000000
75.517901321,-12.575789665,-48.145536397,0.798856069,-2.860613118,-0.040462927,0.400000000,0.400000000,0.500000000,0.000000000
75.717891199,-12.767936796,-48.200992971,0.801178545,-2.868053459,-0.037225849,0.400000000,0.400000000,0.500000000,0.000000000
75.917640956,-12.960260026,-48.254953516,0.797639766,-2.866094457,0.009804965,0.400000000,0.400000000,0.500000000,0.000000000
76.117485013,-13.152567923,-48.309316372,0.799246933,-2.867389535,-0.006479704,0.400000000,0.400000000,0.500000000,0.000000000
76.317374549,-13.344989842,-48.363442443,0.798932674,-2.866372305,0.005088861,0.400000000,0.400000000,0.500000000,0.000000000
76.517271792,-13.537364020,-48.417766318,0.793320066,-2.869097409,-0.013629321,0.400000000,0.400000000,0.500000000,0.000000000
76.717262975,-13.729975996,-48.471591034,0.784084604,-2.872849159,-0.018766777,0.400000000,0.400000000,0.500000000,0.000000000
76.917100394,-13.922640308,-48.524651914,0.784819769,-2.877111224,-0.021334124,0.400000000,0.400000000,0.500000000,0.000000000
77.116816512,-14.115411934,-48.576859458,0.773685655,-2.881364177,-0.021285177,0.400000000,0.400000000,0.500000000,0.000000000
77.316716479,-14.308581513,-48.628293988,0.780568344,-2.883321242,-0.009788886,0.400000000,0.400000000,0.500000000,0.000000000
77.516670829,-14.501903961,-48.679364264,0.771564102,-2.878510391,0.024058169,0.400000000,0.400000000,0.500000000,0.000000000
77.716650972,-14.695003387,-48.731370699,0.764013093,-2.870810028,0.038507455,0.400000000,0.400000000,0.500000000,0.000000000
77.916611282,-14.887677513,-48.784857208,0.764619927,-2.873488684,-0.013396161,0.400000000,0.400000000,0.500000000,0.000000000
78.116564877,-15.080487745,-48.837825639,0.763608662,-2.874700867,-0.006063060,0.400000000,0.400000000,0.500000000,0.000000000
78.316469921,-15.273315211,-48.890547505,0.765143396,-2.874874890,-0.000870423,0.400000000,0.400000000,0.500000000,0.000000000
78.516422331,-15.466197539,-48.943248298,0.755274760,-2.873859309,0.005079665,0.400000000,0.400000000,0.500000000,0.000000000
78.716331157,-15.658984215,-48.996133422,0.752164021,-2.878435924,-0.022900974,0.400000000,0.400000000,0.500000000,0.000000000
78.916109331,-15.851884751,-49.048101698,0.746891804,-2.878028140,0.002040474,0.400000000,0.400000000,0.500000000,0.000000000
79.116026659,-16.044898430,-49.100184884,0.746564388,-2.871128550,0.034508404,0.400000000,0.400000000,0.500000000,0.000000000
79.315987372,-16.237589971,-49.153610127,0.744880853,-2.877893840,-0.033836362,0.400000000,0.400000000,0.500000000,0.000000000
79.515908738,-16.430600551,-49.205720287,0.732010360,-2.877930054,-0.000181262,0.400000000,0.400000000,0.500000000,0.000000000
79.715559407,-16.623351675,-49.257752909,0.747549622,-2.876958284,0.004864516,0.400000000,0.400000000,0.500000000,0.000000000
79.915442597,-16.816276571,-49.310033633,0.743377852,-2.864077488,0.064442760,0.400000000,0.400000000,0.500000000,0.000000000
80.115315947,-17.008502600,-49.364792282,0.729901655,-2.858062908,0.030098989,0.400000000,0.400000000,0.500000000,0.000000000
80.315095275,-17.200305537,-49.420679790,0.724296197,-2.851290477,0.033894983,0.400000000,0.400000000,0.500000000,0.000000000
80.514927761,-17.391776516,-49.477880195,0.725247533,-2.853426384,-0.010689669,0.400000000,0.400000000,0.500000000,0.000000000
80.714715984,-17.583326796,-49.534658926,0.726363695,-2.846298691,0.035670987,0.400000000,0.400000000,0.500000000,0.000000000
80.914562240,-17.774523034,-49.592818403,0.722545541,-2.852886847,-0.032956139,0.400000000,0.400000000,0.500000000,0.000000000
81.114528845,-17.966213651,-49.649751262,0.723359515,-2.852932690,-0.000229266,0.400000000,0.400000000,0.500000000,0.000000000
81.314477478,-18.157889649,-49.706670217,0.719226967,-2.842325444,0.053079127,0.400000000,0.400000000,0.500000000,0.000000000
81.514203722,-18.348738618,-49.765553521,0.706694085,-2.824257271,0.090434130,0.400000000,0.400000000,0.500000000,0.000000000
81.714059517,-18.538615663,-49.827915744,0.705087666,-2.812369980,0.059471426,0.400000000,0.400000000,0.500000000,0.000000000
81.913966155,-18.727786104,-49.892547069,0.704306991,-2.803497542,0.044378720,0.400000000,0.400000000,0.500000000,0.000000000
82.113909225,-18.916410039,-49.958866315,0.706799362,-2.804510883,-0.005067661,0.400000000,0.400000000,0.500000000,0.000000000
82.313890864,-19.105137479,-50.025007142,0.703091563,-2.800482323,0.020145923,0.400000000,0.400000000,0.500000000,0.000000000
82.513846922,-19.293572830,-50.091899174,0.699211925,-2.801186432,-0.003521503,0.400000000,0.400000000,0.500000000,0.000000000
82.713781731,-19.482035204,-50.158651415,0.690676496,-2.809593486,-0.042062817,0.400000000,0.400000000,0.500000000,0.000000000
82.913583790,-19.670926599,-50.223773634,0.687006995,-2.806379931,0.016077323,0.400000000,0.400000000,0.500000000,0.000000000
83.113544026,-19.859757119,-50.289554565,0.695291158,-2.803077560,0.016549063,0.400000000,0.400000000,0.500000000,0.000000000
83.312684223,-20.047595875,-50.355686400,0.690305601,-2.799275270,0.019055088,0.400000000,0.400000000,0.500000000,0.000000000
83.512627762,-20.235938554,-50.422801632,0.689399085,-2.809350692,-0.050403595,0.400000000,0.400000000,0.500000000,0.000000000
83.712472330,-20.424854317,-50.487983576,0.683902192,-2.805709139,0.018221250,0.400000000,0.400000000,0.500000000,0.000000000
83.912331451,-20.613545203,-50.553857830,0.672706814,-2.809783755,-0.020390321,0.400000000,0.400000000,0.500000000,0.000000000
84.112133852,-20.802449310,-50.618944220,0.677897880,-2.812743852,-0.014814088,0.400000000,0.400000000,0.500000000,0.000000000
84.311964015,-20.991571524,-50.683480117,0.675509907,-2.817929840,-0.025947490,0.400000000,0.400000000,0.500000000,0.000000000
84.511862842,-21.181090975,-50.747056202,0.669632234,-2.809944669,0.039936754,0.400000000,0.400000000,0.500000000,0.000000000
84.711853782,-21.370183817,-50.812173583,0.668257680,-2.811153313,-0.006044320,0.400000000,0.400000000,0.500000000,0.000000000
84.911790016,-21.559303478,-50.877044620,0.662642424,-2.808487790,0.013334438,0.400000000,0.400000000,0.500000000,0.000000000
85.111649084,-21.748176628,-50.942394297,0.654967320,-2.807364652,0.005619634,0.400000000,0.400000000,0.500000000,0.000000000
85.311509298,-21.936977345,-51.007956439,0.658238516,-2.807596127,-0.001158088,0.400000000,0.400000000,0.500000000,0.000000000
85.511404031,-22.125825844,-51.073486193,0.653879496,-2.816572649,-0.044897351,0.400000000,0.400000000,0.500000000,0.000000000
85.711376613,-22.315328729,-51.137342986,0.653998440,-2.816686373,-0.000568990,0.400000000,0.400000000,0.500000000,0.000000000
85.911143965,-22.504644383,-51.201112715,0.659327321,-2.818357720,-0.008362104,0.400000000,0.400000000,0.500000000,0.000000000
86.111119776,-22.694264017,-51.264632156,0.650764132,-2.820864634,-0.012536724,0.400000000,0.400000000,0.500000000,0.000000000
86.311075062,-22.884022814,-51.327669567,0.645209841,-2.825383457,-0.022597320,0.400000000,0.400000000,0.500000000,0.000000000
86.511062719,-23.074095294,-51.389858918,0.632160020,-2.824698373,0.003426019,0.400000000,0.400000000,0.500000000,0.000000000
86.711004936,-23.264081947,-51.452164309,0.627415520,-2.826000185,-0.006510499,0.400000000,0.400000000,0.500000000,0.000000000
86.910973987,-23.454175058,-51.514230650,0.627681291,-2.830840585,-0.024205081,0.400000000,0.400000000,0.500000000,0.000000000
87.110953667,-23.644576486,-51.575379391,0.626197053,-2.830689555,0.000755234,0.400000000,0.400000000,0.500000000,0.000000000
87.310931248,-23.834966678,-51.636556245,0.621500525,-2.828303540,0.011931689,0.400000000,0.400000000,0.500000000,0.000000000
87.510899403,-24.025201393,-51.698184294,0.613132496,-2.824684833,0.018097540,0.400000000,0.400000000,0.500000000,0.000000000
87.710842497,-24.215188036,-51.760492531,0.611351810,-2.823451599,0.006167236,0.400000000,0.400000000,0.500000000,0.000000000
87.910830145,-24.405140012,-51.823048956,0.605133363,-2.824557092,-0.005527891,0.400000000,0.400000000,0.500000000,0.000000000
88.110811785,-24.595155319,-51.885393479,0.601721551,-2.835198455,-0.053211133,0.400000000,0.400000000,0.500000000,0.000000000
88.310795768,-24.785825519,-51.945713195,0.596522686,-2.841729141,-0.032668191,0.400000000,0.400000000,0.500000000,0.000000000
88.510630355,-24.976742850,-52.004742296,0.598189417,-2.839913485,0.009082037,0.400000000,0.400000000,0.500000000,0.000000000
88.710630150,-25.167710438,-52.064167027,0.592063987,-2.841256486,-0.006718985,0.400000000,0.400000000,0.500000000,0.000000000
88.910393208,-25.358531520,-52.123265198,0.588872554,-2.841569130,-0.001564243,0.400000000,0.400000000,0.500000000,0.000000000
89.110369094,-25.549574390,-52.182366607,0.586048902,-2.832720496,0.044250947,0.400000000,0.400000000,0.500000000,0.000000000
89.310321594,-25.740064542,-52.243149040,0.586578287,-2.831695124,0.005127582,0.400000000,0.400000000,0.500000000,0.000000000
89.510312887,-25.930529215,-52.304138594,0.581724931,-2.837285645,-0.027954760,0.400000000,0.400000000,0.500000000,0.000000000
89.710290200,-26.121318536,-52.364058216,0.578513804,-2.840861595,-0.017882917,0.400000000,0.400000000,0.500000000,0.000000000
89.910241877,-26.312296419,-52.423287608,0.575121863,-2.839148281,0.008568714,0.400000000,0.400000000,0.500000000,0.000000000
90.110189959,-26.503169113,-52.482843048,0.567681287,-2.843114514,-0.019835418,0.400000000,0.400000000,0.500000000,0.000000000
90.310155770,-26.694293460,-52.541646190,0.566237291,-2.847206722,-0.020464071,0.400000000,0.400000000,0.500000000,0.000000000
90.510130469,-26.885665346,-52.599669299,0.565847903,-2.849989589,-0.013917770,0.400000000,0.400000000,0.500000000,0.000000000
90.710056864,-27.077151698,-52.657145736,0.559811844,-2.851697019,-0.008538863,0.400000000,0.400000000,0.500000000,0.000000000
90.910050156,-27.268800012,-52.714314261,0.558565005,-2.857367723,-0.028355717,0.400000000,0.400000000,0.500000000,0.000000000
91.110025345,-27.460752053,-52.770390017,0.556325357,-2.857644115,-0.001382554,0.400000000,0.400000000,0.500000000,0.000000000
91.309878539,-27.652602476,-52.826378539,0.561324950,-2.855765730,0.009397159,0.400000000,0.400000000,0.500000000,0.000000000
91.509802555,-27.844415340,-52.882747300,0.549239970,-2.853697740,0.010346132,0.400000000,0.400000000,0.500000000,0.000000000
91.709639385,-28.036027627,-52.939487852,0.545936636,-2.854715800,-0.005092639,0.400000000,0.400000000,0.500000000,0.000000000
91.909618897,-28.227834430,-52.996073674,0.543072403,-2.855714924,-0.004997659,0.400000000,0.400000000,0.500000000,0.000000000
92.109476249,-28.419580472,-53.052433381,0.535837574,-2.857004508,-0.006450552,0.400000000,0.400000000,0.500000000,0.000000000
92.309455657,-28.611516182,-53.108580037,0.529821853,-2.854001883,0.015018665,0.400000000,0.400000000,0.500000000,0.000000000
92.509328594,-28.803180341,-53.165272550,0.535784899,-2.860951255,-0.034764907,0.400000000,0.400000000,0.500000000,0.000000000
92.709247234,-28.995277762,-53.220644418,0.526687778,-2.854054471,0.034498557,0.400000000,0.400000000,0.500000000,0.000000000
92.909158097,-29.186981271,-53.277337607,0.524719939,-2.850194505,0.019308745,0.400000000,0.400000000,0.500000000,0.000000000
93.109062334,-29.378458171,-53.334768438,0.521235760,-2.854234144,-0.020207090,0.400000000,0.400000000,0.500000000,0.000000000
93.308981782,-29.570180097,-53.391429615,0.520742501,-2.859293335,-0.025312543,0.400000000,0.400000000,0.500000000,0.000000000
93.508799742,-29.762088756,-53.447091843,0.522223973,-2.849524181,0.048873524,0.400000000,0.400000000,0.500000000,0.000000000
93.708753043,-29.953574103,-53.504665140,0.519645547,-2.858359982,-0.044195190,0.400000000,0.400000000,0.500000000,0.000000000
93.908651992,-30.145508489,-53.560529095,0.519817084,-2.858648082,-0.001441313,0.400000000,0.400000000,0.500000000,0.000000000
94.108526731,-30.337435713,-53.616330992,0.512742863,-2.856318036,0.011657106,0.400000000,0.400000000,0.500000000,0.000000000
94.308416016,-30.529246353,-53.672584031,0.508437274,-2.857934232,-0.008087063,0.400000000,0.400000000,0.500000000,0.000000000
94.508225952,-30.721071482,-53.728504785,0.511325727,-2.858212060,-0.001390488,0.400000000,0.400000000,0.500000000,0.000000000
94.708027645,-30.912904225,-53.784369939,0.503127370,-2.857131238,0.005407912,0.400000000,0.400000000,0.500000000,0.000000000
94.907944751,-31.104787250,-53.840474785,0.497611514,-2.865082255,-0.039765826,0.400000000,0.400000000,0.500000000,0.000000000
95.107918574,-31.297164859,-53.895067694,0.503501519,-2.866907173,-0.009130188,0.400000000,0.400000000,0.500000000,0.000000000
95.307699492,-31.489456101,-53.949257113,0.495674610,-2.863159275,0.018750453,0.400000000,0.400000000,0.500000000,0.000000000
95.507684472,-31.681739100,-54.004222925,0.489801875,-2.870696413,-0.037694718,0.400000000,0.400000000,0.500000000,0.000000000
95.707602759,-31.874366658,-54.057720079,0.486624763,-2.868771348,0.009628627,0.400000000,0.400000000,0.500000000,0.000000000
95.907547277,-32.066916134,-54.111595022,0.486093357,-2.866189439,0.012912725,0.400000000,0.400000000,0.500000000,0.000000000
96.107504243,-32.259337847,-54.165970315,0.477899140,-2.866869261,-0.003399731,0.400000000,0.400000000,0.500000000,0.000000000
96.307474705,-32.451809472,-54.220218445,0.478615546,-2.867699614,-0.004153562,0.400000000,0.400000000,0.500000000,0.000000000
96.507330717,-32.644215891,-54.274275780,0.481254027,-2.863066033,0.023178748,0.400000000,0.400000000,0.500000000,0.000000000
96.707287168,-32.836466335,-54.329251676,0.478125811,-2.860549250,0.012590924,0.400000000,0.400000000,0.500000000,0.000000000
96.907107970,-33.028447480,-54.384673628,0.467779346,-2.856460739,0.020453619,0.400000000,0.400000000,0.500000000,0.000000000
97.107070523,-33.220336456,-54.440919903,0.464638095,-2.848023963,0.042194016,0.400000000,0.400000000,0.500000000,0.000000000
97.307010675,-33.411722628,-54.498776599,0.463523990,-2.845745805,0.011394044,0.400000000,0.400000000,0.500000000,0.000000000
97.506956300,-33.602981733,-54.557070748,0.463044367,-2.845278006,0.002339539,0.400000000,0.400000000,0.500000000,0.000000000
97.706917696,-33.794228630,-54.615458967,0.461532981,-2.845225140,0.000264373,0.400000000,0.400000000,0.500000000,0.000000000
97.906893183,-33.985485917,-54.673861412,0.460481523,-2.849436806,-0.021060088,0.400000000,0.400000000,0.500000000,0.000000000
98.106884072,-34.177002228,-54.731462265,0.457841561,-2.850972385,-0.007678985,0.400000000,0.400000000,0.500000000,0.000000000
98.306836208,-34.368569636,-54.788757858,0.455091044,-2.855926710,-0.024781157,0.400000000,0.400000000,0.500000000,0.000000000
98.506729846,-34.560362426,-54.845087179,0.453467435,-2.861568074,-0.028217848,0.400000000,0.400000000,0.500000000,0.000000000
98.706679336,-34.752523613,-54.900349073,0.452278580,-2.867748064,-0.030907668,0.400000000,0.400000000,0.500000000,0.000000000
98.906629342,-34.945023142,-54.954422505,0.445826785,-2.865352409,0.011980023,0.400000000,0.400000000,0.500000000,0.000000000
99.106620868,-35.137432524,-55.008968268,0.446836495,-2.862557017,0.013979722,0.400000000,0.400000000,0.500000000,0.000000000
99.306550226,-35.329628914,-55.064034554,0.447776528,-2.857744456,0.024074297,0.400000000,0.400000000,0.500000000,0.000000000
99.506429502,-35.521509992,-55.120011130,0.438712458,-2.862498244,-0.023777210,0.400000000,0.400000000,0.500000000,0.000000000
99.706410712,-35.713752991,-55.175102996,0.432604236,-2.856860533,0.028204268,0.400000000,0.400000000,0.500000000,0.000000000
99.906206140,-35.905504042,-55.231225605,0.429272816,-2.862353907,-0.027486456,0.400000000,0.400000000,0.500000000,0.000000000
100.106125192,-36.097679337,-55.286328086,0.428753667,-2.872979124,-0.053150788,0.400000000,0.400000000,0.500000000,0.000000000
100.306018358,-36.290404291,-55.339378721,0.423841969,-2.876142368,-0.015829321,0.400000000,0.400000000,0.500000000,0.000000000
100.505793945,-36.483182632,-55.391788609,0.419706887,-2.869594156,0.032767140,0.400000000,0.400000000,0.500000000,0.000000000
100.705699317,-36.675738665,-55.445494586,0.418668678,-2.878196954,-0.043026008,0.400000000,0.400000000,0.500000000,0.000000000
100.905681016,-36.868823283,-55.497561948,0.415025786,-2.875011856,0.015933229,0.400000000,0.400000000,0.500000000,0.000000000
101.105504951,-37.061588891,-55.550202478,0.416729796,-2.868370021,0.033231849,0.400000000,0.400000000,0.500000000,0.000000000
101.305407331,-37.254076155,-55.604143322,0.412092167,-2.868101295,0.001344092,0.400000000,0.400000000,0.500000000,0.000000000
101.505367744,-37.446604793,-55.658151564,0.405690916,-2.871489699,-0.016944548,0.400000000,0.400000000,0.500000000,0.000000000
101.705347504,-37.639333973,-55.711512295,0.394309103,-2.880916140,-0.047138397,0.400000000,0.400000000,0.500000000,0.000000000
101.905313713,-37.832544492,-55.763050440,0.391366131,-2.875522958,0.026982732,0.400000000,0.400000000,0.500000000,0.000000000
102.105097634,-38.025298373,-55.815581919,0.396693657,-2.880342098,-0.024123648,0.400000000,0.400000000,0.500000000,0.000000000
102.304849943,-38.218272633,-55.867175718,0.406383310,-2.890383850,-0.050276430,0.400000000,0.400000000,0.500000000,0.000000000
102.504557563,-38.411711960,-55.916818040,0.398841031,-2.886060003,0.021692462,0.400000000,0.400000000,0.500000000,0.000000000
102.703499348,-38.604193867,-55.967102724,0.395866547,-2.865425336,0.103544133,0.400000000,0.400000000,0.500000000,0.000000000
102.903118071,-38.796248549,-56.021532803,0.401454138,-2.859356886,0.030426489,0.400000000,0.400000000,0.500000000,0.000000000
103.102391326,-38.987637591,-56.077031132,0.379978949,-2.864145204,-0.023997225,0.400000000,0.400000000,0.500000000,0.000000000
103.302190386,-39.179795880,-56.131756416,0.361221205,-2.850931328,0.066221056,0.400000000,0.400000000,0.500000000,0.000000000
103.501472245,-39.370718773,-56.188867782,0.355712463,-2.851114809,-0.000920085,0.400000000,0.400000000,0.500000000,0.000000000
103.701025139,-39.561911822,-56.246021743,0.365537362,-2.861648025,-0.052732615,0.400000000,0.400000000,0.500000000,0.000000000
103.900965684,-39.754068830,-56.301265802,0.359744634,-2.866117626,-0.022352662,0.400000000,0.400000000,0.500000000,0.000000000
104.100941548,-39.946504824,-56.355660054,0.362907108,-2.842514228,0.118026184,0.400000000,0.400000000,0.500000000,0.000000000
104.300925247,-40.137610932,-56.414583185,0.365870169,-2.839496308,0.015106363,0.400000000,0.400000000,0.500000000,0.000000000
104.500497542,-40.328145571,-56.473960387,0.355128817,-2.839064304,0.002162221,0.400000000,0.400000000,0.500000000,0.000000000
104.700518080,-40.519082427,-56.533553443,0.347970225,-2.829869211,0.046000229,0.400000000,0.400000000,0.500000000,0.000000000
104.900280806,-40.709217870,-56.594820566,0.347418209,-2.834503861,-0.023201392,0.400000000,0.400000000,0.500000000,0.000000000
105.100032579,-40.899624780,-56.655202512,0.343554709,-2.848068027,-0.067883888,0.400000000,0.400000000,0.500000000,0.000000000
105.299906181,-41.090949798,-56.713031520,0.342172636,-2.852576000,-0.022552794,0.400000000,0.400000000,0.500000000,0.000000000
105.499802889,-41.282555711,-56.770004041,0.329827790,-2.849381910,0.015998423,0.400000000,0.400000000,0.500000000,0.000000000
105.699206548,-41.473506523,-56.827446245,0.330414904,-2.855727992,-0.031779992,0.400000000,0.400000000,0.500000000,0.000000000
105.899178146,-41.665362910,-56.883835661,0.331686956,-2.851142407,0.022930777,0.400000000,0.400000000,0.500000000,0.000000000
106.099156478,-41.856965156,-56.941106184,0.346811473,-2.840425731,0.053591458,0.400000000,0.400000000,0.500000000,0.000000000
106.299115930,-42.047924631,-57.000421118,0.340933795,-2.845323264,-0.024508737,0.400000000,0.400000000,0.500000000,0.000000000
106.498812128,-42.238920527,-57.058723256,0.355577393,-2.839178723,0.030806822,0.400000000,0.400000000,0.500000000,0.000000000
106.698023085,-42.429091358,-57.118053351,0.330373922,-2.832628619,0.032832558,0.400000000,0.400000000,0.500000000,0.000000000
106.897811944,-42.619420033,-57.178803526,0.313813905,-2.842473644,-0.049262472,0.400000000,0.400000000,0.500000000,0.000000000
107.097718203,-42.810449748,-57.237711593,0.309331599,-2.865751342,-0.116513999,0.400000000,0.400000000,0.500000000,0.000000000
107.297372045,-43.002555957,-57.292088622,0.298575517,-2.842335949,0.117202190,0.400000000,0.400000000,0.500000000,0.000000000
107.497281700,-43.193580803,-57.351023993,0.288767784,-2.867192733,-0.124505934,0.400000000,0.400000000,0.500000000,0.000000000
107.696648511,-43.385488899,-57.405046290,0.312494751,-2.876599567,-0.047257839,0.400000000,0.400000000,0.500000000,0.000000000
107.895387024,-43.577290307,-57.457096422,0.298340344,-2.886903497,-0.051868048,0.400000000,0.400000000,0.500000000,0.000000000
108.093959962,-43.769457611,-57.507125803,0.303213792,-2.862531970,0.122263176,0.400000000,0.400000000,0.500000000,0.000000000
108.294050367,-43.961807439,-57.562241263,0.300786719,-2.876630370,-0.070611505,0.400000000,0.400000000,0.500000000,0.000000000
108.493279673,-44.154084116,-57.614414013,0.301190525,-2.871448410,0.025994198,0.400000000,0.400000000,0.500000000,0.000000000
108.692751234,-44.346321324,-57.667647078,0.286600036,-2.870620692,0.004148287,0.400000000,0.400000000,0.500000000,0.000000000
108.892344771,-44.538631930,-57.721071893,0.278819512,-2.859588017,0.055248040,0.400000000,0.400000000,0.500000000,0.000000000
109.092136222,-44.730531522,-57.776670190,0.276340478,-2.872977241,-0.066983688,0.400000000,0.400000000,0.500000000,0.000000000
109.292117443,-44.923341274,-57.829744557,0.272389662,-2.870492676,0.012424548,0.400000000,0.400000000,0.500000000,0.000000000
109.492080559,-45.116001120,-57.883292960,0.265902034,-2.854466138,0.080229471,0.400000000,0.400000000,0.500000000,0.000000000
109.691630641,-45.307381941,-57.939805054,0.275482115,-2.847108218,0.036862684,0.400000000,0.400000000,0.500000000,0.000000000
109.891286622,-45.498443112,-57.997754507,0.263490638,-2.826469280,0.103295110,0.400000000,0.400000000,0.500000000,0.000000000
110.091234690,-45.688545368,-58.059725167,0.261532639,-2.820896189,0.027880343,0.400000000,0.400000000,0.500000000,0.000000000
110.291072536,-45.878194702,-58.122719570,0.257864239,-2.825912465,-0.025117719,0.400000000,0.400000000,0.500000000,0.000000000
110.490655616,-46.067915468,-58.184682756,0.254815955,-2.823293871,0.013113052,0.400000000,0.400000000,0.500000000,0.000000000
110.690459894,-46.257683416,-58.247211754,0.261484629,-2.823051310,0.001213739,0.400000000,0.400000000,0.500000000,0.000000000
110.890348055,-46.447515853,-58.309813052,0.248367471,-2.829746702,-0.033496347,0.400000000,0.400000000,0.500000000,0.000000000
111.090227652,-46.637755022,-58.371139326,0.240887751,-2.835723200,-0.029893457,0.400000000,0.400000000,0.500000000,0.000000000
111.290200707,-46.828446428,-58.431355690,0.239944487,-2.836225157,-0.002510326,0.400000000,0.400000000,0.500000000,0.000000000
111.490141339,-47.019137113,-58.491466579,0.236829304,-2.832817967,0.017041121,0.400000000,0.400000000,0.500000000,0.000000000
111.690079083,-47.209619131,-58.552225960,0.235153377,-2.825789666,0.035160012,0.400000000,0.400000000,0.500000000,0.000000000
111.889930009,-47.399586888,-58.614295631,0.235216011,-2.829617431,-0.019151154,0.400000000,0.400000000,0.500000000,0.000000000
112.089821414,-47.589829365,-58.675650121,0.223617393,-2.823607234,0.030062537,0.400000000,0.400000000,0.500000000,0.000000000
112.289775726,-47.779759410,-58.738166559,0.227031313,-2.822859515,0.003739883,0.400000000,0.400000000,0.500000000,0.000000000
112.489683491,-47.969598454,-58.800810407,0.231052803,-2.835362807,-0.062540287,0.400000000,0.400000000,0.500000000,0.000000000
112.689620706,-48.160233974,-58.861084686,0.218562986,-2.839549134,-0.020945569,0.400000000,0.400000000,0.500000000,0.000000000
112.889417124,-48.350985727,-58.920518494,0.213146490,-2.837321895,0.011143543,0.400000000,0.400000000,0.500000000,0.000000000
113.089356801,-48.541741312,-58.980419924,0.212822710,-2.836526587,0.003978574,0.400000000,0.400000000,0.500000000,0.000000000
113.289212756,-48.732369340,-59.040447897,0.200697484,-2.846918420,-0.051988553,0.400000000,0.400000000,0.500000000,0.000000000
113.489128909,-48.923668467,-59.098509173,0.206776286,-2.842810538,0.020562802,0.400000000,0.400000000,0.500000000,0.000000000
113.688757477,-49.114452630,-59.157271140,0.204874191,-2.837193762,0.028125862,0.400000000,0.400000000,0.500000000,0.000000000
113.888531338,-49.305042345,-59.217147313,0.209997552,-2.844803469,-0.038101692,0.400000000,0.400000000,0.500000000,0.000000000
114.088198468,-49.495980113,-59.275540220,0.206241260,-2.849250490,-0.022265478,0.400000000,0.400000000,0.500000000,0.000000000
114.287985325,-49.687290313,-59.333117954,0.192049555,-2.846039259,0.016078962,0.400000000,0.400000000,0.500000000,0.000000000
114.487630860,-49.878279437,-59.391268568,0.192817691,-2.852813242,-0.033904488,0.400000000,0.400000000,0.500000000,0.000000000
114.687576653,-50.069945913,-59.448209609,0.188375377,-2.849898757,0.014575874,0.400000000,0.400000000,0.500000000,0.000000000
114.887536042,-50.261458644,-59.505712926,0.186540398,-2.850813427,-0.004578322,0.400000000,0.400000000,0.500000000,0.000000000
115.087142389,-50.452685668,-59.562939832,0.188233944,-2.849341440,0.007372367,0.400000000,0.400000000,0.500000000,0.000000000
115.286861446,-50.643936180,-59.620480632,0.181786594,-2.842933419,0.032087174,0.400000000,0.400000000,0.500000000,0.000000000
115.486554980,-50.834789651,-59.679238269,0.187471802,-2.827509113,0.077177139,0.400000000,0.400000000,0.500000000,0.000000000
115.686569258,-51.025019213,-59.741031675,0.169711368,-2.847488271,-0.099924748,0.400000000,0.400000000,0.500000000,0.000000000
115.886432401,-51.216300663,-59.798968564,0.168279787,-2.843785913,0.018530742,0.400000000,0.400000000,0.500000000,0.000000000
116.086159868,-51.407236595,-59.857573436,0.156333634,-2.842138495,0.008250858,0.400000000,0.400000000,0.500000000,0.000000000
116.285765071,-51.597958898,-59.916456711,0.164682290,-2.841050624,0.005445666,0.400000000,0.400000000,0.500000000,0.000000000
116.485695998,-51.788928155,-59.975643860,0.162856502,-2.856682314,-0.078220154,0.400000000,0.400000000,0.500000000,0.000000000
116.685445458,-51.980625086,-60.031787721,0.158195070,-2.845268837,0.057120154,0.400000000,0.400000000,0.500000000,0.000000000
116.885324306,-52.171792498,-60.090153589,0.157834028,-2.845061094,0.001039310,0.400000000,0.400000000,0.500000000,0.000000000
117.085217132,-52.362961148,-60.148563254,0.154618788,-2.848401760,-0.016727524,0.400000000,0.400000000,0.500000000,0.000000000
117.284745630,-52.553975078,-60.206228670,0.140078412,-2.855575226,-0.035916740,0.400000000,0.400000000,0.500000000,0.000000000
117.484665962,-52.745773666,-60.262632931,0.137953451,-2.857866306,-0.011465224,0.400000000,0.400000000,0.500000000,0.000000000
117.684402899,-52.937524915,-60.318546280,0.134532795,-2.857482655,0.001919893,0.400000000,0.400000000,0.500000000,0.000000000
117.884324837,-53.129432283,-60.374585047,0.121659667,-2.857813374,-0.001656624,0.400000000,0.400000000,0.500000000,0.000000000
118.083671693,-53.320806092,-60.430399329,0.120658111,-2.857377124,0.002187077,0.400000000,0.400000000,0.500000000,0.000000000
118.283259668,-53.512386981,-60.486364703,0.114534141,-2.852266946,0.025628826,0.400000000,0.400000000,0.500000000,0.000000000
118.482454874,-53.703302932,-60.543196295,0.104076245,-2.845469755,0.034085055,0.400000000,0.400000000,0.500000000,0.000000000
118.682095911,-53.894254606,-60.601454356,0.096643687,-2.842910881,0.012813609,0.400000000,0.400000000,0.500000000,0.000000000
118.881854200,-54.085168641,-60.660235350,0.084383615,-2.843118510,-0.001039687,0.400000000,0.400000000,0.500000000,0.000000000
119.081502310,-54.275989569,-60.718944304,0.089543379,-2.832786950,0.051715285,0.400000000,0.400000000,0.500000000,0.000000000
119.281407805,-54.466438979,-60.779699792,0.100104626,-2.824465844,0.041625840,0.400000000,0.400000000,0.500000000,0.000000000
119.481305971,-54.656369284,-60.842035623,0.115450180,-2.810619517,0.069275069,0.400000000,0.400000000,0.500000000,0.000000000
119.681153824,-54.845370706,-60.906978882,0.112691086,-2.810868193,-0.001244767,0.400000000,0.400000000,0.500000000,0.000000000
119.880860164,-55.034254428,-60.971829185,0.108470723,-2.798096753,0.063912846,0.400000000,0.400000000,0.500000000,0.000000000
120.080802841,-55.222517067,-61.039166044,0.103755795,-2.803693663,-0.027999674,0.400000000,0.400000000,0.500000000,0.000000000
120.280643563,-55.411057445,-61.105414367,0.103495252,-2.804058807,-0.001826760,0.400000000,0.400000000,0.500000000,0.000000000
120.480575916,-55.599708460,-61.171624185,0.107531863,-2.813959181,-0.049518171,0.400000000,0.400000000,0.500000000,0.000000000
120.680510227,-55.789007576,-61.235963704,0.102927344,-2.823855801,-0.049533155,0.400000000,0.400000000,0.500000000,0.000000000
120.880170101,-55.978673455,-61.298340942,0.097703469,-2.825446775,-0.007965549,0.400000000,0.400000000,0.500000000,0.000000000
121.079973725,-56.168574959,-61.360461040,0.102038998,-2.823866799,0.007908045,0.400000000,0.400000000,0.500000000,0.000000000
121.279757004,-56.358358752,-61.422874745,0.103709927,-2.817987989,0.029423863,0.400000000,0.400000000,0.500000000,0.000000000
121.479567826,-56.547798463,-61.486411826,0.093840838,-2.811992224,0.030026235,0.400000000,0.400000000,0.500000000,0.000000000
121.679124830,-56.736613662,-61.551001442,0.090268503,-2.810957069,0.005184646,0.400000000,0.400000000,0.500000000,0.000000000
121.878883431,-56.925552577,-61.615851924,0.086455200,-2.814695096,-0.018710684,0.400000000,0.400000000,0.500000000,0.000000000
122.078685309,-57.114773569,-61.680009592,0.084967776,-2.815948005,-0.006269474,0.400000000,0.400000000,0.500000000,0.000000000
122.278568861,-57.304152179,-61.743956262,0.080763641,-2.813311144,0.013191060,0.400000000,0.400000000,0.500000000,0.000000000
122.478480371,-57.493387977,-61.808411089,0.084311959,-2.819276556,-0.029853727,0.400000000,0.400000000,0.500000000,0.000000000
122.678210936,-57.682833278,-61.871678589,0.078757423,-2.814585000,0.023481734,0.400000000,0.400000000,0.500000000,0.000000000
122.878071932,-57.872103191,-61.935876078,0.071557273,-2.815371327,-0.003938327,0.400000000,0.400000000,0.500000000,0.000000000
123.077531246,-58.061043029,-61.999795995,0.075044364,-2.812875097,0.012498853,0.400000000,0.400000000,0.500000000,0.000000000
123.277505255,-58.250309856,-62.064353507,0.069767577,-2.824577328,-0.058517258,0.400000000,0.400000000,0.500000000,0.000000000
123.477487247,-58.440326758,-62.126694294,0.064604249,-2.823400709,0.005884999,0.400000000,0.400000000,0.500000000,0.000000000
123.677375841,-58.630181469,-62.189229396,0.050284813,-2.814919233,0.042422903,0.400000000,0.400000000,0.500000000,0.000000000
123.877339670,-58.819570223,-62.253396620,0.054385865,-2.819836892,-0.024611283,0.400000000,0.400000000,0.500000000,0.000000000
124.077001780,-59.008986003,-62.316536310,0.051929763,-2.817322231,0.012586581,0.400000000,0.400000000,0.500000000,0.000000000
124.276917572,-59.198482871,-62.380232943,0.040858093,-2.815844983,0.007389904,0.400000000,0.400000000,0.500000000,0.000000000
124.476803426,-59.387857072,-62.444199860,0.051104897,-2.818854422,-0.015054206,0.400000000,0.400000000,0.500000000,0.000000000
124.676731137,-59.577462617,-62.507609853,0.050653701,-2.818643035,0.001058223,0.400000000,0.400000000,0.500000000,0.000000000
124.876316407,-59.766730014,-62.570951246,0.048354395,-2.812354367,0.031490520,0.400000000,0.400000000,0.500000000,0.000000000
125.076131218,-59.955812552,-62.635555835,0.045509626,-2.823776571,-0.057181727,0.400000000,0.400000000,0.500000000,0.000000000
125.275819650,-60.145500615,-62.697957024,0.044802924,-2.824858239,-0.005419052,0.400000000,0.400000000,0.500000000,0.000000000
125.475340236,-60.335096568,-62.760100719,0.034502327,-2.820880870,0.019913548,0.400000000,0.400000000,0.500000000,0.000000000
125.675282969,-60.524844476,-62.823131093,0.024209073,-2.831145776,-0.051337373,0.400000000,0.400000000,0.500000000,0.000000000
125.875238418,-60.715241485,-62.884214319,0.023661994,-2.832100553,-0.004776692,0.400000000,0.400000000,0.500000000,0.000000000
126.075047736,-60.905557540,-62.945071224,0.020805014,-2.823264475,0.044236664,0.400000000,0.400000000,0.500000000,0.000000000
126.274728256,-61.095206108,-63.007567067,0.022880413,-2.815544108,0.038640752,0.400000000,0.400000000,0.500000000,0.000000000
126.474643901,-61.284589277,-63.071600501,0.020538098,-2.821156065,-0.028067599,0.400000000,0.400000000,0.500000000,0.000000000
126.674616358,-61.474382734,-63.134588017,0.020401580,-2.826243919,-0.025454281,0.400000000,0.400000000,0.500000000,0.000000000
126.874407621,-61.664321946,-63.196552883,0.020981965,-2.822282215,0.019827201,0.400000000,0.400000000,0.500000000,0.000000000
127.074239258,-61.854052514,-63.259282418,0.016087779,-2.829251853,-0.034872450,0.400000000,0.400000000,0.500000000,0.000000000
127.274128528,-62.044270517,-63.320705796,0.005344435,-2.829304335,-0.000262625,0.400000000,0.400000000,0.500000000,0.000000000
127.473910419,-62.234389559,-63.382086201,0.009491797,-2.826896992,0.012046056,0.400000000,0.400000000,0.500000000,0.000000000
127.673818224,-62.424480017,-63.443963083,0.006299481,-2.824598876,0.011496560,0.400000000,0.400000000,0.500000000,0.000000000
127.873702318,-62.614405242,-63.506269259,-0.008632174,-2.840509215,-0.079616899,0.400000000,0.400000000,0.500000000,0.000000000
128.073486419,-62.805202206,-63.565516250,-0.016116621,-2.836411925,0.020504080,0.400000000,0.400000000,0.500000000,0.000000000
128.273358063,-62.995838313,-63.625570795,-0.023630052,-2.838984192,-0.012867361,0.400000000,0.400000000,0.500000000,0.000000000
128.473298931,-63.186694345,-63.685155404,-0.019005050,-2.830563882,0.042138638,0.400000000,0.400000000,0.500000000,0.000000000
128.673004832,-63.376818204,-63.746273041,-0.023960008,-2.825927973,0.023198567,0.400000000,0.400000000,0.500000000,0.000000000
128.872970568,-63.566903680,-63.808352079,-0.018252902,-2.816702048,0.046144955,0.400000000,0.400000000,0.500000000,0.000000000
129.072870534,-63.756346010,-63.872161171,-0.026059249,-2.823881421,-0.035919457,0.400000000,0.400000000,0.500000000,0.000000000
129.272718151,-63.946191833,-63.934592199,-0.037671895,-2.832784504,-0.044546246,0.400000000,0.400000000,0.500000000,0.000000000
129.472592367,-64.136611295,-63.995338647,-0.033871700,-2.836728868,-0.019730362,0.400000000,0.400000000,0.500000000,0.000000000
129.672544732,-64.327343427,-64.055356998,-0.038989908,-2.843142500,-0.032088044,0.400000000,0.400000000,0.500000000,0.000000000
129.872343798,-64.518310045,-64.114105760,-0.041175917,-2.845190694,-0.010247421,0.400000000,0.400000000,0.500000000,0.000000000
130.072292881,-64.709540068,-64.172507081,-0.044678860,-2.840070159,0.025610771,0.400000000,0.400000000,0.500000000,0.000000000
130.272216900,-64.900444606,-64.231879388,-0.049953766,-2.840432904,-0.001814187,0.400000000,0.400000000,0.500000000,0.000000000
130.472191083,-65.091418574,-64.291197322,-0.054610770,-2.841068008,-0.003175787,0.400000000,0.400000000,0.500000000,0.000000000
130.672183289,-65.282447392,-64.350399290,-0.059830070,-2.837730490,0.016689255,0.400000000,0.400000000,0.500000000,0.000000000
130.872151039,-65.473254223,-64.410231173,-0.062691864,-2.844494423,-0.033827651,0.400000000,0.400000000,0.500000000,0.000000000
131.072088058,-65.664432001,-64.468762095,-0.063057898,-2.844938346,-0.002220465,0.400000000,0.400000000,0.500000000,0.000000000
131.271997973,-65.855609823,-64.527200221,-0.060825535,-2.844533670,0.002025365,0.400000000,0.400000000,0.500000000,0.000000000
131.471695605,-66.046560996,-64.585653569,-0.067413278,-2.853772186,-0.046234150,0.400000000,0.400000000,0.500000000,0.000000000
131.671636906,-66.238277679,-64.642409512,-0.070933024,-2.848840716,0.024677694,0.400000000,0.400000000,0.500000000,0.000000000
131.871365409,-66.429508399,-64.700048794,-0.075579604,-2.844842842,0.020011559,0.400000000,0.400000000,0.500000000,0.000000000
132.071193158,-66.620602064,-64.758481151,-0.073949324,-2.847799552,-0.014792566,0.400000000,0.400000000,0.500000000,0.000000000
132.271121524,-66.811963967,-64.816377382,-0.077180821,-2.851969202,-0.020855718,0.400000000,0.400000000,0.500000000,0.000000000
132.471049622,-67.003565356,-64.873475123,-0.084895468,-2.844335594,0.038178840,0.400000000,0.400000000,0.500000000,0.000000000
132.671007400,-67.194753684,-64.932042490,-0.093644596,-2.839776745,0.022800552,0.400000000,0.400000000,0.500000000,0.000000000
132.870938631,-67.385647678,-64.991472952,-0.093633409,-2.838216327,0.007806922,0.400000000,0.400000000,0.500000000,0.000000000
133.070759877,-67.576343742,-65.051168360,-0.094269490,-2.841015843,-0.014004065,0.400000000,0.400000000,0.500000000,0.000000000
133.270753352,-67.767370684,-65.110380669,-0.104180114,-2.844013481,-0.014999867,0.400000000,0.400000000,0.500000000,0.000000000
133.470448290,-67.958288848,-65.168932550,-0.109917645,-2.844742999,-0.003650750,0.400000000,0.400000000,0.500000000,0.000000000
133.670406790,-68.149501711,-65.227422232,-0.107939186,-2.851888352,-0.035737235,0.400000000,0.400000000,0.500000000,0.000000000
133.870330302,-68.341094089,-65.284534154,-0.112839252,-2.856221757,-0.021681323,0.400000000,0.400000000,0.500000000,0.000000000
134.070142632,-68.532825470,-65.340783996,-0.120620752,-2.848051807,0.040888888,0.400000000,0.400000000,0.500000000,0.000000000
134.269946298,-68.724082605,-65.398595872,-0.116861545,-2.836382422,0.058382991,0.400000000,0.400000000,0.500000000,0.000000000
134.469893287,-68.914788805,-65.458678682,-0.115523215,-2.832211235,0.020862599,0.400000000,0.400000000,0.500000000,0.000000000
134.669818233,-69.105221732,-65.519549727,-0.122392834,-2.829436024,0.013884152,0.400000000,0.400000000,0.500000000,0.000000000
134.869659788,-69.295405636,-65.580923418,-0.126704891,-2.823595902,0.029220064,0.400000000,0.400000000,0.500000000,0.000000000
135.069551381,-69.485275397,-65.643422398,-0.131714624,-2.824717493,-0.005613287,0.400000000,0.400000000,0.500000000,0.000000000
135.269279877,-69.675060161,-65.705657562,-0.136675995,-2.821437669,0.016424241,0.400000000,0.400000000,0.500000000,0.000000000
135.468939398,-69.864574314,-65.768493144,-0.140767367,-2.819492861,0.009734682,0.400000000,0.400000000,0.500000000,0.000000000
135.668842500,-70.054196959,-65.831774282,-0.142618386,-2.824485830,-0.024980534,0.400000000,0.400000000,0.500000000,0.000000000
135.868687753,-70.244078235,-65.894089818,-0.149936392,-2.825835512,-0.006754676,0.400000000,0.400000000,0.500000000,0.000000000
136.068471478,-70.433984959,-65.956129910,-0.152946286,-2.818548158,0.036473014,0.400000000,0.400000000,0.500000000,0.000000000
136.268289379,-70.623466944,-66.019563110,-0.162195977,-2.816389811,0.010799145,0.400000000,0.400000000,0.500000000,0.000000000
136.468197091,-70.812896681,-66.083433825,-0.178245909,-2.818446298,-0.010287902,0.400000000,0.400000000,0.500000000,0.000000000
136.668076887,-71.002430895,-66.146905980,-0.169303909,-2.816610303,0.009183375,0.400000000,0.400000000,0.500000000,0.000000000
136.868049135,-71.191935868,-66.210755531,-0.176365991,-2.818994636,-0.011924701,0.400000000,0.400000000,0.500000000,0.000000000
137.067975097,-71.381548642,-66.274138384,-0.175092865,-2.826365185,-0.036871828,0.400000000,0.400000000,0.500000000,0.000000000
137.267841166,-71.571566487,-66.336103409,-0.174008528,-2.827671569,-0.006535061,0.400000000,0.400000000,0.500000000,0.000000000
137.467782949,-71.761737133,-66.397843524,-0.179246266,-2.833486799,-0.029089870,0.400000000,0.400000000,0.500000000,0.000000000
137.667651948,-71.952194238,-66.458454644,-0.179325722,-2.836652316,-0.015834583,0.400000000,0.400000000,0.500000000,0.000000000
137.867605977,-72.142923361,-66.518488095,-0.190901427,-2.833217839,0.017180580,0.400000000,0.400000000,0.500000000,0.000000000
138.067460970,-72.333350813,-66.579146187,-0.190913934,-2.831665302,0.007765650,0.400000000,0.400000000,0.500000000,0.000000000
138.267453096,-72.523814460,-66.640141676,-0.195963157,-2.831525107,0.000701091,0.400000000,0.400000000,0.500000000,0.000000000
138.467396457,-72.714223115,-66.701148986,-0.197436733,-2.833910633,-0.011930481,0.400000000,0.400000000,0.500000000,0.000000000
138.667357428,-72.904793545,-66.761707232,-0.196270180,-2.831377460,0.012672585,0.400000000,0.400000000,0.500000000,0.000000000
138.867184269,-73.095082231,-66.822707086,-0.206637489,-2.836410138,-0.025181604,0.400000000,0.400000000,0.500000000,0.000000000
139.067067742,-73.285729514,-66.882765526,-0.208044373,-2.839321927,-0.014566573,0.400000000,0.400000000,0.500000000,0.000000000
139.266974685,-73.476573272,-66.942275574,-0.214794080,-2.845173620,-0.029269222,0.400000000,0.400000000,0.500000000,0.000000000
139.466920119,-73.667798808,-67.000679094,-0.223450684,-2.841993045,0.015908391,0.400000000,0.400000000,0.500000000,0.000000000
139.666835751,-73.858809145,-67.059681729,-0.220310700,-2.847006071,-0.025070727,0.400000000,0.400000000,0.500000000,0.000000000
139.866830372,-74.050188449,-67.117749020,-0.225991320,-2.843398924,0.018038125,0.400000000,0.400000000,0.500000000,0.000000000
140.066782573,-74.241316504,-67.176493803,-0.233069402,-2.843883948,-0.002425671,0.400000000,0.400000000,0.500000000,0.000000000
140.266739582,-74.432477625,-67.235147288,-0.230483860,-2.842420056,0.007320842,0.400000000,0.400000000,0.500000000,0.000000000
140.466707070,-74.623562692,-67.294083637,-0.235292451,-2.836723375,0.028494239,0.400000000,0.400000000,0.500000000,0.000000000
140.666586925,-74.814225327,-67.354081270,-0.239220398,-2.819723364,0.085041936,0.400000000,0.400000000,0.500000000,0.000000000
140.866505267,-75.003877012,-67.417323520,-0.246145508,-2.815943599,0.018907515,0.400000000,0.400000000,0.500000000,0.000000000
141.066402878,-75.193268659,-67.481275522,-0.248824866,-2.805179779,0.053844190,0.400000000,0.400000000,0.500000000,0.000000000
141.266316937,-75.381976507,-67.547267788,-0.248351740,-2.801169399,0.020062659,0.400000000,0.400000000,0.500000000,0.000000000
141.466188128,-75.570377776,-67.614001998,-0.250487858,-2.795651147,0.027604220,0.400000000,0.400000000,0.500000000,0.000000000
141.666128646,-75.758473142,-67.681798340,-0.262265537,-2.797730292,-0.010398519,0.400000000,0.400000000,0.500000000,0.000000000
141.866080644,-75.946719869,-67.749207328,-0.273668220,-2.791556713,0.030874390,0.400000000,0.400000000,0.500000000,0.000000000
142.066043853,-76.134557386,-67.817781025,-0.275671584,-2.799159647,-0.038022211,0.400000000,0.400000000,0.500000000,0.000000000
142.266000356,-76.322904514,-67.884922386,-0.276479140,-2.804984986,-0.029138688,0.400000000,0.400000000,0.500000000,0.000000000
142.465878642,-76.511565738,-67.950939594,-0.278737265,-2.808853603,-0.019352921,0.400000000,0.400000000,0.500000000,0.000000000
142.665796848,-76.700518676,-68.016239490,-0.275076676,-2.806801554,0.010263687,0.400000000,0.400000000,0.500000000,0.000000000
142.865744432,-76.889364964,-68.081936643,-0.274617773,-2.810494925,-0.018475632,0.400000000,0.400000000,0.500000000,0.000000000
143.065606520,-77.078371755,-68.146908077,-0.284318618,-2.806284515,0.021059814,0.400000000,0.400000000,0.500000000,0.000000000
143.265596670,-77.267224245,-68.212716868,-0.290868843,-2.808547111,-0.011314492,0.400000000,0.400000000,0.500000000,0.000000000
143.465553002,-77.456193190,-68.278087138,-0.293372996,-2.813356993,-0.024057214,0.400000000,0.400000000,0.500000000,0.000000000
143.665466564,-77.645433886,-68.342533950,-0.300919010,-2.816184211,-0.014140122,0.400000000,0.400000000,0.500000000,0.000000000
143.865438782,-77.834911607,-68.406464232,-0.301017129,-2.812453569,0.018663066,0.400000000,0.400000000,0.500000000,0.000000000
144.065255129,-78.024002006,-68.471050560,-0.297679313,-2.811936438,0.002587544,0.400000000,0.400000000,0.500000000,0.000000000
144.265146326,-78.213129800,-68.535758893,-0.297136552,-2.814169472,-0.011168506,0.400000000,0.400000000,0.500000000,0.000000000
144.465135562,-78.402494448,-68.600076267,-0.309431010,-2.806479905,0.038465707,0.400000000,0.400000000,0.500000000,0.000000000
144.664959492,-78.591202819,-68.665793491,-0.309171750,-2.808322833,-0.009222246,0.400000000,0.400000000,0.500000000,0.000000000
144.864805525,-78.780052869,-68.731170059,-0.315326631,-2.810963594,-0.013215149,0.400000000,0.400000000,0.500000000,0.000000000
145.064616082,-78.969041350,-68.796036175,-0.312553782,-2.808988659,0.009880402,0.400000000,0.400000000,0.500000000,0.000000000
145.264573750,-79.158040403,-68.861323437,-0.311396074,-2.802361692,0.033138758,0.400000000,0.400000000,0.500000000,0.000000000
145.464567974,-79.346637127,-68.927873911,-0.324064575,-2.803448859,-0.005437572,0.400000000,0.400000000,0.500000000,0.000000000
145.664445964,-79.535196438,-68.994180750,-0.327206306,-2.800110343,0.016702204,0.400000000,0.400000000,0.500000000,0.000000000
145.864337276,-79.723545885,-69.061121188,-0.331076612,-2.799845730,0.001323623,0.400000000,0.400000000,0.500000000,0.000000000
146.064276790,-79.911923028,-69.128127618,-0.341185453,-2.808298933,-0.042273573,0.400000000,0.400000000,0.500000000,0.000000000
146.264264567,-80.100905459,-69.193555072,-0.342422934,-2.808220010,0.000394786,0.400000000,0.400000000,0.500000000,0.000000000
146.464104454,-80.289742977,-69.258949046,-0.339621084,-2.815494087,-0.036402864,0.400000000,0.400000000,0.500000000,0.000000000
146.663906802,-80.479015617,-69.322955658,-0.335107337,-2.815179110,0.001575786,0.400000000,0.400000000,0.500000000,0.000000000
146.863875665,-80.668425808,-69.387075277,-0.343167657,-2.818539472,-0.016809042,0.400000000,0.400000000,0.500000000,0.000000000
147.063734547,-80.857946104,-69.450523133,-0.346166239,-2.814403733,0.020689241,0.400000000,0.400000000,0.500000000,0.000000000
147.263671539,-81.047276341,-69.514779353,-0.353749753,-2.806862344,0.037716957,0.400000000,0.400000000,0.500000000,0.000000000
147.463627421,-81.236134460,-69.580467752,-0.359118632,-2.805886409,0.004880611,0.400000000,0.400000000,0.500000000,0.000000000
147.663594787,-81.424939224,-69.646344215,-0.357568696,-2.809037814,-0.015760811,0.400000000,0.400000000,0.500000000,0.000000000
147.863531244,-81.613921439,-69.711615262,-0.362118643,-2.808224555,0.004067725,0.400000000,0.400000000,0.500000000,0.000000000
148.063454412,-81.802837950,-69.777035630,-0.362257269,-2.810968038,-0.013720538,0.400000000,0.400000000,0.500000000,0.000000000
148.263440067,-81.991992334,-69.841957749,-0.372436245,-2.815850099,-0.024415434,0.400000000,0.400000000,0.500000000,0.000000000
148.463370029,-82.181408651,-69.905937812,-0.371791201,-2.809257770,0.032969323,0.400000000,0.400000000,0.500000000,0.000000000
148.663346227,-82.370442784,-69.971180255,-0.373228573,-2.810819362,-0.007810643,0.400000000,0.400000000,0.500000000,0.000000000
148.863232638,-82.559493649,-70.036098264,-0.377243303,-2.811119628,-0.001501839,0.400000000,0.400000000,0.500000000,0.000000000
149.063210584,-82.748650579,-70.100989206,-0.380286209,-2.810207208,0.004563055,0.400000000,0.400000000,0.500000000,0.000000000
149.263148940,-82.937710788,-70.166039832,-0.381415628,-2.813215561,-0.015046442,0.400000000,0.400000000,0.500000000,0.000000000
149.463086185,-83.126964783,-70.230521045,-0.382154656,-2.824028215,-0.054074094,0.400000000,0.400000000,0.500000000,0.000000000
149.663066891,-83.316946203,-70.292965762,-0.386656170,-2.826019899,-0.009960749,0.400000000,0.400000000,0.500000000,0.000000000
149.862992746,-83.506999476,-70.355014950,-0.389586404,-2.818503798,0.037588746,0.400000000,0.400000000,0.500000000,0.000000000
150.062978257,-83.696637584,-70.418509771,-0.389035320,-2.819425314,-0.004609384,0.400000000,0.400000000,0.500000000,0.000000000
150.262836125,-83.886213048,-70.481789395,-0.393876380,-2.821101671,-0.008385270,0.400000000,0.400000000,0.500000000,0.000000000
150.462812033,-84.076006354,-70.544788322,-0.398936415,-2.815103342,0.030001905,0.400000000,0.400000000,0.500000000,0.000000000
150.662698793,-84.265333921,-70.608895959,-0.400614541,-2.811940717,0.015820084,0.400000000,0.400000000,0.500000000,0.000000000
150.862635886,-84.454505416,-70.673618340,-0.407138009,-2.822500447,-0.052812057,0.400000000,0.400000000,0.500000000,0.000000000
151.062595372,-84.644371065,-70.736346575,-0.413915036,-2.823847839,-0.006738151,0.400000000,0.400000000,0.500000000,0.000000000
151.262565159,-84.834330846,-70.798822148,-0.415128364,-2.828703510,-0.024284554,0.400000000,0.400000000,0.500000000,0.000000000
151.462492880,-85.024551723,-70.860361658,-0.416210788,-2.829359202,-0.003280120,0.400000000,0.400000000,0.500000000,0.000000000
151.662362795,-85.214757901,-70.921758671,-0.417543104,-2.832581865,-0.016123263,0.400000000,0.400000000,0.500000000,0.000000000
151.862245958,-85.405173572,-70.982546424,-0.424802423,-2.827860600,0.023622493,0.400000000,0.400000000,0.500000000,0.000000000
152.062088646,-85.595261627,-71.044220008,-0.423481400,-2.825800851,0.010319522,0.400000000,0.400000000,0.500000000,0.000000000
152.261440627,-85.784755806,-71.106132597,-0.427017641,-2.818742209,0.035372636,0.400000000,0.400000000,0.500000000,0.000000000
152.461189625,-85.974184754,-71.169507166,-0.432364670,-2.826826649,-0.040460456,0.400000000,0.400000000,0.500000000,0.000000000
152.661061318,-86.164236521,-71.231386239,-0.446211965,-2.832435638,-0.028065866,0.400000000,0.400000000,0.500000000,0.000000000
152.860890956,-86.354592314,-71.292185551,-0.453019914,-2.836444521,-0.020071521,0.400000000,0.400000000,0.500000000,0.000000000
153.060520823,-86.544999772,-71.352161243,-0.452482380,-2.831872022,0.022886453,0.400000000,0.400000000,0.500000000,0.000000000
153.260471898,-86.735436925,-71.413104846,-0.449944752,-2.828973328,0.014501460,0.400000000,0.400000000,0.500000000,0.000000000
153.460300259,-86.925579857,-71.474562470,-0.454262759,-2.824087292,0.024445290,0.400000000,0.400000000,0.500000000,0.000000000
153.660224270,-87.115511105,-71.536978263,-0.460652950,-2.821942631,0.010726820,0.400000000,0.400000000,0.500000000,0.000000000
153.860169123,-87.305327841,-71.599807800,-0.470842533,-2.813102544,0.044211227,0.400000000,0.400000000,0.500000000,0.000000000
154.060125333,-87.494592500,-71.664316521,-0.469453996,-2.811469946,0.008167006,0.400000000,0.400000000,0.500000000,0.000000000
154.259972309,-87.683648254,-71.729098739,-0.472947408,-2.813141923,-0.008364858,0.400000000,0.400000000,0.500000000,0.000000000
154.459887562,-87.872876684,-71.793586795,-0.482751179,-2.802732107,0.052073039,0.400000000,0.400000000,0.500000000,0.000000000
154.659786479,-88.061408159,-71.860035724,-0.487438851,-2.799927521,0.014028303,0.400000000,0.400000000,0.500000000,0.000000000
154.859734288,-88.249798597,-71.927029525,-0.486571521,-2.804374413,-0.022246900,0.400000000,0.400000000,0.500000000,0.000000000
155.059562488,-88.438372212,-71.993145340,-0.492142587,-2.807375279,-0.015015577,0.400000000,0.400000000,0.500000000,0.000000000
155.259434533,-88.627184801,-72.058709357,-0.495481606,-2.800820391,0.032785761,0.400000000,0.400000000,0.500000000,0.000000000
155.459423636,-88.815673900,-72.125548725,-0.493229523,-2.806271165,-0.027270546,0.400000000,0.400000000,0.500000000,0.000000000
155.659189420,-89.004313642,-72.191286205,-0.501539401,-2.804865060,0.007035251,0.400000000,0.400000000,0.500000000,0.000000000
155.859154759,-89.193049112,-72.257354800,-0.509705575,-2.806031508,-0.005833551,0.400000000,0.400000000,0.500000000,0.000000000
156.059099291,-89.381841872,-72.323196348,-0.511891754,-2.811272521,-0.026209497,0.400000000,0.400000000,0.500000000,0.000000000
156.259086679,-89.571017654,-72.388061432,-0.515857048,-2.815975887,-0.023520813,0.400000000,0.400000000,0.500000000,0.000000000
156.459031208,-89.760455819,-72.452022328,-0.518203397,-2.817435782,-0.007301365,0.400000000,0.400000000,0.500000000,0.000000000
156.658982965,-89.949994010,-72.515708898,-0.523710662,-2.821691154,-0.021280748,0.400000000,0.400000000,0.500000000,0.000000000
156.858957875,-90.139823473,-72.578595620,-0.528906153,-2.823611623,-0.009605547,0.400000000,0.400000000,0.500000000,0.000000000
157.058849604,-90.329694346,-72.641091658,-0.532866696,-2.820538721,0.015370258,0.400000000,0.400000000,0.500000000,0.000000000
157.258808163,-90.519435695,-72.704191944,-0.537573649,-2.821499474,-0.004805076,0.400000000,0.400000000,0.500000000,0.000000000
157.458740183,-90.709212388,-72.767101555,-0.545441714,-2.826467702,-0.024845960,0.400000000,0.400000000,0.500000000,0.000000000
157.658730184,-90.899354413,-72.829085510,-0.549306787,-2.825176904,0.006454766,0.400000000,0.400000000,0.500000000,0.000000000
157.858692028,-91.089389513,-72.891306088,-0.548816000,-2.828938395,-0.018811352,0.400000000,0.400000000,0.500000000,0.000000000
158.058647057,-91.279650824,-72.952809315,-0.550843524,-2.828109473,0.004145847,0.400000000,0.400000000,0.500000000,0.000000000
158.258572469,-91.469832915,-73.014461100,-0.551829873,-2.827202760,0.004534828,0.400000000,0.400000000,0.500000000,0.000000000
158.458535830,-91.659995117,-73.076297035,-0.558677081,-2.825881962,0.006606122,0.400000000,0.400000000,0.500000000,0.000000000
158.658443374,-91.850022420,-73.138366751,-0.564378516,-2.826377804,-0.002479995,0.400000000,0.400000000,0.500000000,0.000000000
158.858409377,-92.040136057,-73.200360360,-0.569503301,-2.828503096,-0.010628400,0.400000000,0.400000000,0.500000000,0.000000000
159.058370368,-92.230376250,-73.261948238,-0.578068755,-2.833250400,-0.023741272,0.400000000,0.400000000,0.500000000,0.000000000
159.258328873,-92.420904306,-73.322631544,-0.578470758,-2.843345259,-0.050485120,0.400000000,0.400000000,0.500000000,0.000000000
159.458282918,-92.612030971,-73.381387125,-0.580932976,-2.845334829,-0.009949576,0.400000000,0.400000000,0.500000000,0.000000000
159.658259414,-92.803295628,-73.439768885,-0.584230027,-2.845130652,0.001021038,0.400000000,0.400000000,0.500000000,0.000000000
159.858223609,-92.994536596,-73.498186102,-0.579976236,-2.840566494,0.022824704,0.400000000,0.400000000,0.500000000,0.000000000
160.058190468,-93.185511493,-73.557476352,-0.584743188,-2.841121027,-0.002773148,0.400000000,0.400000000,0.500000000,0.000000000
160.258153809,-93.376515877,-73.616659649,-0.595845313,-2.841570511,-0.002247756,0.400000000,0.400000000,0.500000000,0.000000000
160.458130846,-93.567559929,-73.675761134,-0.604508770,-2.839230093,0.011703934,0.400000000,0.400000000,0.500000000,0.000000000
160.658090734,-93.758448765,-73.735304474,-0.609835851,-2.841962185,-0.013662341,0.400000000,0.400000000,0.500000000,0.000000000
160.858075635,-93.949523464,-73.794333450,-0.614879094,-2.844707036,-0.013726700,0.400000000,0.400000000,0.500000000,0.000000000
161.058019428,-94.140720160,-73.852825706,-0.615488072,-2.848908992,-0.021030169,0.400000000,0.400000000,0.500000000,0.000000000
161.257687553,-94.331897004,-73.910434511,-0.615948754,-2.848262749,0.003234083,0.400000000,0.400000000,0.500000000,0.000000000
161.457664982,-94.523332671,-73.968256284,-0.613796333,-2.849383001,-0.005601933,0.400000000,0.400000000,0.500000000,0.000000000
161.657639461,-94.714830168,-74.025862714,-0.617639310,-2.845902289,0.017406132,0.400000000,0.400000000,0.500000000,0.000000000
161.857605602,-94.906118019,-74.084132912,-0.624418476,-2.848391996,-0.012453732,0.400000000,0.400000000,0.500000000,0.000000000
162.057472361,-95.097455210,-74.141897956,-0.622175736,-2.849208250,-0.004083334,0.400000000,0.400000000,0.500000000,0.000000000
162.257403801,-95.288901425,-74.199525445,-0.628258086,-2.840387076,0.044141373,0.400000000,0.400000000,0.500000000,0.000000000
162.457149387,-95.479654369,-74.258784312,-0.629772592,-2.835084490,0.026544475,0.400000000,0.400000000,0.500000000,0.000000000
162.656927972,-95.670121870,-74.319063783,-0.643820046,-2.829421895,0.028345136,0.400000000,0.400000000,0.500000000,0.000000000
162.856694952,-95.860233935,-74.380417257,-0.639957886,-2.819222726,0.051052410,0.400000000,0.400000000,0.500000000,0.000000000
163.056483088,-96.049730435,-74.443713194,-0.641934173,-2.800942154,0.091512482,0.400000000,0.400000000,0.500000000,0.000000000
163.256210217,-96.237980750,-74.510442084,-0.634257109,-2.791336601,0.048082473,0.400000000,0.400000000,0.500000000,0.000000000
163.456026433,-96.425665102,-74.579006686,-0.667338310,-2.791126982,0.001048889,0.400000000,0.400000000,0.500000000,0.000000000
163.655907928,-96.613396387,-74.647633041,-0.664554408,-2.791723565,-0.002985261,0.400000000,0.400000000,0.500000000,0.000000000
163.855711745,-96.801095608,-74.716120760,-0.671820124,-2.780952936,0.053891209,0.400000000,0.400000000,0.500000000,0.000000000
164.055623462,-96.988147260,-74.786664182,-0.661942762,-2.788809337,-0.039314593,0.400000000,0.400000000,0.500000000,0.000000000
164.255379180,-97.175600958,-74.855681989,-0.674403035,-2.793563100,-0.023802356,0.400000000,0.400000000,0.500000000,0.000000000
164.455059450,-97.363309707,-74.923782178,-0.687785760,-2.795144199,-0.007914383,0.400000000,0.400000000,0.500000000,0.000000000
164.654929776,-97.551304658,-74.991650032,-0.680612173,-2.791090733,0.020292808,0.400000000,0.400000000,0.500000000,0.000000000
164.854556946,-97.738794593,-75.060195864,-0.683159935,-2.800256115,-0.045893609,0.400000000,0.400000000,0.500000000,0.000000000
165.054347054,-97.927058432,-75.127074968,-0.680859212,-2.795950402,0.021547641,0.400000000,0.400000000,0.500000000,0.000000000
165.254202560,-98.115094094,-75.194786216,-0.684784687,-2.795166033,0.003924570,0.400000000,0.400000000,0.500000000,0.000000000
165.454069282,-98.303087137,-75.262648741,-0.691915108,-2.799269771,-0.020534549,0.400000000,0.400000000,0.500000000,0.000000000
165.653893379,-98.491316934,-75.329724915,-0.687119940,-2.802653490,-0.016930533,0.400000000,0.400000000,0.500000000,0.000000000
165.853787024,-98.679838212,-75.396186913,-0.684917019,-2.802585089,0.000342138,0.400000000,0.400000000,0.500000000,0.000000000
166.053735166,-98.868406339,-75.462679928,-0.691188578,-2.804109115,-0.007622934,0.400000000,0.400000000,0.500000000,0.000000000
166.253639730,-99.057034463,-75.528871054,-0.707932198,-2.805080018,-0.004856316,0.400000000,0.400000000,0.500000000,0.000000000
166.453586947,-99.245767026,-75.594893094,-0.706143279,-2.793304606,0.058888828,0.400000000,0.400000000,0.500000000,0.000000000
166.653557503,-99.433731021,-75.663140874,-0.702932850,-2.772814073,0.102466182,0.400000000,0.400000000,0.500000000,0.000000000
166.853527188,-99.620256411,-75.735225226,-0.705727531,-2.756863060,0.079841455,0.400000000,0.400000000,0.500000000,0.000000000
167.053120440,-99.805259387,-75.810134272,-0.708972614,-2.745304598,0.057877558,0.400000000,0.400000000,0.500000000,0.000000000
167.252935817,-99.989589101,-75.887262356,-0.725543590,-2.729744985,0.077856058,0.400000000,0.400000000,0.500000000,0.000000000
167.452818469,-100.172758117,-75.967276018,-0.725535179,-2.724520211,0.026139124,0.400000000,0.400000000,0.500000000,0.000000000
167.652701927,-100.355507320,-76.048245926,-0.721328408,-2.734665151,-0.050744377,0.400000000,0.400000000,0.500000000,0.000000000
167.852661651,-100.539138576,-76.127387905,-0.733591729,-2.739592972,-0.024652254,0.400000000,0.400000000,0.500000000,0.000000000
168.052488183,-100.723035025,-76.205571913,-0.729971587,-2.745372040,-0.028911071,0.400000000,0.400000000,0.500000000,0.000000000
168.252443462,-100.907499003,-76.282741558,-0.727648760,-2.756705205,-0.056689569,0.400000000,0.400000000,0.500000000,0.000000000
168.452318478,-101.092751302,-76.357785596,-0.739502574,-2.768739775,-0.060208432,0.400000000,0.400000000,0.500000000,0.000000000
168.652204674,-101.278903699,-76.430598896,-0.748883970,-2.774775488,-0.030194418,0.400000000,0.400000000,0.500000000,0.000000000
168.852107852,-101.465508035,-76.502293403,-0.750791480,-2.795998453,-0.106157010,0.400000000,0.400000000,0.500000000,0.000000000
169.052038221,-101.653617387,-76.570020976,-0.747237393,-2.801543001,-0.027739058,0.400000000,0.400000000,0.500000000,0.000000000
169.251872044,-101.842008347,-76.636672331,-0.765894847,-2.798799527,0.013732898,0.400000000,0.400000000,0.500000000,0.000000000
169.451585865,-102.030102722,-76.703799945,-0.756407149,-2.794336075,0.022351130,0.400000000,0.400000000,0.500000000,0.000000000
169.651265553,-102.217863507,-76.771754821,-0.763788336,-2.804606391,-0.051397946,0.400000000,0.400000000,0.500000000,0.000000000
169.851223263,-102.406574681,-76.837869712,-0.774089146,-2.792361044,0.061286719,0.400000000,0.400000000,0.500000000,0.000000000
170.050871563,-102.594171394,-76.906184549,-0.790775762,-2.773199880,0.095923945,0.400000000,0.400000000,0.500000000,0.000000000
170.250724575,-102.780615735,-76.978154917,-0.784716735,-2.758562857,0.073334108,0.400000000,0.400000000,0.500000000,0.000000000
170.450055305,-102.965502275,-77.052651274,-0.784903823,-2.743787209,0.074114817,0.400000000,0.400000000,0.500000000,0.000000000
170.649444154,-103.149321521,-77.129893734,-0.785627336,-2.719330821,0.122498820,0.400000000,0.400000000,0.500000000,0.000000000
170.849337161,-103.331656791,-77.211814818,-0.801148777,-2.697699174,0.108211402,0.400000000,0.400000000,0.500000000,0.000000000
171.049239830,-103.512186177,-77.297664791,-0.796575891,-2.698859861,-0.005806419,0.400000000,0.400000000,0.500000000,0.000000000
171.249131737,-103.692805362,-77.383300556,-0.802772324,-2.700404283,-0.007733238,0.400000000,0.400000000,0.500000000,0.000000000
171.448664101,-103.873231475,-77.468503738,-0.809300898,-2.710705566,-0.051568501,0.400000000,0.400000000,0.500000000,0.000000000
171.648648380,-104.054936309,-77.552032566,-0.809439440,-2.720655561,-0.049814448,0.400000000,0.400000000,0.500000000,0.000000000
171.848144742,-104.237017922,-77.633549956,-0.816273605,-2.733636104,-0.065089959,0.400000000,0.400000000,0.500000000,0.000000000
172.047494896,-104.420008095,-77.712639021,-0.817930451,-2.744557550,-0.054699069,0.400000000,0.400000000,0.500000000,0.000000000
172.247471188,-104.604428537,-77.789967010,-0.817896004,-2.760662955,-0.080544898,0.400000000,0.400000000,0.500000000,0.000000000
172.447401817,-104.790028016,-77.864297956,-0.821434428,-2.771589037,-0.054671282,0.400000000,0.400000000,0.500000000,0.000000000
172.647170149,-104.976277235,-77.936537942,-0.816077936,-2.774810480,-0.016124272,0.400000000,0.400000000,0.500000000,0.000000000
172.846978507,-105.162795566,-78.008191916,-0.827400367,-2.785621392,-0.054112556,0.400000000,0.400000000,0.500000000,0.000000000
173.046739503,-105.350033235,-78.077808803,-0.837468920,-2.792727291,-0.035559170,0.400000000,0.400000000,0.500000000,0.000000000
173.246643816,-105.537895546,-78.146142442,-0.844543815,-2.798752660,-0.030151599,0.400000000,0.400000000,0.500000000,0.000000000
173.446410518,-105.726036578,-78.213296648,-0.853386549,-2.795574233,0.015903902,0.400000000,0.400000000,0.500000000,0.000000000
173.646347706,-105.914123596,-78.281106328,-0.852455465,-2.796036362,-0.002311718,0.400000000,0.400000000,0.500000000,0.000000000
173.846225039,-106.102185615,-78.348808806,-0.851467070,-2.800449110,-0.022072973,0.400000000,0.400000000,0.500000000,0.000000000
174.046180084,-106.290617788,-78.415706756,-0.848888668,-2.807310073,-0.034340384,0.400000000,0.400000000,0.500000000,0.000000000
174.245809956,-106.479197335,-78.481203629,-0.860125512,-2.808203115,-0.004471651,0.400000000,0.400000000,0.500000000,0.000000000
174.445603798,-106.667990240,-78.546585726,-0.846202858,-2.808285201,-0.000410747,0.400000000,0.400000000,0.500000000,0.000000000
174.645499820,-106.856885066,-78.611985756,-0.856170344,-2.824051202,-0.078861979,0.400000000,0.400000000,0.500000000,0.000000000
174.845437494,-107.046827041,-78.674412670,-0.860037642,-2.827200071,-0.015754787,0.400000000,0.400000000,0.500000000,0.000000000
175.045234506,-107.236830881,-78.736197675,-0.866721203,-2.822459033,0.023731710,0.400000000,0.400000000,0.500000000,0.000000000
175.244990128,-107.426500362,-78.798869812,-0.868637634,-2.831166790,-0.043577237,0.400000000,0.400000000,0.500000000,0.000000000
175.444880306,-107.616836503,-78.859929100,-0.864791423,-2.837515690,-0.031755439,0.400000000,0.400000000,0.500000000,0.000000000
175.644851669,-107.807633925,-78.919803048,-0.872979572,-2.832376978,0.025698051,0.400000000,0.400000000,0.500000000,0.000000000
175.844809986,-107.998108727,-78.980652684,-0.873799275,-2.830505468,0.009360991,0.400000000,0.400000000,0.500000000,0.000000000
176.044704632,-108.188408700,-79.041839200,-0.880040426,-2.841931758,-0.057167653,0.400000000,0.400000000,0.500000000,0.000000000
176.244554502,-108.379352590,-79.100834128,-0.890078355,-2.839237121,0.013485975,0.400000000,0.400000000,0.500000000,0.000000000
176.444325078,-108.570061120,-79.160319755,-0.890909626,-2.844942371,-0.028556061,0.400000000,0.400000000,0.500000000,0.000000000
176.644136344,-108.761144837,-79.218728274,-0.873622723,-2.845303398,-0.001806520,0.400000000,0.400000000,0.500000000,0.000000000
176.844019309,-108.952318203,-79.277088737,-0.894803380,-2.849532884,-0.021164032,0.400000000,0.400000000,0.500000000,0.000000000
177.043822273,-109.143660080,-79.334617081,-0.898100301,-2.852167098,-0.013180776,0.400000000,0.400000000,0.500000000,0.000000000
177.243724626,-109.335248092,-79.391669556,-0.898126307,-2.858755413,-0.032966485,0.400000000,0.400000000,0.500000000,0.000000000
177.443519277,-109.527104398,-79.447428503,-0.900690865,-2.853066980,0.028460466,0.400000000,0.400000000,0.500000000,0.000000000
177.643466848,-109.718787020,-79.504321415,-0.905592275,-2.849975061,0.015467350,0.400000000,0.400000000,0.500000000,0.000000000
177.843318563,-109.910201010,-79.561779162,-0.901744827,-2.849798192,0.000885038,0.400000000,0.400000000,0.500000000,0.000000000
178.043154450,-110.101589674,-79.619266211,-0.906569240,-2.835875052,0.069671575,0.400000000,0.400000000,0.500000000,0.000000000
178.242994543,-110.292163425,-79.679413598,-0.911483077,-2.819348082,0.082722250,0.400000000,0.400000000,0.500000000,0.000000000
178.442727269,-110.481615301,-79.742668232,-0.913534850,-2.802103269,0.086331283,0.400000000,0.400000000,0.500000000,0.000000000
178.642492822,-110.669979200,-79.809191293,-0.924318072,-2.781904738,0.101105512,0.400000000,0.400000000,0.500000000,0.000000000
178.842273989,-110.856975715,-79.879510695,-0.923146538,-2.764869124,0.085264826,0.400000000,0.400000000,0.500000000,0.000000000
179.042081005,-111.042771256,-79.953014849,-0.928144586,-2.743730324,0.105758074,0.400000000,0.400000000,0.500000000,0.000000000
179.242024204,-111.227097158,-80.030482547,-0.943886366,-2.720884836,0.114283931,0.400000000,0.400000000,0.500000000,0.000000000
179.441874593,-111.409520612,-80.112102776,-0.940279947,-2.698452000,0.112297958,0.400000000,0.400000000,0.500000000,0.000000000
179.641539310,-111.589899609,-80.197714788,-0.949083675,-2.680174398,0.091521734,0.400000000,0.400000000,0.500000000,0.000000000
179.841284591,-111.768755921,-80.286645080,-0.949147497,-2.649872401,0.151775333,0.400000000,0.400000000,0.500000000,0.000000000
180.040824712,-111.944654919,-80.380856557,-0.961196256,-2.616564018,0.166776984,0.400000000,0.400000000,0.500000000,0.000000000
180.240702337,-112.117610944,-80.481042775,-0.963489922,-2.591596903,0.124989415,0.400000000,0.400000000,0.500000000,0.000000000
180.440322009,-112.287792053,-80.585380705,-0.970303725,-2.582347018,0.046310698,0.400000000,0.400000000,0.500000000,0.000000000
180.640171650,-112.457195716,-80.691410314,-0.970140582,-2.573086875,0.046330911,0.400000000,0.400000000,0.500000000,0.000000000
180.840059871,-112.625642792,-80.799024827,-0.970318567,-2.565197778,0.039462021,0.400000000,0.400000000,0.500000000,0.000000000
181.040003024,-112.793281710,-80.907994811,-0.976051206,-2.573065772,-0.039367623,0.400000000,0.400000000,0.500000000,0.000000000
181.239777888,-112.961630990,-81.015551848,-0.975512325,-2.583580838,-0.052620546,0.400000000,0.400000000,0.500000000,0.000000000
181.439657437,-113.131190717,-81.121388200,-0.983440400,-2.592521903,-0.044730801,0.400000000,0.400000000,0.500000000,0.000000000
181.639548737,-113.301699967,-81.225710429,-0.986874139,-2.618772443,-0.131413087,0.400000000,0.400000000,0.500000000,0.000000000
181.839157786,-113.474644126,-81.325380335,-0.995912382,-2.632458930,-0.068606327,0.400000000,0.400000000,0.500000000,0.000000000
182.038531766,-113.648730921,-81.422559405,-0.996889727,-2.663486132,-0.155535096,0.400000000,0.400000000,0.500000000,0.000000000
182.238115420,-113.825934802,-81.514387614,-0.992439471,-2.687568659,-0.120681072,0.400000000,0.400000000,0.500000000,0.000000000
182.437632391,-114.005238612,-81.601892843,-0.999828439,-2.707733951,-0.101134916,0.400000000,0.400000000,0.500000000,0.000000000
182.636888688,-114.186033894,-81.685655233,-1.001355371,-2.720585065,-0.064397958,0.400000000,0.400000000,0.500000000,0.000000000
182.836745215,-114.368438474,-81.767332651,-1.006520289,-2.740772050,-0.100995784,0.400000000,0.400000000,0.500000000,0.000000000
183.036640852,-114.552490608,-81.845326739,-1.022943778,-2.740681586,0.000452543,0.400000000,0.400000000,0.500000000,0.000000000
183.236546675,-114.736545064,-81.923341451,-1.013338641,-2.750803822,-0.050632789,0.400000000,0.400000000,0.500000000,0.000000000
183.436468434,-114.921394495,-81.999495227,-1.014605297,-2.761232230,-0.052192271,0.400000000,0.400000000,0.500000000,0.000000000
183.636159895,-115.106814184,-82.073631712,-1.021250616,-2.767547491,-0.031653842,0.400000000,0.400000000,0.500000000,0.000000000
183.835487981,-115.292360114,-82.146462981,-1.018129817,-2.774286024,-0.033758448,0.400000000,0.400000000,0.500000000,0.000000000
184.035379676,-115.478918619,-82.218244692,-1.036465275,-2.800097026,-0.129116235,0.400000000,0.400000000,0.500000000,0.000000000
184.235287210,-115.667282460,-82.285193072,-1.037631318,-2.814470654,-0.072000213,0.400000000,0.400000000,0.500000000,0.000000000
184.434642484,-115.856066127,-82.349249705,-1.014328597,-2.821323500,-0.034349047,0.400000000,0.400000000,0.500000000,0.000000000
184.634298750,-116.045570015,-82.412105898,-1.014987733,-2.819336694,0.009942306,0.400000000,0.400000000,0.500000000,0.000000000
184.834309427,-116.235284813,-82.475450718,-1.037200903,-2.823485096,-0.020759386,0.400000000,0.400000000,0.500000000,0.000000000
185.033963672,-116.424922208,-82.537896501,-1.043483348,-2.826257774,-0.013876788,0.400000000,0.400000000,0.500000000,0.000000000
185.233923083,-116.615022136,-82.599910884,-1.051467373,-2.836432079,-0.050950029,0.400000000,0.400000000,0.500000000,0.000000000
185.433345622,-116.805231098,-82.659826655,-1.073760810,-2.850593975,-0.071018469,0.400000000,0.400000000,0.500000000,0.000000000
185.632742643,-116.996245034,-82.717035467,-1.069101226,-2.866654549,-0.080428335,0.400000000,0.400000000,0.500000000,0.000000000
185.832717359,-117.188709101,-82.771326076,-1.066702035,-2.876049220,-0.046985520,0.400000000,0.400000000,0.500000000,0.000000000
186.032637581,-117.381622124,-82.823791878,-1.062606999,-2.870082092,0.029850422,0.400000000,0.400000000,0.500000000,0.000000000
186.232518709,-117.574180983,-82.877397392,-1.069031798,-2.866898103,0.015932225,0.400000000,0.400000000,0.500000000,0.000000000
186.432329000,-117.766500007,-82.931596523,-1.089051461,-2.856869166,0.050178251,0.400000000,0.400000000,0.500000000,0.000000000
186.632249471,-117.958371551,-82.987752601,-1.095735229,-2.849193204,0.038390047,0.400000000,0.400000000,0.500000000,0.000000000
186.832221348,-118.149855620,-83.045394625,-1.097688608,-2.849566793,-0.001868617,0.400000000,0.400000000,0.500000000,0.000000000
187.032105736,-118.341277425,-83.102939923,-1.092954948,-2.855404556,-0.029198782,0.400000000,0.400000000,0.500000000,0.000000000
187.232084203,-118.533122154,-83.159393329,-1.105984316,-2.862219913,-0.034084860,0.400000000,0.400000000,0.500000000,0.000000000
187.432010175,-118.725296715,-83.214523468,-1.101886976,-2.863020328,-0.004004560,0.400000000,0.400000000,0.500000000,0.000000000
187.631835864,-118.917418925,-83.269472194,-1.095948426,-2.865117369,-0.010491397,0.400000000,0.400000000,0.500000000,0.000000000
187.831774036,-119.109764153,-83.324048616,-1.087493426,-2.862503621,0.013077181,0.400000000,0.400000000,0.500000000,0.000000000
188.031577453,-119.301836535,-83.379090470,-1.093712944,-2.853188670,0.046603201,0.400000000,0.400000000,0.500000000,0.000000000
188.231528453,-119.493529366,-83.435961031,-1.104190071,-2.849396531,0.018965628,0.400000000,0.400000000,0.500000000,0.000000000
188.431473132,-119.684999106,-83.493556286,-1.110293619,-2.850125081,-0.003644706,0.400000000,0.400000000,0.500000000,0.000000000
188.631313608,-119.876410948,-83.550982087,-1.138705125,-2.852492130,-0.011851881,0.400000000,0.400000000,0.500000000,0.000000000
188.830911623,-120.067725784,-83.607885524,-1.136722283,-2.862520917,-0.050213751,0.400000000,0.400000000,0.500000000,0.000000000
189.030755777,-120.259838279,-83.662935277,-1.141168380,-2.862463793,0.000285768,0.400000000,0.400000000,0.500000000,0.000000000
189.230709884,-120.452053326,-83.718026299,-1.128790216,-2.857753415,0.023559551,0.400000000,0.400000000,0.500000000,0.000000000
189.430625300,-120.643969598,-83.774011277,-1.126711568,-2.859466957,-0.008571943,0.400000000,0.400000000,0.500000000,0.000000000
189.630512295,-120.835954225,-83.829659403,-1.127290269,-2.873172661,-0.068600757,0.400000000,0.400000000,0.500000000,0.000000000
189.830200964,-121.028492268,-83.882618503,-1.141622610,-2.870875087,0.011510739,0.400000000,0.400000000,0.500000000,0.000000000
190.029717517,-121.220742279,-83.935973806,-1.150704108,-2.880160489,-0.046500854,0.400000000,0.400000000,0.500000000,0.000000000
190.229564331,-121.413798459,-83.987627077,-1.150379102,-2.879814539,0.001731399,0.400000000,0.400000000,0.500000000,0.000000000
190.429336405,-121.606764565,-84.039327789,-1.147172326,-2.867580062,0.061226043,0.400000000,0.400000000,0.500000000,0.000000000
190.629211298,-121.799182697,-84.093413235,-1.150349030,-2.857325404,0.051316260,0.400000000,0.400000000,0.500000000,0.000000000
190.828999681,-121.990953055,-84.149444723,-1.157302862,-2.853842849,0.017437477,0.400000000,0.400000000,0.500000000,0.000000000
191.028644514,-122.182389470,-84.206102982,-1.163527592,-2.848621541,0.026146008,0.400000000,0.400000000,0.500000000,0.000000000
191.228395374,-122.373628956,-84.263790632,-1.175128426,-2.846038593,0.012922764,0.400000000,0.400000000,0.500000000,0.000000000
191.428396139,-122.564957869,-84.322044842,-1.172955261,-2.851597626,-0.027797283,0.400000000,0.400000000,0.500000000,0.000000000
191.628364418,-122.756576533,-84.379225263,-1.177467594,-2.841617632,0.049908086,0.400000000,0.400000000,0.500000000,0.000000000
191.828329437,-122.947611888,-84.438314195,-1.180879735,-2.835532120,0.030433281,0.400000000,0.400000000,0.500000000,0.000000000
192.028288621,-123.138278558,-84.498562816,-1.184690456,-2.831498680,0.020172227,0.400000000,0.400000000,0.500000000,0.000000000
192.228229454,-123.328683192,-84.559574387,-1.187880904,-2.835711176,-0.021068981,0.400000000,0.400000000,0.500000000,0.000000000
192.428164893,-123.519338004,-84.619781716,-1.201534760,-2.840750406,-0.025215590,0.400000000,0.400000000,0.500000000,0.000000000
192.627920598,-123.710122131,-84.678974272,-1.199087312,-2.839760081,0.004955406,0.400000000,0.400000000,0.500000000,0.000000000
192.827859464,-123.901022425,-84.738410185,-1.201708580,-2.834784541,0.024899710,0.400000000,0.400000000,0.500000000,0.000000000
193.027566631,-124.091403753,-84.798725214,-1.205328083,-2.823601795,0.055980942,0.400000000,0.400000000,0.500000000,0.000000000
193.227377121,-124.281196846,-84.861197717,-1.215243651,-2.812355612,0.056270176,0.400000000,0.400000000,0.500000000,0.000000000
193.427285430,-124.470367940,-84.925832300,-1.228153789,-2.808694474,0.018311194,0.400000000,0.400000000,0.500000000,0.000000000
193.627256693,-124.659360627,-84.991179602,-1.244173385,-2.808670523,0.000119815,0.400000000,0.400000000,0.500000000,0.000000000
193.827088903,-124.848220333,-85.056485988,-1.233586027,-2.801418628,0.036280950,0.400000000,0.400000000,0.500000000,0.000000000
194.027019004,-125.036693762,-85.123192896,-1.242698732,-2.813549989,-0.060717818,0.400000000,0.400000000,0.500000000,0.000000000
194.226684483,-125.225712038,-85.187523254,-1.245979374,-2.812244252,0.006539714,0.400000000,0.400000000,0.500000000,0.000000000
194.426344419,-125.414640909,-85.252098572,-1.251825121,-2.804379981,0.039367093,0.400000000,0.400000000,0.500000000,0.000000000
194.626218684,-125.603258363,-85.318228578,-1.257592020,-2.810746231,-0.031848228,0.400000000,0.400000000,0.500000000,0.000000000
194.826130491,-125.792328499,-85.383168662,-1.258914038,-2.824589485,-0.069242730,0.400000000,0.400000000,0.500000000,0.000000000
195.026062629,-125.982298789,-85.445491599,-1.268347601,-2.814199248,0.051987926,0.400000000,0.400000000,0.500000000,0.000000000
195.225846010,-126.171470432,-85.509737136,-1.270067116,-2.821631171,-0.037199280,0.400000000,0.400000000,0.500000000,0.000000000
195.425635223,-126.361119849,-85.572576837,-1.267374810,-2.831376399,-0.048789431,0.400000000,0.400000000,0.500000000,0.000000000
195.625325541,-126.551278465,-85.633535217,-1.268846044,-2.829442384,0.009684611,0.400000000,0.400000000,0.500000000,0.000000000
195.825034780,-126.741336837,-85.694867063,-1.267263933,-2.828621563,0.004107625,0.400000000,0.400000000,0.500000000,0.000000000
196.024982886,-126.931572066,-85.756428437,-1.273019397,-2.839317004,-0.053539863,0.400000000,0.400000000,0.500000000,0.000000000
196.224564779,-127.122105218,-85.815842659,-1.269044767,-2.833092412,0.031160257,0.400000000,0.400000000,0.500000000,0.000000000
196.424503530,-127.312604863,-85.876550067,-1.289390419,-2.845319824,-0.061168394,0.400000000,0.400000000,0.500000000,0.000000000
196.624357403,-127.503751364,-85.934898896,-1.288002487,-2.846174244,-0.004276439,0.400000000,0.400000000,0.500000000,0.000000000
196.824097823,-127.694839111,-85.993051354,-1.292149797,-2.851564036,-0.026989688,0.400000000,0.400000000,0.500000000,0.000000000
197.023753299,-127.886156114,-86.050148757,-1.277628640,-2.850692764,0.004361575,0.400000000,0.400000000,0.500000000,0.000000000
197.223619527,-128.077625195,-86.107473273,-1.292609481,-2.852906824,-0.011075612,0.400000000,0.400000000,0.500000000,0.000000000
197.423561338,-128.269293182,-86.164395244,-1.289773174,-2.835424196,0.087440036,0.400000000,0.400000000,0.500000000,0.000000000
197.623491400,-128.459925580,-86.224655664,-1.299201897,-2.842978271,-0.037776938,0.400000000,0.400000000,0.500000000,0.000000000
197.823490917,-128.651074128,-86.283494761,-1.306258683,-2.848536543,-0.027801337,0.400000000,0.400000000,0.500000000,0.000000000
198.023347365,-128.842409797,-86.341229168,-1.312108261,-2.850382776,-0.009238750,0.400000000,0.400000000,0.500000000,0.000000000
198.223162441,-129.033812100,-86.398598349,-1.308508560,-2.847395117,0.014946434,0.400000000,0.400000000,0.500000000,0.000000000
198.423129479,-129.225187583,-86.456583183,-1.308170138,-2.851288742,-0.019479835,0.400000000,0.400000000,0.500000000,0.000000000
198.622921733,-129.416619915,-86.513772403,-1.317791882,-2.849500077,0.008947581,0.400000000,0.400000000,0.500000000,0.000000000
198.822939061,-129.608165190,-86.571368752,-1.325681979,-2.842574843,0.034639681,0.400000000,0.400000000,0.500000000,0.000000000
199.022764891,-129.799124005,-86.630233793,-1.335994699,-2.851938090,-0.046842568,0.400000000,0.400000000,0.500000000,0.000000000
199.222712731,-129.990742537,-86.687343134,-1.337005760,-2.859743624,-0.039052730,0.400000000,0.400000000,0.500000000,0.000000000
199.422507202,-130.182653679,-86.742912409,-1.335566026,-2.862821077,-0.015399654,0.400000000,0.400000000,0.500000000,0.000000000
199.622390684,-130.374820498,-86.797915318,-1.328098889,-2.862225562,0.002979032,0.400000000,0.400000000,0.500000000,0.000000000
199.822311412,-130.566990330,-86.853042926,-1.334742379,-2.863547733,-0.006612362,0.400000000,0.400000000,0.500000000,0.000000000
200.022299548,-130.759297701,-86.907934906,-1.342396438,-2.861674782,0.009365717,0.400000000,0.400000000,0.500000000,0.000000000
200.222270324,-130.951485241,-86.963182175,-1.350008419,-2.860924710,0.003750922,0.400000000,0.400000000,0.500000000,0.000000000
200.422239625,-131.143629870,-87.018573175,-1.350428050,-2.865126971,-0.021017931,0.400000000,0.400000000,0.500000000,0.000000000
200.622143964,-131.335943075,-87.073138515,-1.348250639,-2.864149867,0.004887302,0.400000000,0.400000000,0.500000000,0.000000000
200.822093674,-131.528246507,-87.127904165,-1.352347815,-2.858580934,0.027854113,0.400000000,0.400000000,0.500000000,0.000000000
201.022007784,-131.720207788,-87.183729945,-1.357459665,-2.859269812,-0.003446347,0.400000000,0.400000000,0.500000000,0.000000000
201.221866180,-131.912153974,-87.239407952,-1.356342266,-2.869011173,-0.048729838,0.400000000,0.400000000,0.500000000,0.000000000
201.421817155,-132.104722583,-87.293238454,-1.369056593,-2.873586706,-0.022894044,0.400000000,0.400000000,0.500000000,0.000000000
201.621579608,-132.297353688,-87.346137369,-1.363734056,-2.875541416,-0.009780805,0.400000000,0.400000000,0.500000000,0.000000000
201.821520543,-132.490260029,-87.398706572,-1.367048043,-2.884027129,-0.042437066,0.400000000,0.400000000,0.500000000,0.000000000
202.021498254,-132.683641069,-87.449646322,-1.370829031,-2.869655294,0.071901780,0.400000000,0.400000000,0.500000000,0.000000000
202.221280083,-132.876081382,-87.503307343,-1.375596957,-2.849111675,0.102851418,0.400000000,0.400000000,0.500000000,0.000000000
202.420972710,-133.067293360,-87.560884464,-1.377483880,-2.838128047,0.055022519,0.400000000,0.400000000,0.500000000,0.000000000
202.620519280,-133.257722028,-87.620514624,-1.383760459,-2.830081137,0.040295419,0.400000000,0.400000000,0.500000000,0.000000000
202.820367394,-133.447951728,-87.681767623,-1.386858588,-2.832491562,-0.012060907,0.400000000,0.400000000,0.500000000,0.000000000
203.020227835,-133.638340264,-87.742565659,-1.381421305,-2.834838635,-0.011744390,0.400000000,0.400000000,0.500000000,0.000000000
203.220059978,-133.828843996,-87.802908127,-1.382007236,-2.841334852,-0.032508443,0.400000000,0.400000000,0.500000000,0.000000000
203.419890513,-134.019734168,-87.862011302,-1.385834476,-2.840021077,0.006575204,0.400000000,0.400000000,0.500000000,0.000000000
203.619675087,-134.210502639,-87.921351561,-1.394499461,-2.830867539,0.045800469,0.400000000,0.400000000,0.500000000,0.000000000
203.819602846,-134.400856281,-87.982479295,-1.395723613,-2.813652527,0.086108410,0.400000000,0.400000000,0.500000000,0.000000000
204.019515205,-134.590114875,-88.046869790,-1.402200780,-2.817676936,-0.020130221,0.400000000,0.400000000,0.500000000,0.000000000
204.219440055,-134.779642911,-88.110502086,-1.412623616,-2.820710743,-0.015176418,0.400000000,0.400000000,0.500000000,0.000000000
204.419320477,-134.969320962,-88.173545086,-1.417810043,-2.818793656,0.009590881,0.400000000,0.400000000,0.500000000,0.000000000
204.619212820,-135.158889112,-88.236955382,-1.422874798,-2.825643140,-0.034257054,0.400000000,0.400000000,0.500000000,0.000000000
204.819207208,-135.348984132,-88.299097463,-1.426414344,-2.831307326,-0.028323601,0.400000000,0.400000000,0.500000000,0.000000000
205.019174527,-135.539402310,-88.360153555,-1.431936589,-2.820523581,0.053923447,0.400000000,0.400000000,0.500000000,0.000000000
205.219170220,-135.729177939,-88.423268432,-1.437051059,-2.811067214,0.047292534,0.400000000,0.400000000,0.500000000,0.000000000
205.419082560,-135.918269414,-88.488147997,-1.446089718,-2.811092153,-0.000124731,0.400000000,0.400000000,0.500000000,0.000000000
205.619064152,-136.107428010,-88.553045320,-1.443521621,-2.804046226,0.035234957,0.400000000,0.400000000,0.500000000,0.000000000
205.819021327,-136.296101614,-88.619265732,-1.450013311,-2.798893680,0.025768622,0.400000000,0.400000000,0.500000000,0.000000000
206.018972241,-136.484425615,-88.686455307,-1.448480622,-2.803451167,-0.022798359,0.400000000,0.400000000,0.500000000,0.000000000
206.218829333,-136.672965364,-88.752754778,-1.457232247,-2.794764267,0.043451497,0.400000000,0.400000000,0.500000000,0.000000000
206.418814525,-136.861042544,-88.820733097,-1.460135277,-2.785003484,0.048817021,0.400000000,0.400000000,0.500000000,0.000000000
206.618720341,-137.048372869,-88.890516220,-1.462112173,-2.790676898,-0.028377679,0.400000000,0.400000000,0.500000000,0.000000000
206.818664403,-137.236132002,-88.959248571,-1.463550455,-2.795720553,-0.025234366,0.400000000,0.400000000,0.500000000,0.000000000
207.018464829,-137.424100277,-89.026984364,-1.471400793,-2.806695942,-0.054939982,0.400000000,0.400000000,0.500000000,0.000000000
207.218203446,-137.612742268,-89.092632779,-1.471165865,-2.817409864,-0.053617438,0.400000000,0.400000000,0.500000000,0.000000000
207.418106125,-137.802232287,-89.156308629,-1.475180734,-2.819575749,-0.010833864,0.400000000,0.400000000,0.500000000,0.000000000
207.618039560,-137.991888951,-89.219583650,-1.476611985,-2.816471430,0.015536851,0.400000000,0.400000000,0.500000000,0.000000000
207.817713267,-138.181102154,-89.283364156,-1.474433926,-2.817828097,-0.006788674,0.400000000,0.400000000,0.500000000,0.000000000
208.017725072,-138.370722244,-89.346995467,-1.489491912,-2.810892800,0.034680807,0.400000000,0.400000000,0.500000000,0.000000000
208.217662654,-138.559826274,-89.411916207,-1.492013523,-2.814157577,-0.016329317,0.400000000,0.400000000,0.500000000,0.000000000
208.417591887,-138.749133342,-89.476216535,-1.491773576,-2.822072068,-0.039581448,0.400000000,0.400000000,0.500000000,0.000000000
208.617570714,-138.938990464,-89.539032174,-1.496272642,-2.828628124,-0.032785637,0.400000000,0.400000000,0.500000000,0.000000000
208.817525811,-139.129232748,-89.600594452,-1.503497387,-2.831030557,-0.012013869,0.400000000,0.400000000,0.500000000,0.000000000
209.017513868,-139.319653766,-89.661709581,-1.497062530,-2.831772712,-0.003711162,0.400000000,0.400000000,0.500000000,0.000000000
209.217483877,-139.510102899,-89.722677868,-1.503241162,-2.828467000,0.016532820,0.400000000,0.400000000,0.500000000,0.000000000
209.417410545,-139.700308215,-89.784262040,-1.517503082,-2.834545500,-0.030402226,0.400000000,0.400000000,0.500000000,0.000000000
209.617355255,-139.890901553,-89.844694373,-1.518737052,-2.835745560,-0.006003476,0.400000000,0.400000000,0.500000000,0.000000000
209.817199125,-140.081471116,-89.904867575,-1.508623471,-2.832144870,0.018019626,0.400000000,0.400000000,0.500000000,0.000000000
210.016995962,-140.271777979,-89.965712244,-1.517661327,-2.836608399,-0.022331144,0.400000000,0.400000000,0.500000000,0.000000000
210.216956962,-140.462511115,-90.025756164,-1.527536927,-2.844090262,-0.037414600,0.400000000,0.400000000,0.500000000,0.000000000
210.416938537,-140.653707820,-90.084377410,-1.527103262,-2.840283623,0.019037626,0.400000000,0.400000000,0.500000000,0.000000000
210.616863633,-140.844626055,-90.143709284,-1.532494401,-2.838333779,0.009751885,0.400000000,0.400000000,0.500000000,0.000000000
210.816829221,-141.035466885,-90.203425398,-1.538274139,-2.844589997,-0.031286465,0.400000000,0.400000000,0.500000000,0.000000000
211.016794257,-141.226677046,-90.261946248,-1.546755234,-2.846636687,-0.010234660,0.400000000,0.400000000,0.500000000,0.000000000
211.216781964,-141.418028273,-90.320082218,-1.555134096,-2.849045698,-0.012046912,0.400000000,0.400000000,0.500000000,0.000000000
211.416732518,-141.609483419,-90.377746338,-1.557084020,-2.849325134,-0.001397370,0.400000000,0.400000000,0.500000000,0.000000000
211.616726450,-141.800996211,-90.435369455,-1.564149265,-2.855566687,-0.031210471,0.400000000,0.400000000,0.500000000,0.000000000
211.816697194,-141.992842681,-90.491789577,-1.571913782,-2.860620333,-0.025273927,0.400000000,0.400000000,0.500000000,0.000000000
212.016635833,-142.184940982,-90.547230557,-1.579923922,-2.859912034,0.003542638,0.400000000,0.400000000,0.500000000,0.000000000
212.216567737,-142.376993496,-90.602805713,-1.580672776,-2.857495599,0.012085557,0.400000000,0.400000000,0.500000000,0.000000000
212.416523842,-142.568934387,-90.658851573,-1.587185273,-2.852893274,0.023019135,0.400000000,0.400000000,0.500000000,0.000000000
212.616436916,-142.760574055,-90.715767959,-1.598167628,-2.848861863,0.020166311,0.400000000,0.400000000,0.500000000,0.000000000
212.816339926,-142.951973076,-90.773453555,-1.597659199,-2.841579291,0.036424113,0.400000000,0.400000000,0.500000000,0.000000000
213.016312491,-143.143013375,-90.832552041,-1.601373740,-2.827464909,0.070593161,0.400000000,0.400000000,0.500000000,0.000000000
213.216216173,-143.333135021,-90.894319683,-1.607770040,-2.816260186,0.056055387,0.400000000,0.400000000,0.500000000,0.000000000
213.416083683,-143.522518384,-90.958202103,-1.611461293,-2.816133218,0.000635277,0.400000000,0.400000000,0.500000000,0.000000000
213.615940166,-143.711883185,-91.022105041,-1.614787565,-2.808237421,0.039503819,0.400000000,0.400000000,0.500000000,0.000000000
213.815831226,-143.900770199,-91.087512473,-1.625173917,-2.797323260,0.054588923,0.400000000,0.400000000,0.500000000,0.000000000
214.015805410,-144.089010356,-91.155005566,-1.629760159,-2.807601055,-0.051397138,0.400000000,0.400000000,0.500000000,0.000000000
214.215765941,-144.277921340,-91.220555959,-1.638174432,-2.810561032,-0.014807950,0.400000000,0.400000000,0.500000000,0.000000000
214.415587463,-144.466894062,-91.285501713,-1.640907794,-2.807747996,0.014074187,0.400000000,0.400000000,0.500000000,0.000000000
214.615509800,-144.655778591,-91.351011831,-1.638183019,-2.807048711,0.003499166,0.400000000,0.400000000,0.500000000,0.000000000
214.815274244,-144.844468124,-91.416602175,-1.653268589,-2.817047660,-0.050031056,0.400000000,0.400000000,0.500000000,0.000000000
215.015217805,-145.033973814,-91.480359691,-1.652087199,-2.816750093,0.001488449,0.400000000,0.400000000,0.500000000,0.000000000
215.215108457,-145.223410383,-91.544156708,-1.658697024,-2.815866769,0.004418500,0.400000000,0.400000000,0.500000000,0.000000000
215.415047687,-145.412836547,-91.608136580,-1.666225031,-2.814617555,0.006248638,0.400000000,0.400000000,0.500000000,0.000000000
215.614943858,-145.602141862,-91.672339205,-1.675871363,-2.826012617,-0.057007711,0.400000000,0.400000000,0.500000000,0.000000000
215.814818178,-145.792145690,-91.734373781,-1.680041635,-2.816221079,0.049004405,0.400000000,0.400000000,0.500000000,0.000000000
216.014560970,-145.981408381,-91.798223739,-1.679023707,-2.819624363,-0.017037002,0.400000000,0.400000000,0.500000000,0.000000000
216.214334731,-146.170916652,-91.861439013,-1.683326882,-2.827794463,-0.040893994,0.400000000,0.400000000,0.500000000,0.000000000
216.414134441,-146.360959748,-91.923111903,-1.692716037,-2.839734513,-0.059762013,0.400000000,0.400000000,0.500000000,0.000000000
216.613918977,-146.551711171,-91.982506816,-1.697690004,-2.832818244,0.034606936,0.400000000,0.400000000,0.500000000,0.000000000
216.813837854,-146.742175231,-92.043260411,-1.687376409,-2.837187755,-0.021858346,0.400000000,0.400000000,0.500000000,0.000000000
217.013721155,-146.932868995,-92.103170531,-1.690629371,-2.830499993,0.033523965,0.400000000,0.400000000,0.500000000,0.000000000
217.212821069,-147.122412048,-92.164114821,-1.702001417,-2.834259021,-0.018838768,0.400000000,0.400000000,0.500000000,0.000000000
217.412794587,-147.313015524,-92.224610467,-1.704965849,-2.836691777,-0.012167805,0.400000000,0.400000000,0.500000000,0.000000000
217.612688770,-147.503689930,-92.284618426,-1.711285130,-2.845338666,-0.043262877,0.400000000,0.400000000,0.500000000,0.000000000
217.812530435,-147.694825853,-92.342960089,-1.713018340,-2.858187562,-0.064282126,0.400000000,0.400000000,0.500000000,0.000000000
218.012451771,-147.886772098,-92.398863397,-1.712486129,-2.862701670,-0.022575851,0.400000000,0.400000000,0.500000000,0.000000000
218.212436024,-148.079029225,-92.453916993,-1.714671647,-2.859231964,0.017350972,0.400000000,0.400000000,0.500000000,0.000000000
218.412395302,-148.271070191,-92.509630373,-1.719625738,-2.860908766,-0.008387125,0.400000000,0.400000000,0.500000000,0.000000000
218.612287524,-148.463139873,-92.565003084,-1.720924201,-2.862214547,-0.006531437,0.400000000,0.400000000,0.500000000,0.000000000
218.812240236,-148.655339842,-92.620141628,-1.723896937,-2.857865481,0.021752298,0.400000000,0.400000000,0.500000000,0.000000000
219.012159110,-148.847265708,-92.676106066,-1.732558100,-2.860045221,-0.010904097,0.400000000,0.400000000,0.500000000,0.000000000
219.212042126,-149.039278659,-92.731642061,-1.725770199,-2.865109812,-0.025332867,0.400000000,0.400000000,0.500000000,0.000000000
219.412002184,-149.231644530,-92.786225910,-1.732997803,-2.862076396,0.015184209,0.400000000,0.400000000,0.500000000,0.000000000
219.611590667,-149.423486787,-92.841290519,-1.742632018,-2.864755006,-0.013422503,0.400000000,0.400000000,0.500000000,0.000000000
219.811124279,-149.615423070,-92.895826063,-1.753434672,-2.865838884,-0.005426199,0.400000000,0.400000000,0.500000000,0.000000000
220.011088589,-149.807832776,-92.950270807,-1.760342339,-2.871549671,-0.028560739,0.400000000,0.400000000,0.500000000,0.000000000
220.211028453,-150.000526705,-93.003609337,-1.765069272,-2.874369007,-0.014100106,0.400000000,0.400000000,0.500000000,0.000000000
220.410991370,-150.193392483,-93.056410473,-1.767632598,-2.879891637,-0.027620590,0.400000000,0.400000000,0.500000000,0.000000000
220.610920153,-150.386513947,-93.108136853,-1.764736793,-2.885397545,-0.027536140,0.400000000,0.400000000,0.500000000,0.000000000
220.810894977,-150.579961822,-93.158810811,-1.770417946,-2.892500909,-0.035524937,0.400000000,0.400000000,0.500000000,0.000000000
221.010827936,-150.773724195,-93.208099051,-1.775489336,-2.885202764,0.036497445,0.400000000,0.400000000,0.500000000,0.000000000
221.210820462,-150.967179319,-93.258815178,-1.778669438,-2.890249034,-0.025243043,0.400000000,0.400000000,0.500000000,0.000000000
221.410642264,-151.160722546,-93.308511976,-1.787198151,-2.896067657,-0.029107597,0.400000000,0.400000000,0.500000000,0.000000000
221.610620898,-151.354703791,-93.357119905,-1.786709063,-2.895604340,0.002318286,0.400000000,0.400000000,0.500000000,0.000000000
221.810349292,-151.548419787,-93.405756766,-1.783211842,-2.891599861,0.020057963,0.400000000,0.400000000,0.500000000,0.000000000
222.009911358,-151.741778308,-93.455127818,-1.788294294,-2.904807368,-0.066158754,0.400000000,0.400000000,0.500000000,0.000000000
222.209613490,-151.935908171,-93.501973710,-1.790568561,-2.910402638,-0.028004120,0.400000000,0.400000000,0.500000000,0.000000000
222.409514182,-152.130490387,-93.547778163,-1.801926306,-2.909439959,0.004816501,0.400000000,0.400000000,0.500000000,0.000000000
222.609355239,-152.324970383,-93.593756195,-1.806080497,-2.907689323,0.008757511,0.400000000,0.400000000,0.500000000,0.000000000
222.809316477,-152.519486497,-93.640102474,-1.807955779,-2.905082927,0.013036257,0.400000000,0.400000000,0.500000000,0.000000000
223.009223747,-152.713828690,-93.686942937,-1.799071248,-2.887918501,0.085878625,0.400000000,0.400000000,0.500000000,0.000000000
223.209048435,-152.907258365,-93.737091383,-1.805597583,-2.869854444,0.090433530,0.400000000,0.400000000,0.500000000,0.000000000
223.408717425,-153.099600663,-93.790683791,-1.818942180,-2.867850109,0.010029031,0.400000000,0.400000000,0.500000000,0.000000000
223.608754992,-153.292190010,-93.844761250,-1.824573706,-2.864021495,0.019152077,0.400000000,0.400000000,0.500000000,0.000000000
223.808529082,-153.484317512,-93.899503463,-1.820096834,-2.864359394,-0.001691015,0.400000000,0.400000000,0.500000000,0.000000000
224.008396185,-153.676552962,-93.954206210,-1.815049490,-2.871604851,-0.036244302,0.400000000,0.400000000,0.500000000,0.000000000
224.208340373,-153.869254002,-94.007535261,-1.823350409,-2.881647397,-0.050220858,0.400000000,0.400000000,0.500000000,0.000000000
224.408329785,-154.062524580,-94.058938069,-1.832862267,-2.882345699,-0.003492136,0.400000000,0.400000000,0.500000000,0.000000000
224.608268659,-154.255782156,-94.110192948,-1.832616531,-2.872023361,0.051632529,0.400000000,0.400000000,0.500000000,0.000000000
224.808166588,-154.448460910,-94.163429026,-1.831772196,-2.871959436,0.000319864,0.400000000,0.400000000,0.500000000,0.000000000
225.007969872,-154.641045033,-94.216652210,-1.839849171,-2.877852970,-0.029494512,0.400000000,0.400000000,0.500000000,0.000000000
225.207802017,-154.833967347,-94.268746999,-1.851305527,-2.879241602,-0.006948179,0.400000000,0.400000000,0.500000000,0.000000000
225.407680769,-155.027006828,-94.320585928,-1.847277584,-2.874685087,0.022793623,0.400000000,0.400000000,0.500000000,0.000000000
225.607607802,-155.219854672,-94.373316637,-1.852744968,-2.892796535,-0.090583253,0.400000000,0.400000000,0.500000000,0.000000000
225.807560434,-155.413650675,-94.422552438,-1.852399893,-2.898058190,-0.026314151,0.400000000,0.400000000,0.500000000,0.000000000
226.007518039,-155.607707882,-94.470769074,-1.861119473,-2.895274949,0.013919664,0.400000000,0.400000000,0.500000000,0.000000000
226.207460902,-155.801615843,-94.519522036,-1.867859648,-2.891753799,0.017613432,0.400000000,0.400000000,0.500000000,0.000000000
226.407343309,-155.995292357,-94.568942525,-1.871254435,-2.898575468,-0.034124793,0.400000000,0.400000000,0.500000000,0.000000000
226.607267302,-156.189341855,-94.617050685,-1.869362464,-2.898243029,0.001662858,0.400000000,0.400000000,0.500000000,0.000000000
226.807183489,-156.383367774,-94.665221470,-1.878055370,-2.894804815,0.017196494,0.400000000,0.400000000,0.500000000,0.000000000
227.007140998,-156.577266996,-94.714069167,-1.887983457,-2.899735487,-0.024664532,0.400000000,0.400000000,0.500000000,0.000000000
227.207001945,-156.771310959,-94.761937093,-1.893868199,-2.901593970,-0.009298046,0.400000000,0.400000000,0.500000000,0.000000000
227.406898670,-156.965478301,-94.809452814,-1.899936888,-2.906845787,-0.026268291,0.400000000,0.400000000,0.500000000,0.000000000
227.606861268,-157.159956575,-94.855963475,-1.894594336,-2.904921693,0.009625328,0.400000000,0.400000000,0.500000000,0.000000000
227.806696624,-157.354221304,-94.902818410,-1.900230029,-2.911053360,-0.030682363,0.400000000,0.400000000,0.500000000,0.000000000
228.006547354,-157.548784644,-94.948484818,-1.909137357,-2.915212041,-0.020804179,0.400000000,0.400000000,0.500000000,0.000000000
228.206489245,-157.743625048,-94.993362168,-1.909823603,-2.916653454,-0.007209991,0.400000000,0.400000000,0.500000000,0.000000000
228.406384977,-157.938484941,-95.037948330,-1.906539141,-2.914839313,0.009074169,0.400000000,0.400000000,0.500000000,0.000000000
228.606336479,-158.133317970,-95.082900460,-1.912711882,-2.910851193,0.019947413,0.400000000,0.400000000,0.500000000,0.000000000
228.806248135,-158.327931386,-95.128620135,-1.927249134,-2.915315087,-0.022333208,0.400000000,0.400000000,0.500000000,0.000000000
229.006090149,-158.522679083,-95.173454999,-1.926516902,-2.925473510,-0.050831949,0.400000000,0.400000000,0.500000000,0.000000000
229.205932933,-158.717872927,-95.216309420,-1.933053396,-2.936406012,-0.054733206,0.400000000,0.400000000,0.500000000,0.000000000
229.405571513,-158.913323683,-95.256985759,-1.929601132,-2.926525631,0.049445099,0.400000000,0.400000000,0.500000000,0.000000000
229.605581857,-159.108726208,-95.299670548,-1.938720474,-2.926534915,-0.000046480,0.400000000,0.400000000,0.500000000,0.000000000
229.805059328,-159.303608531,-95.342239805,-1.953001981,-2.919392827,0.035776566,0.400000000,0.400000000,0.500000000,0.000000000
230.004841733,-159.498479290,-95.386267032,-1.961850026,-2.921994964,-0.013015704,0.400000000,0.400000000,0.500000000,0.000000000
230.204905056,-159.693738125,-95.429848225,-1.951290793,-2.913637149,0.041832991,0.400000000,0.400000000,0.500000000,0.000000000
230.404420656,-159.888092348,-95.474936035,-1.962255866,-2.927203502,-0.068023339,0.400000000,0.400000000,0.500000000,0.000000000
230.603775465,-160.082883234,-95.517348891,-1.958237007,-2.931202541,-0.020037286,0.400000000,0.400000000,0.500000000,0.000000000
230.803580173,-160.278282152,-95.559076392,-1.976546776,-2.942310140,-0.055579772,0.400000000,0.400000000,0.500000000,0.000000000
231.003472752,-160.474218631,-95.598648345,-1.982155036,-2.944526449,-0.011095547,0.400000000,0.400000000,0.500000000,0.000000000
231.203075383,-160.669957995,-95.637729176,-1.988071978,-2.950926509,-0.032074250,0.400000000,0.400000000,0.500000000,0.000000000
231.402549781,-160.865817561,-95.675532169,-2.002774564,-2.934300145,0.083259319,0.400000000,0.400000000,0.500000000,0.000000000
231.602458244,-161.061446330,-95.716675556,-2.015498343,-2.931080359,0.016138488,0.400000000,0.400000000,0.500000000,0.000000000
231.801569089,-161.256161603,-95.758281940,-2.008756746,-2.913242887,0.089465218,0.400000000,0.400000000,0.500000000,0.000000000
232.001210658,-161.450620733,-95.803474889,-2.015449666,-2.887517314,0.128768809,0.400000000,0.400000000,0.500000000,0.000000000
232.201120244,-161.644112447,-95.853722271,-2.010700572,-2.872133376,0.076983068,0.400000000,0.400000000,0.500000000,0.000000000
232.400877410,-161.836661371,-95.906899679,-2.016517073,-2.866471619,0.028327811,0.400000000,0.400000000,0.500000000,0.000000000
232.600851055,-162.029114473,-95.961225204,-2.024905629,-2.853117042,0.066784463,0.400000000,0.400000000,0.500000000,0.000000000
232.800805116,-162.220806165,-96.018110366,-2.038486573,-2.856387279,-0.016355784,0.400000000,0.400000000,0.500000000,0.000000000
233.000738468,-162.412662987,-96.074362522,-2.046411200,-2.850960237,0.027144099,0.400000000,0.400000000,0.500000000,0.000000000
233.200673676,-162.604213481,-96.131655591,-2.045611183,-2.851607125,-0.003235473,0.400000000,0.400000000,0.500000000,0.000000000
233.400610813,-162.795802845,-96.188825287,-2.044953073,-2.863276484,-0.058363175,0.400000000,0.400000000,0.500000000,0.000000000
233.600559139,-162.988057042,-96.243758491,-2.059513634,-2.865164404,-0.009442955,0.400000000,0.400000000,0.500000000,0.000000000
233.800468633,-163.180377248,-96.298318039,-2.062477569,-2.861302294,0.019321733,0.400000000,0.400000000,0.500000000,0.000000000
234.000327321,-163.372436481,-96.353605885,-2.058444619,-2.859587116,0.008582573,0.400000000,0.400000000,0.500000000,0.000000000
234.200157252,-163.564372983,-96.409215062,-2.073720948,-2.863953605,-0.021840964,0.400000000,0.400000000,0.500000000,0.000000000
234.400171014,-163.756727262,-96.464036009,-2.073312165,-2.863465901,0.002439120,0.400000000,0.400000000,0.500000000,0.000000000
234.600059047,-163.948933885,-96.518916243,-2.079016222,-2.872891912,-0.047166773,0.400000000,0.400000000,0.500000000,0.000000000
234.799858146,-164.141563520,-96.571958712,-2.080130886,-2.879934050,-0.035232880,0.400000000,0.400000000,0.500000000,0.000000000
234.999806351,-164.334705939,-96.623681925,-2.090473678,-2.889454768,-0.047617161,0.400000000,0.400000000,0.500000000,0.000000000
235.199742598,-164.528320459,-96.673560984,-2.099980755,-2.882943629,0.032568195,0.400000000,0.400000000,0.500000000,0.000000000
235.399652125,-164.721580276,-96.724692793,-2.101748931,-2.877754022,0.025964563,0.400000000,0.400000000,0.500000000,0.000000000
235.599487468,-164.914500522,-96.776807505,-2.107687940,-2.877300539,0.002269369,0.400000000,0.400000000,0.500000000,0.000000000
235.799307887,-165.107382709,-96.829005799,-2.112352634,-2.881289128,-0.019955465,0.400000000,0.400000000,0.500000000,0.000000000
235.999236245,-165.300575861,-96.880462133,-2.122612080,-2.884284877,-0.014986270,0.400000000,0.400000000,0.500000000,0.000000000
236.199106926,-165.493866518,-96.931324801,-2.127573297,-2.892338225,-0.040296230,0.400000000,0.400000000,0.500000000,0.000000000
236.398942408,-165.687526406,-96.980620517,-2.128124611,-2.900427107,-0.040479294,0.400000000,0.400000000,0.500000000,0.000000000
236.598761161,-165.881562457,-97.028344150,-2.123949636,-2.902919761,-0.012469794,0.400000000,0.400000000,0.500000000,0.000000000
236.798732899,-166.075865511,-97.075620138,-2.135908966,-2.893787137,0.045667771,0.400000000,0.400000000,0.500000000,0.000000000
236.998719017,-166.269742655,-97.124672154,-2.152303650,-2.891761797,0.010132641,0.400000000,0.400000000,0.500000000,0.000000000
237.198498304,-166.463319645,-97.174065599,-2.148473945,-2.890295470,0.007336334,0.400000000,0.400000000,0.500000000,0.000000000
237.398462835,-166.657003426,-97.223788901,-2.163895991,-2.885658391,0.023191247,0.400000000,0.400000000,0.500000000,0.000000000
237.598396990,-166.850425168,-97.274402102,-2.151694072,-2.884552941,0.005531927,0.400000000,0.400000000,0.500000000,0.000000000
237.798124704,-167.043591182,-97.325176609,-2.161790693,-2.889889206,-0.026707564,0.400000000,0.400000000,0.500000000,0.000000000
237.998003538,-167.237171749,-97.374957251,-2.183241050,-2.893622702,-0.018674240,0.400000000,0.400000000,0.500000000,0.000000000
238.197979699,-167.431031174,-97.424038702,-2.176459856,-2.899762453,-0.030702931,0.400000000,0.400000000,0.500000000,0.000000000
238.397948477,-167.625181121,-97.471927219,-2.190121034,-2.891496199,0.041338431,0.400000000,0.400000000,0.500000000,0.000000000
238.597909258,-167.818920833,-97.521416996,-2.206761900,-2.901335110,-0.049224925,0.400000000,0.400000000,0.500000000,0.000000000
238.797700075,-168.012973003,-97.568957776,-2.201568671,-2.905848236,-0.022593475,0.400000000,0.400000000,0.500000000,0.000000000
238.997416028,-168.207164960,-97.615604808,-2.211434388,-2.905580017,0.001343053,0.400000000,0.400000000,0.500000000,0.000000000
239.197118146,-168.401330948,-97.662300689,-2.221369066,-2.902334782,0.016239498,0.400000000,0.400000000,0.500000000,0.000000000
239.397087594,-168.595604089,-97.709689789,-2.231857155,-2.915363616,-0.065154122,0.400000000,0.400000000,0.500000000,0.000000000
239.597054194,-168.790475372,-97.754543148,-2.236522363,-2.900598456,0.073842605,0.400000000,0.400000000,0.500000000,0.000000000
239.796992936,-168.984636119,-97.802262169,-2.246041497,-2.908922797,-0.041642303,0.400000000,0.400000000,0.500000000,0.000000000
239.996855210,-169.179112956,-97.848345665,-2.257676950,-2.904011340,0.024592716,0.400000000,0.400000000,0.500000000,0.000000000
240.196416252,-169.373068340,-97.895312869,-2.262878929,-2.901734397,0.011401997,0.400000000,0.400000000,0.500000000,0.000000000
240.396248879,-169.567180090,-97.942786096,-2.269876559,-2.899239217,0.012487103,0.400000000,0.400000000,0.500000000,0.000000000
240.596057319,-169.761149302,-97.990737714,-2.280591973,-2.913218885,-0.069935574,0.400000000,0.400000000,0.500000000,0.000000000
240.796032671,-169.955932464,-98.036010896,-2.292534611,-2.917845654,-0.023144631,0.400000000,0.400000000,0.500000000,0.000000000
240.995870584,-170.150788997,-98.080351886,-2.307028298,-2.935724129,-0.089529070,0.400000000,0.400000000,0.500000000,0.000000000
241.195416621,-170.346121382,-98.121142572,-2.305916479,-2.948245824,-0.062694683,0.400000000,0.400000000,0.500000000,0.000000000
241.395317955,-170.542297886,-98.159552500,-2.306459265,-2.953895968,-0.028272343,0.400000000,0.400000000,0.500000000,0.000000000
241.595110150,-170.738581057,-98.196833031,-2.311758541,-2.953318806,0.002888215,0.400000000,0.400000000,0.500000000,0.000000000
241.794985213,-170.934924082,-98.234242352,-2.319396605,-2.947239247,0.030410773,0.400000000,0.400000000,0.500000000,0.000000000
241.994938780,-171.131113074,-98.272859816,-2.333271257,-2.940656215,0.032923734,0.400000000,0.400000000,0.500000000,0.000000000
242.194880323,-171.327031814,-98.312765552,-2.355196411,-2.936437499,0.021100473,0.400000000,0.400000000,0.500000000,0.000000000
242.394807830,-171.522766720,-98.353494596,-2.363853592,-2.942846002,-0.032064327,0.400000000,0.400000000,0.500000000,0.000000000
242.594607511,-171.718633305,-98.392943207,-2.372686664,-2.946698883,-0.019275368,0.400000000,0.400000000,0.500000000,0.000000000
242.794580080,-171.914820044,-98.431670358,-2.383025061,-2.946138252,0.002804402,0.400000000,0.400000000,0.500000000,0.000000000
242.994429627,-172.110864359,-98.470483599,-2.383201187,-2.951533351,-0.026986216,0.400000000,0.400000000,0.500000000,0.000000000
243.194420675,-172.307254175,-98.508265334,-2.399719814,-2.953035632,-0.007511778,0.400000000,0.400000000,0.500000000,0.000000000
243.394409854,-172.503698692,-98.545751644,-2.425872698,-2.948643773,0.021961216,0.400000000,0.400000000,0.500000000,0.000000000
243.594385338,-172.699963240,-98.584097719,-2.431063613,-2.951628852,-0.014927059,0.400000000,0.400000000,0.500000000,0.000000000
243.794365067,-172.896345547,-98.621858561,-2.433461796,-2.952799518,-0.005854357,0.400000000,0.400000000,0.500000000,0.000000000
243.994315126,-173.092742784,-98.659383911,-2.444135091,-2.947226147,0.027873568,0.400000000,0.400000000,0.500000000,0.000000000
244.194268219,-173.288930805,-98.698003853,-2.445661578,-2.937872485,0.046777127,0.400000000,0.400000000,0.500000000,0.000000000
244.394238287,-173.484765634,-98.738460589,-2.452470792,-2.936547525,0.006627141,0.400000000,0.400000000,0.500000000,0.000000000
244.594126879,-173.680466920,-98.779160174,-2.469604977,-2.937415720,-0.004343511,0.400000000,0.400000000,0.500000000,0.000000000
244.794004942,-173.876193155,-98.819687702,-2.482878696,-2.927670872,0.048766727,0.400000000,0.400000000,0.500000000,0.000000000
244.993776824,-174.071411409,-98.862098056,-2.481801494,-2.923614373,0.020298650,0.400000000,0.400000000,0.500000000,0.000000000
245.193686307,-174.266590365,-98.905329719,-2.492558797,-2.929281717,-0.028354134,0.400000000,0.400000000,0.500000000,0.000000000
245.393530665,-174.461947531,-98.947440823,-2.504297312,-2.919706948,0.047907049,0.400000000,0.400000000,0.500000000,0.000000000
245.593407567,-174.656924290,-98.991427631,-2.525456860,-2.909796798,0.049572707,0.400000000,0.400000000,0.500000000,0.000000000
245.793351864,-174.851521160,-99.037359979,-2.528489331,-2.916991520,-0.035987756,0.400000000,0.400000000,0.500000000,0.000000000
245.993249503,-175.046397973,-99.081880687,-2.547346996,-2.926196698,-0.046074220,0.400000000,0.400000000,0.500000000,0.000000000
246.192930881,-175.241465082,-99.124559437,-2.563162586,-2.926099722,0.000485583,0.400000000,0.400000000,0.500000000,0.000000000
246.392673660,-175.436588033,-99.167270233,-2.569752451,-2.934617282,-0.042625009,0.400000000,0.400000000,0.500000000,0.000000000
246.592580497,-175.632228249,-99.208351242,-2.575275591,-2.934314208,0.001516180,0.400000000,0.400000000,0.500000000,0.000000000
246.792459633,-175.827828897,-99.249485842,-2.597676006,-2.934610651,-0.001482720,0.400000000,0.400000000,0.500000000,0.000000000
246.992444582,-176.023545286,-99.290584201,-2.605424188,-2.929600758,0.025062797,0.400000000,0.400000000,0.500000000,0.000000000
247.192246481,-176.218874368,-99.332624043,-2.606166464,-2.935211304,-0.028078165,0.400000000,0.400000000,0.500000000,0.000000000
247.392081768,-176.414468921,-99.373574168,-2.618868118,-2.931151954,0.020308652,0.400000000,0.400000000,0.500000000,0.000000000
247.592011823,-176.609988310,-99.415337737,-2.628545960,-2.931468306,-0.001582293,0.400000000,0.400000000,0.500000000,0.000000000
247.791946890,-176.805525802,-99.457040496,-2.632341844,-2.927720839,0.018744404,0.400000000,0.400000000,0.500000000,0.000000000
247.991860706,-177.000884875,-99.499471220,-2.644317815,-2.919268673,0.042279615,0.400000000,0.400000000,0.500000000,0.000000000
248.191767992,-177.195871974,-99.543550177,-2.652384718,-2.905023325,0.071262670,0.400000000,0.400000000,0.500000000,0.000000000
248.391655643,-177.390192301,-99.590397624,-2.657680982,-2.894082375,0.054736471,0.400000000,0.400000000,0.500000000,0.000000000
248.591534176,-177.583979613,-99.639366040,-2.675727085,-2.888026262,0.030296090,0.400000000,0.400000000,0.500000000,0.000000000
248.791450071,-177.777502982,-99.689516522,-2.684097627,-2.880062833,0.039833086,0.400000000,0.400000000,0.500000000,0.000000000
248.991373072,-177.970627713,-99.741208344,-2.702593818,-2.880152414,-0.000448055,0.400000000,0.400000000,0.500000000,0.000000000
249.191320117,-178.163780302,-99.792889080,-2.709579669,-2.889552253,-0.047017942,0.400000000,0.400000000,0.500000000,0.000000000
249.391212107,-178.357356824,-99.842738227,-2.720115303,-2.906571667,-0.085163271,0.400000000,0.400000000,0.500000000,0.000000000
249.591004343,-178.551656662,-99.889262525,-2.717901988,-2.903027681,0.017737489,0.400000000,0.400000000,0.500000000,0.000000000
249.790815866,-178.745809140,-99.936479683,-2.718419081,-2.894590591,0.042220998,0.400000000,0.400000000,0.500000000,0.000000000
249.990666401,-178.939594166,-99.985342762,-2.730894032,-2.894810270,-0.001099740,0.400000000,0.400000000,0.500000000,0.000000000
250.190326754,-179.133205500,-100.034116811,-2.745387268,-2.892127489,0.013424854,0.400000000,0.400000000,0.500000000,0.000000000
250.390339970,-179.327027227,-100.083497216,-2.759176099,-2.894888583,-0.013815176,0.400000000,0.400000000,0.500000000,0.000000000
250.590045479,-179.520686169,-100.132267130,-2.768549577,-2.908919892,-0.070232826,0.400000000,0.400000000,0.500000000,0.000000000
250.789902250,-179.715157518,-100.178349921,-2.771651283,-2.924624488,-0.078566009,0.400000000,0.400000000,0.500000000,0.000000000
250.989822318,-179.910390380,-100.221386687,-2.775980705,-2.923617266,0.005038538,0.400000000,0.400000000,0.500000000,0.000000000
251.189709552,-180.105547737,-100.264612974,-2.784950516,-2.928278271,-0.023329396,0.400000000,0.400000000,0.500000000,0.000000000
251.389404077,-180.300716112,-100.306888368,-2.793550333,-2.924144517,0.020692063,0.400000000,0.400000000,0.500000000,0.000000000
251.589258964,-180.495864649,-100.350004773,-2.802633214,-2.925498204,-0.006773982,0.400000000,0.400000000,0.500000000,0.000000000
251.789076257,-180.691034653,-100.392848908,-2.812395295,-2.935121038,-0.048156032,0.400000000,0.400000000,0.500000000,0.000000000
251.988909714,-180.886623718,-100.433816314,-2.818454763,-2.945541188,-0.052146461,0.400000000,0.400000000,0.500000000,0.000000000
252.188723818,-181.082610061,-100.472739695,-2.831095711,-2.940331053,0.026066426,0.400000000,0.400000000,0.500000000,0.000000000
252.388667539,-181.278517949,-100.512709569,-2.838936091,-2.937532144,0.014004394,0.400000000,0.400000000,0.500000000,0.000000000
252.588442400,-181.474147842,-100.553193396,-2.848476901,-2.932786294,0.023745616,0.400000000,0.400000000,0.500000000,0.000000000
252.788391476,-181.669753833,-100.594641307,-2.852735770,-2.923522639,0.046348908,0.400000000,0.400000000,0.500000000,0.000000000
252.988176605,-181.864807413,-100.637863970,-2.869179367,-2.911029138,0.062531700,0.400000000,0.400000000,0.500000000,0.000000000
253.187978247,-182.059321858,-100.683523873,-2.870604219,-2.892115432,0.094674804,0.400000000,0.400000000,0.500000000,0.000000000
253.387721637,-182.252881517,-100.732839996,-2.873641666,-2.863450449,0.143600504,0.400000000,0.400000000,0.500000000,0.000000000
253.587196922,-182.444690407,-100.787609871,-2.885583669,-2.845810908,0.088414913,0.400000000,0.400000000,0.500000000,0.000000000
253.786733803,-182.635562313,-100.845772425,-2.897923382,-2.830476803,0.076782471,0.400000000,0.400000000,0.500000000,0.000000000
253.986609815,-182.825842793,-100.906958692,-2.908289464,-2.815068359,0.077094950,0.400000000,0.400000000,0.500000000,0.000000000
254.186456253,-183.015129925,-100.971060019,-2.915111314,-2.828205198,-0.065709568,0.400000000,0.400000000,0.500000000,0.000000000
254.386452482,-183.205385285,-101.032715430,-2.929937640,-2.852693412,-0.122509208,0.400000000,0.400000000,0.500000000,0.000000000
254.586223791,-183.396877683,-101.089629728,-2.934857090,-2.866492902,-0.069144813,0.400000000,0.400000000,0.500000000,0.000000000
254.785596831,-183.588753919,-101.143788006,-2.936287387,-2.880895569,-0.072132462,0.400000000,0.400000000,0.500000000,0.000000000
254.985559735,-183.781960184,-101.195329273,-2.944263942,-2.903171984,-0.111434050,0.400000000,0.400000000,0.500000000,0.000000000
255.185401992,-183.976149338,-101.242525673,-2.961487227,-2.927027845,-0.119335367,0.400000000,0.400000000,0.500000000,0.000000000
255.385362336,-184.171524421,-101.285101676,-2.970538680,-2.931338021,-0.021571274,0.400000000,0.400000000,0.500000000,0.000000000
255.585023511,-184.366788618,-101.326772747,-2.983306174,-2.926276108,0.025348375,0.400000000,0.400000000,0.500000000,0.000000000
255.784749441,-184.561902639,-101.369445525,-2.983400445,-2.926972143,-0.003486828,0.400000000,0.400000000,0.500000000,0.000000000
255.984260104,-184.756835986,-101.411936640,-2.989447240,-2.929199659,-0.011157792,0.400000000,0.400000000,0.500000000,0.000000000
256.184024742,-184.952111768,-101.454046970,-2.999364974,-2.931878319,-0.013407333,0.400000000,0.400000000,0.500000000,0.000000000
256.383841346,-185.147550474,-101.495644891,-2.999241290,-2.957282664,-0.127278955,0.400000000,0.400000000,0.500000000,0.000000000
256.583205613,-185.343538098,-101.532182032,-3.009153578,-2.989327674,-0.160809557,0.400000000,0.400000000,0.500000000,0.000000000
256.782370372,-185.540398533,-101.562390804,-3.015724906,-3.025211247,-0.179860001,0.400000000,0.400000000,0.500000000,0.000000000
256.982200918,-185.738877290,-101.585594899,-3.014775701,-3.053971426,-0.143970526,0.400000000,0.400000000,0.500000000,0.000000000
257.181885309,-185.937795636,-101.603069111,-3.012989292,-3.077379566,-0.117176041,0.400000000,0.400000000,0.500000000,0.000000000
257.381729797,-186.137228254,-101.615892925,-3.030000468,-3.093083715,-0.078608111,0.400000000,0.400000000,0.500000000,0.000000000
257.581436621,-186.336700157,-101.625576693,-3.051577765,-3.101601581,-0.042633055,0.400000000,0.400000000,0.500000000,0.000000000
257.781318337,-186.536422060,-101.633568046,-3.069446774,-3.105576070,-0.019880907,0.400000000,0.400000000,0.500000000,0.000000000
257.981266114,-186.736240165,-101.640767925,-3.074790707,-3.113943087,-0.041864965,0.400000000,0.400000000,0.500000000,0.000000000
258.181031685,-186.935929381,-101.646290653,-3.078616667,-3.106664619,0.036435366,0.400000000,0.400000000,0.500000000,0.000000000
258.380792850,-187.135568708,-101.653266499,-3.074144176,-3.096837731,0.049192200,0.400000000,0.400000000,0.500000000,0.000000000
258.580560437,-187.335136260,-101.662204098,-3.085472586,-3.082347980,0.072531785,0.400000000,0.400000000,0.500000000,0.000000000
258.780331458,-187.534556793,-101.674032545,-3.091138100,-3.057946271,0.122228049,0.400000000,0.400000000,0.500000000,0.000000000
258.979832189,-187.733360006,-101.690700606,-3.094808253,-3.035247201,0.113725475,0.400000000,0.400000000,0.500000000,0.000000000
259.179513483,-187.931913230,-101.711895801,-3.106499831,-3.011338076,0.119650468,0.400000000,0.400000000,0.500000000,0.000000000
259.379472159,-188.130178028,-101.737867747,-3.111143162,-2.969549742,0.209113823,0.400000000,0.400000000,0.500000000,0.000000000
259.579155110,-188.326913076,-101.772052561,-3.121274747,-2.948422496,0.105938479,0.400000000,0.400000000,0.500000000,0.000000000
259.778323518,-188.522377069,-101.810287129,-3.124807340,-2.916038791,0.162654418,0.400000000,0.400000000,0.500000000,0.000000000
259.977328002,-188.716340847,-101.854793732,-3.124939397,-2.894943129,0.105814122,0.400000000,0.400000000,0.500000000,0.000000000
260.177046666,-188.910015206,-101.903556294,-3.129386962,-2.863434093,0.157881644,0.400000000,0.400000000,0.500000000,0.000000000
260.376459047,-189.101762713,-101.958312033,-3.150916912,-2.843442161,0.100312144,0.400000000,0.400000000,0.500000000,0.000000000
260.575634477,-189.292150807,-102.016820373,-3.145479926,-2.825468128,0.090201277,0.400000000,0.400000000,0.500000000,0.000000000
260.774985363,-189.481623335,-102.078795667,-3.147795286,-2.848941786,-0.117560191,0.400000000,0.400000000,0.500000000,0.000000000
260.974972362,-189.673107384,-102.136490196,-3.159415617,-2.864723601,-0.079233435,0.400000000,0.400000000,0.500000000,0.000000000
261.173343751,-189.863923993,-102.190714080,-3.169830983,-2.924969123,-0.303758189,0.400000000,0.400000000,0.500000000,0.000000000
261.371580011,-190.057527220,-102.233321653,-3.181617587,-3.016476917,-0.461676156,0.400000000,0.400000000,0.500000000,0.000000000
261.569620966,-190.254020134,-102.258035097,-3.183006942,-3.117122008,-0.510231881,0.400000000,0.400000000,0.500000000,0.000000000
261.765920779,-190.450261177,-102.262838201,-3.188469414,3.077784325,-0.448282354,0.400000000,0.400000000,0.500000000,0.000000000
261.963347417,-190.647286040,-102.250249284,-3.199294236,2.981550902,-0.486928735,0.400000000,0.400000000,0.500000000,0.000000000
262.161035244,-190.842447541,-102.218745866,-3.212282374,2.895363790,-0.434668962,0.400000000,0.400000000,0.500000000,0.000000000
262.359789060,-191.035206649,-102.170299959,-3.217467457,2.825357221,-0.352682125,0.400000000,0.400000000,0.500000000,0.000000000
262.557949456,-191.223540844,-102.108673884,-3.226677845,2.743186158,-0.413823173,0.400000000,0.400000000,0.500000000,0.000000000
262.756808622,-191.406825433,-102.031526444,-3.236053313,2.653035754,-0.454445293,0.400000000,0.400000000,0.500000000,0.000000000
262.954564320,-191.581445909,-101.938709391,-3.247429984,2.567856989,-0.432933807,0.400000000,0.400000000,0.500000000,0.000000000
263.150185220,-191.745743838,-101.832531582,-3.251344578,2.487062680,-0.409912576,0.400000000,0.400000000,0.500000000,0.000000000
263.348659730,-191.903200447,-101.711702996,-3.257428740,2.399314406,-0.441642345,0.400000000,0.400000000,0.500000000,0.000000000
263.547430304,-192.049680536,-101.577340334,-3.264920118,2.324634303,-0.375582835,0.400000000,0.400000000,0.500000000,0.000000000
263.746243131,-192.185756372,-101.432392389,-3.276303626,2.245507898,-0.398468533,0.400000000,0.400000000,0.500000000,0.000000000
263.944479292,-192.309588974,-101.277592316,-3.282721190,2.165650752,-0.403967445,0.400000000,0.400000000,0.500000000,0.000000000
264.141502350,-192.419998369,-101.114411892,-3.273144576,2.082973118,-0.418386053,0.400000000,0.400000000,0.500000000,0.000000000
264.339588483,-192.517075603,-100.941744214,-3.281057333,2.030545316,-0.264182147,0.400000000,0.400000000,0.500000000,0.000000000
264.538363365,-192.605276625,-100.763609340,-3.281386807,1.981791031,-0.244824072,0.400000000,0.400000000,0.500000000,0.000000000
264.737829193,-192.684967490,-100.580754254,-3.298218781,1.966512919,-0.076586966,0.400000000,0.400000000,0.500000000,0.000000000
264.937333698,-192.761870392,-100.396667342,-3.288179193,1.964918791,-0.007988164,0.400000000,0.400000000,0.500000000,0.000000000
265.136951702,-192.838523322,-100.212353273,-3.303557959,1.991752496,0.134329309,0.400000000,0.400000000,0.500000000,0.000000000
265.336842943,-192.920205547,-100.029912811,-3.300058745,1.996344280,0.022986471,0.400000000,0.400000000,0.500000000,0.000000000
265.536471922,-193.002616367,-99.848088209,-3.296897383,2.007611313,0.056448227,0.400000000,0.400000000,0.500000000,0.000000000
265.736039641,-193.087044620,-99.667259162,-3.314590331,2.011726998,0.020630192,0.400000000,0.400000000,0.500000000,0.000000000
265.935467956,-193.172156897,-99.486905195,-3.334373663,2.029195099,0.087463520,0.400000000,0.400000000,0.500000000,0.000000000
266.135471985,-193.260661231,-99.307549140,-3.319854141,2.030239444,0.005229084,0.400000000,0.400000000,0.500000000,0.000000000
266.334904700,-193.349099478,-99.128797680,-3.347858317,2.019742459,-0.052579075,0.400000000,0.400000000,0.500000000,0.000000000
266.534753885,-193.435837289,-98.948752550,-3.359485443,2.034897524,0.075881927,0.400000000,0.400000000,0.500000000,0.000000000
266.734338951,-193.525175407,-98.770278745,-3.358572215,2.045527429,0.053240690,0.400000000,0.400000000,0.500000000,0.000000000
266.934067046,-193.616470980,-98.592637448,-3.361711684,2.035207099,-0.051662808,0.400000000,0.400000000,0.500000000,0.000000000
267.133863657,-193.705959094,-98.414002169,-3.375143801,2.024945713,-0.051336257,0.400000000,0.400000000,0.500000000,0.000000000
267.333836768,-193.793686915,-98.234299429,-3.382595300,2.032503797,0.037805485,0.400000000,0.400000000,0.500000000,0.000000000
267.533703296,-193.882722944,-98.055360293,-3.375314110,2.020675230,-0.059187707,0.400000000,0.400000000,0.500000000,0.000000000
267.733531185,-193.969619399,-97.875415324,-3.371738431,2.013852426,-0.034139583,0.400000000,0.400000000,0.500000000,0.000000000
267.933402990,-194.055304938,-97.694841997,-3.384936666,2.015932991,0.010409061,0.400000000,0.400000000,0.500000000,0.000000000
268.133291364,-194.141373120,-97.514432379,-3.391001696,2.026888159,0.054811937,0.400000000,0.400000000,0.500000000,0.000000000
268.333137575,-194.229393945,-97.335014313,-3.396977498,2.027219128,0.001657000,0.400000000,0.400000000,0.500000000,0.000000000
268.532770949,-194.317380341,-97.155816439,-3.401072364,2.028302364,0.005421522,0.400000000,0.400000000,0.500000000,0.000000000
268.732743714,-194.405710712,-96.976409493,-3.391350224,2.030584393,0.011416625,0.400000000,0.400000000,0.500000000,0.000000000
268.932543805,-194.494373640,-96.797359328,-3.405122799,2.027820423,-0.013827473,0.400000000,0.400000000,0.500000000,0.000000000
269.132523103,-194.582620421,-96.617903970,-3.417110383,2.017898254,-0.049618206,0.400000000,0.400000000,0.500000000,0.000000000
269.332482828,-194.669073837,-96.437599510,-3.417482482,2.015112841,-0.013933225,0.400000000,0.400000000,0.500000000,0.000000000
269.532346102,-194.754983239,-96.257142028,-3.407952331,2.012448919,-0.013326255,0.400000000,0.400000000,0.500000000,0.000000000
269.732283267,-194.840443194,-96.076389529,-3.422159241,2.007575395,-0.024375634,0.400000000,0.400000000,0.500000000,0.000000000
269.932214180,-194.925018593,-95.895228352,-3.413292040,2.000164228,-0.037063736,0.400000000,0.400000000,0.500000000,0.000000000
270.132197114,-195.008270721,-95.713398054,-3.421014170,2.003165597,0.015008444,0.400000000,0.400000000,0.500000000,0.000000000
270.332171386,-195.092064583,-95.531826311,-3.432393440,2.002232714,-0.004665471,0.400000000,0.400000000,0.500000000,0.000000000
270.532106342,-195.175672583,-95.350212189,-3.429159353,2.003061172,0.004144353,0.400000000,0.400000000,0.500000000,0.000000000
270.731972271,-195.259402097,-95.168730074,-3.445694715,2.001415918,-0.008230687,0.400000000,0.400000000,0.500000000,0.000000000
270.931891531,-195.342855175,-94.987061986,-3.441850161,2.004898019,0.017416192,0.400000000,0.400000000,0.500000000,0.000000000
271.131841429,-195.426953219,-94.805657795,-3.445820964,1.995395275,-0.047525603,0.400000000,0.400000000,0.500000000,0.000000000
271.331790039,-195.509323123,-94.623463817,-3.441777727,1.996726920,0.006661184,0.400000000,0.400000000,0.500000000,0.000000000
271.531663776,-195.591904637,-94.441447872,-3.446833417,1.997210175,0.002417354,0.400000000,0.400000000,0.500000000,0.000000000
271.731611658,-195.674604769,-94.259404350,-3.453110890,1.994508790,-0.013510041,0.400000000,0.400000000,0.500000000,0.000000000
271.931571307,-195.756817668,-94.077127362,-3.473527236,1.989168477,-0.026706388,0.400000000,0.400000000,0.500000000,0.000000000
272.131538958,-195.838059233,-93.894406620,-3.477943445,1.989323053,0.000773076,0.400000000,0.400000000,0.500000000,0.000000000
272.331470108,-195.919314208,-93.711731789,-3.482603553,1.984674747,-0.023246965,0.400000000,0.400000000,0.500000000,0.000000000
272.531445119,-195.999736819,-93.528641078,-3.488270553,1.974661449,-0.050071263,0.400000000,0.400000000,0.500000000,0.000000000
272.731430308,-196.078326086,-93.344744903,-3.498750544,1.980712726,0.030266124,0.400000000,0.400000000,0.500000000,0.000000000
272.931315780,-196.157986974,-93.161419114,-3.506239826,1.981436110,0.003618658,0.400000000,0.400000000,0.500000000,0.000000000
273.131238564,-196.237795350,-92.978116789,-3.519281366,1.982280210,0.004223058,0.400000000,0.400000000,0.500000000,0.000000000
273.331073522,-196.317723296,-92.794962389,-3.515740350,1.978383392,-0.019497140,0.400000000,0.400000000,0.500000000,0.000000000
273.530970644,-196.396961559,-92.611440845,-3.523221485,1.980790557,0.012040471,0.400000000,0.400000000,0.500000000,0.000000000
273.730919085,-196.476661815,-92.428063507,-3.529220958,1.974252554,-0.032695365,0.400000000,0.400000000,0.500000000,0.000000000
273.930904484,-196.555175964,-92.244135020,-3.541898280,1.965660519,-0.042964609,0.400000000,0.400000000,0.500000000,0.000000000
274.130876571,-196.632101793,-92.059551022,-3.552189714,1.963367600,-0.011466444,0.400000000,0.400000000,0.500000000,0.000000000
274.330839816,-196.708600802,-91.874799294,-3.562242996,1.957254787,-0.030569333,0.400000000,0.400000000,0.500000000,0.000000000
274.530807023,-196.783970529,-91.689579726,-3.557775872,1.954154455,-0.015503965,0.400000000,0.400000000,0.500000000,0.000000000
274.730780155,-196.858767869,-91.504121884,-3.563827114,1.951493390,-0.013307934,0.400000000,0.400000000,0.500000000,0.000000000
274.930728616,-196.933062262,-91.318488562,-3.571364912,1.958402190,0.034553194,0.400000000,0.400000000,0.500000000,0.000000000
275.130672931,-197.008635808,-91.133376790,-3.583574963,1.955074474,-0.016641702,0.400000000,0.400000000,0.500000000,0.000000000
275.330653367,-197.083606479,-90.947981069,-3.581962123,1.957829989,0.013780824,0.400000000,0.400000000,0.500000000,0.000000000
275.530578532,-197.159066864,-90.762843818,-3.581275458,1.961119041,0.016450384,0.400000000,0.400000000,0.500000000,0.000000000
275.730528634,-197.235145254,-90.577932699,-3.589251143,1.962972438,0.009268289,0.400000000,0.400000000,0.500000000,0.000000000
275.930522139,-197.311582815,-90.393122793,-3.600177446,1.957851924,-0.025605086,0.400000000,0.400000000,0.500000000,0.000000000
276.130488917,-197.387062968,-90.207948662,-3.610867452,1.970807508,0.064787331,0.400000000,0.400000000,0.500000000,0.000000000
276.330461250,-197.464937922,-90.023762817,-3.609016479,2.004097788,0.166555776,0.400000000,0.400000000,0.500000000,0.000000000
276.530219782,-197.548810425,-89.842465067,-3.598853223,2.050472230,0.232901887,0.400000000,0.400000000,0.500000000,0.000000000
276.728657140,-197.640387615,-89.666422448,-3.618459384,2.097403867,0.236420595,0.400000000,0.400000000,0.500000000,0.000000000
276.927201520,-197.740176695,-89.494777436,-3.636695531,2.137121392,0.199642072,0.400000000,0.400000000,0.500000000,0.000000000
277.126518321,-197.847117031,-89.326578293,-3.652961037,2.164156362,0.135516395,0.400000000,0.400000000,0.500000000,0.000000000
277.326181241,-197.958758526,-89.161044435,-3.655627064,2.164642457,0.002433967,0.400000000,0.400000000,0.500000000,0.000000000
277.525944108,-198.070536399,-88.995482029,-3.661609490,2.142905051,-0.108770217,0.400000000,0.400000000,0.500000000,0.000000000
277.725867456,-198.178776136,-88.827394242,-3.664287205,2.119836069,-0.115408777,0.400000000,0.400000000,0.500000000,0.000000000
277.925713876,-198.283069657,-88.656920040,-3.668133132,2.095725256,-0.120650634,0.400000000,0.400000000,0.500000000,0.000000000
278.125537626,-198.383211630,-88.484000648,-3.674608514,2.071527680,-0.121112472,0.400000000,0.400000000,0.500000000,0.000000000
278.325292629,-198.479107461,-88.308769227,-3.680905021,2.059384257,-0.060779310,0.400000000,0.400000000,0.500000000,0.000000000
278.525125855,-198.572905081,-88.132317182,-3.681410240,2.044479261,-0.074565599,0.400000000,0.400000000,0.500000000,0.000000000
278.725071038,-198.664113435,-87.954387104,-3.686163938,2.031705763,-0.063906915,0.400000000,0.400000000,0.500000000,0.000000000
278.924876377,-198.752979422,-87.775431774,-3.689409005,2.033743465,0.010199122,0.400000000,0.400000000,0.500000000,0.000000000
279.124654927,-198.842197918,-87.596681868,-3.696218293,2.031420345,-0.011622901,0.400000000,0.400000000,0.500000000,0.000000000
279.324625140,-198.931086112,-87.417553493,-3.704424382,2.018116371,-0.066568460,0.400000000,0.400000000,0.500000000,0.000000000
279.524359990,-199.017481585,-87.237470643,-3.706934860,2.020816673,0.013518771,0.400000000,0.400000000,0.500000000,0.000000000
279.724114193,-199.104371438,-87.057604318,-3.711596462,2.015015103,-0.029031320,0.400000000,0.400000000,0.500000000,0.000000000
279.924036062,-199.190288383,-86.877085531,-3.713978351,2.007967154,-0.035260440,0.400000000,0.400000000,0.500000000,0.000000000
280.123878555,-199.274897311,-86.696037605,-3.733465526,2.002209206,-0.028805983,0.400000000,0.400000000,0.500000000,0.000000000
280.323810017,-199.358499580,-86.514424693,-3.734098315,2.011714955,0.047536860,0.400000000,0.400000000,0.500000000,0.000000000
280.523808799,-199.443853143,-86.333553794,-3.742811981,2.008866900,-0.014245351,0.400000000,0.400000000,0.500000000,0.000000000
280.723667454,-199.528631790,-86.152567432,-3.744779000,2.007240084,-0.008141123,0.400000000,0.400000000,0.500000000,0.000000000
280.923462675,-199.613089078,-85.971500879,-3.753124417,2.012245521,0.025050054,0.400000000,0.400000000,0.500000000,0.000000000
281.123301830,-199.698470393,-85.790819615,-3.751212855,2.015739465,0.017478125,0.400000000,0.400000000,0.500000000,0.000000000
281.323270184,-199.784538083,-85.610321153,-3.755960902,2.012119677,-0.018102944,0.400000000,0.400000000,0.500000000,0.000000000
281.523213188,-199.869941017,-85.429535247,-3.767926541,2.012664923,0.002726910,0.400000000,0.400000000,0.500000000,0.000000000
281.723170463,-199.955448614,-85.248783033,-3.773318866,2.013686437,0.005108969,0.400000000,0.400000000,0.500000000,0.000000000
281.923103860,-200.041130574,-85.068139835,-3.775039460,2.011314324,-0.011869628,0.400000000,0.400000000,0.500000000,0.000000000
282.122865043,-200.126310354,-84.887449671,-3.784204332,2.005676672,-0.028209139,0.400000000,0.400000000,0.500000000,0.000000000
282.322807247,-200.210546382,-84.706117996,-3.782015244,2.008406963,0.013656076,0.400000000,0.400000000,0.500000000,0.000000000
282.522729538,-200.295268745,-84.525035021,-3.788660956,2.006963950,-0.007221702,0.400000000,0.400000000,0.500000000,0.000000000
282.722439451,-200.379639991,-84.344022474,-3.780782520,2.012034009,0.025379675,0.400000000,0.400000000,0.500000000,0.000000000
282.922266045,-200.464977723,-84.163334514,-3.787921556,2.008638699,-0.016995169,0.400000000,0.400000000,0.500000000,0.000000000
283.122001006,-200.549662622,-83.982440836,-3.801922431,2.021222937,0.063020094,0.400000000,0.400000000,0.500000000,0.000000000
283.321635658,-200.636573495,-83.802717452,-3.808485395,2.011892094,-0.046724847,0.400000000,0.400000000,0.500000000,0.000000000
283.521394901,-200.721856829,-83.622078288,-3.805487129,2.006795644,-0.025506861,0.400000000,0.400000000,0.500000000,0.000000000
283.721249295,-200.806258626,-83.440920579,-3.824914292,2.001520929,-0.026392568,0.400000000,0.400000000,0.500000000,0.000000000
283.921106581,-200.889704905,-83.259317568,-3.827601256,2.006018243,0.022493556,0.400000000,0.400000000,0.500000000,0.000000000
284.121124708,-200.974034876,-83.077945830,-3.822835247,1.994516058,-0.057522633,0.400000000,0.400000000,0.500000000,0.000000000
284.321022945,-201.056223849,-82.895725421,-3.825660306,1.995105518,0.002948488,0.400000000,0.400000000,0.500000000,0.000000000
284.520963209,-201.138537523,-82.713515190,-3.836689577,2.001050742,0.029746749,0.400000000,0.400000000,0.500000000,0.000000000
284.720744970,-201.221866903,-82.531941606,-3.837216966,1.997973565,-0.015397242,0.400000000,0.400000000,0.500000000,0.000000000
284.920667944,-201.304695661,-82.349983940,-3.843760580,1.992142818,-0.029163482,0.400000000,0.400000000,0.500000000,0.000000000
285.120610776,-201.386470190,-82.167528295,-3.849161366,1.995687297,0.017726522,0.400000000,0.400000000,0.500000000,0.000000000
285.320574606,-201.468899570,-81.985344511,-3.852323090,1.989319848,-0.031841585,0.400000000,0.400000000,0.500000000,0.000000000
285.520555524,-201.550174185,-81.802623948,-3.857672678,1.976463353,-0.064319355,0.400000000,0.400000000,0.500000000,0.000000000
285.720342507,-201.629016470,-81.619051802,-3.859132006,1.978058171,0.007980072,0.400000000,0.400000000,0.500000000,0.000000000
285.920255669,-201.708201397,-81.435489769,-3.866906492,1.975212569,-0.014232247,0.400000000,0.400000000,0.500000000,0.000000000
286.120223383,-201.786885125,-81.251653001,-3.865478275,1.973618840,-0.007970480,0.400000000,0.400000000,0.500000000,0.000000000
286.320163600,-201.865264988,-81.067716361,-3.872119825,1.977817718,0.020999607,0.400000000,0.400000000,0.500000000,0.000000000
286.520123766,-201.944424382,-80.884092130,-3.871926852,1.985928299,0.040559575,0.400000000,0.400000000,0.500000000,0.000000000
286.720096735,-202.025075620,-80.701104244,-3.874007287,1.988962392,0.015172120,0.400000000,0.400000000,0.500000000,0.000000000
286.920079993,-202.106285866,-80.518352502,-3.884163734,1.991210116,0.011239739,0.400000000,0.400000000,0.500000000,0.000000000
287.120056812,-202.187904054,-80.335789638,-3.887371652,1.996455146,0.026227191,0.400000000,0.400000000,0.500000000,0.000000000
287.320048361,-202.270484745,-80.153643956,-3.895347169,2.000744746,0.021489234,0.400000000,0.400000000,0.500000000,0.000000000
287.519288946,-202.353532985,-79.972536805,-3.900954059,2.001757141,0.005071830,0.400000000,0.400000000,0.500000000,0.000000000
287.719271141,-202.437074339,-79.790840022,-3.905594766,1.997023880,-0.023671151,0.400000000,0.400000000,0.500000000,0.000000000
287.919206663,-202.519735445,-79.608792352,-3.909331271,1.993938851,-0.015432382,0.400000000,0.400000000,0.500000000,0.000000000
288.119083438,-202.601810413,-79.426544101,-3.911855157,1.981778876,-0.060846655,0.400000000,0.400000000,0.500000000,0.000000000
288.318896653,-202.681637841,-79.243369587,-3.910924423,1.974044634,-0.038694639,0.400000000,0.400000000,0.500000000,0.000000000
288.518840254,-202.760097344,-79.059463225,-3.917402706,1.973676476,-0.001841458,0.400000000,0.400000000,0.500000000,0.000000000
288.718751968,-202.838476633,-78.875557324,-3.919680213,1.964401858,-0.046393355,0.400000000,0.400000000,0.500000000,0.000000000
288.918664076,-202.915147070,-78.690932041,-3.918730462,1.958710490,-0.028471366,0.400000000,0.400000000,0.500000000,0.000000000
289.118547340,-202.990754589,-78.505900092,-3.915937642,1.955417686,-0.016476715,0.400000000,0.400000000,0.500000000,0.000000000
289.318355752,-203.065724341,-78.320689569,-3.921593678,1.945710092,-0.048561980,0.400000000,0.400000000,0.500000000,0.000000000
289.518347995,-203.138959958,-78.134588946,-3.928256957,1.936787406,-0.044623903,0.400000000,0.400000000,0.500000000,0.000000000
289.718260559,-203.210503649,-77.947916684,-3.929972004,1.939749710,0.014818559,0.400000000,0.400000000,0.500000000,0.000000000
289.918157890,-203.282594511,-77.761471382,-3.936554226,1.936560057,-0.015956576,0.400000000,0.400000000,0.500000000,0.000000000
290.118052160,-203.354089217,-77.574799943,-3.934759493,1.931494775,-0.025338213,0.400000000,0.400000000,0.500000000,0.000000000
290.317971103,-203.424646175,-77.387745674,-3.934670138,1.934885138,0.016958489,0.400000000,0.400000000,0.500000000,0.000000000
290.517894541,-203.495838507,-77.200927493,-3.937191446,1.928512220,-0.031872466,0.400000000,0.400000000,0.500000000,0.000000000
290.717871604,-203.565857602,-77.013609175,-3.937791247,1.922608529,-0.029526517,0.400000000,0.400000000,0.500000000,0.000000000
290.917784696,-203.634747569,-76.825940806,-3.951569523,1.926025798,0.017099335,0.400000000,0.400000000,0.500000000,0.000000000
291.117567505,-203.704233132,-76.638631097,-3.953604794,1.921260188,-0.023847192,0.400000000,0.400000000,0.500000000,0.000000000
291.317463251,-203.772864040,-76.450886302,-3.950193592,1.922489308,0.006148669,0.400000000,0.400000000,0.500000000,0.000000000
291.517367793,-203.841728687,-76.263217748,-3.950075355,1.916566079,-0.029649844,0.400000000,0.400000000,0.500000000,0.000000000
291.717008013,-203.909390945,-76.075393265,-3.955941614,1.912119123,-0.022259670,0.400000000,0.400000000,0.500000000,0.000000000
291.916920141,-203.976308305,-75.887013527,-3.969273215,1.905184235,-0.034697638,0.400000000,0.400000000,0.500000000,0.000000000
292.116739797,-204.041887327,-75.698261609,-3.963173076,1.902633984,-0.012762575,0.400000000,0.400000000,0.500000000,0.000000000
292.316565255,-204.106986661,-75.509337575,-3.966177939,1.889430852,-0.066052612,0.400000000,0.400000000,0.500000000,0.000000000
292.516513106,-204.169624346,-75.319454285,-3.963203386,1.882524859,-0.034542629,0.400000000,0.400000000,0.500000000,0.000000000
292.716417850,-204.230935994,-75.129183982,-3.973054385,1.869136078,-0.066997913,0.400000000,0.400000000,0.500000000,0.000000000
292.916187656,-204.289655073,-74.938238845,-3.962021066,1.847659330,-0.107490394,0.400000000,0.400000000,0.500000000,0.000000000
293.116013294,-204.344275306,-74.746023041,-3.973320837,1.838486090,-0.045906030,0.400000000,0.400000000,0.500000000,0.000000000
293.315839184,-204.397130091,-74.553314042,-3.980230000,1.832440890,-0.030240768,0.400000000,0.400000000,0.500000000,0.000000000
293.515817327,-204.448858336,-74.360141978,-3.983313102,1.818305323,-0.070692208,0.400000000,0.400000000,0.500000000,0.000000000
293.715754548,-204.497840882,-74.166297704,-3.982678596,1.798434340,-0.099466067,0.400000000,0.400000000,0.500000000,0.000000000
293.915363760,-204.542888110,-73.971837979,-3.994093257,1.791986277,-0.032308717,0.400000000,0.400000000,0.500000000,0.000000000
294.114906951,-204.586666038,-73.777156243,-3.993446915,1.768104134,-0.119567338,0.400000000,0.400000000,0.500000000,0.000000000
294.314830300,-204.625857030,-73.581111831,-3.972135723,1.742903955,-0.126085436,0.400000000,0.400000000,0.500000000,0.000000000
294.514628184,-204.660074259,-73.384265760,-3.973393106,1.728144205,-0.073877439,0.400000000,0.400000000,0.500000000,0.000000000
294.714400624,-204.691378481,-73.186961240,-3.981499762,1.720953482,-0.035982443,0.400000000,0.400000000,0.500000000,0.000000000
294.914306845,-204.721283156,-72.989304448,-3.982757008,1.690576436,-0.151984563,0.400000000,0.400000000,0.500000000,0.000000000
295.114123830,-204.745160066,-72.790919165,-3.985401579,1.655232306,-0.176974828,0.400000000,0.400000000,0.500000000,0.000000000
295.313711553,-204.761992433,-72.592042493,-3.989520516,1.606392562,-0.245154295,0.400000000,0.400000000,0.500000000,0.000000000
295.512525088,-204.769067952,-72.393354901,-3.993012473,1.561270090,-0.226921082,0.400000000,0.400000000,0.500000000,0.000000000
295.711370903,-204.767173729,-72.194518109,-3.999109129,1.508938784,-0.262766487,0.400000000,0.400000000,0.500000000,0.000000000
295.910789989,-204.754846019,-71.995480425,-3.989296898,1.468977587,-0.200212451,0.400000000,0.400000000,0.500000000,0.000000000
296.110532273,-204.734543633,-71.796772618,-3.991198619,1.434387545,-0.173265182,0.400000000,0.400000000,0.500000000,0.000000000
296.310042937,-204.707412948,-71.599115260,-3.991120997,1.405303112,-0.145701539,0.400000000,0.400000000,0.500000000,0.000000000
296.509751229,-204.674513238,-71.402135538,-3.989622959,1.372058624,-0.166576661,0.400000000,0.400000000,0.500000000,0.000000000
296.709173965,-204.635140801,-71.206638123,-3.991196189,1.342743662,-0.146869059,0.400000000,0.400000000,0.500000000,0.000000000
296.908935549,-204.589978495,-71.012048667,-3.976291833,1.320843356,-0.109608989,0.400000000,0.400000000,0.500000000,0.000000000
297.108773822,-204.540546821,-70.818420557,-3.979330212,1.290058032,-0.154041498,0.400000000,0.400000000,0.500000000,0.000000000
297.308621456,-204.485176013,-70.626396729,-3.978007380,1.269407848,-0.103463524,0.400000000,0.400000000,0.500000000,0.000000000
297.507944783,-204.426007604,-70.436057853,-3.971444829,1.269271900,-0.000681459,0.400000000,0.400000000,0.500000000,0.000000000
297.707611485,-204.366711345,-70.245399138,-3.968518735,1.261101063,-0.040941062,0.400000000,0.400000000,0.500000000,0.000000000
297.907094886,-204.305915106,-70.055405863,-3.959310743,1.248611913,-0.062555970,0.400000000,0.400000000,0.500000000,0.000000000
298.106904126,-204.242647642,-69.865877605,-3.951114089,1.245675590,-0.014696127,0.400000000,0.400000000,0.500000000,0.000000000
298.306699689,-204.178828304,-69.676548899,-3.936317478,1.234809547,-0.054401339,0.400000000,0.400000000,0.500000000,0.000000000
298.506379201,-204.112993782,-69.488034382,-3.930821064,1.193934475,-0.204706174,0.400000000,0.400000000,0.500000000,0.000000000
298.706025476,-204.039523082,-69.302398471,-3.912227088,1.178721972,-0.076186619,0.400000000,0.400000000,0.500000000,0.000000000
298.905723769,-203.963217129,-69.117853599,-3.900838700,1.158320041,-0.102127695,0.400000000,0.400000000,0.500000000,0.000000000
299.105556228,-203.883108462,-68.934780900,-3.895430901,1.133545282,-0.124159285,0.400000000,0.400000000,0.500000000,0.000000000
299.304793808,-203.798741161,-68.754287764,-3.883008152,1.131423298,-0.010641196,0.400000000,0.400000000,0.500000000,0.000000000
299.504380526,-203.713842534,-68.573658085,-3.875338542,1.129330478,-0.010484929,0.400000000,0.400000000,0.500000000,0.000000000
299.703998993,-203.628552503,-68.393177773,-3.869564156,1.116308054,-0.065225015,0.400000000,0.400000000,0.500000000,0.000000000
299.903685377,-203.540889663,-68.213762393,-3.870335645,1.099844897,-0.082429454,0.400000000,0.400000000,0.500000000,0.000000000
300.103442886,-203.450252821,-68.035751088,-3.860222998,1.094547591,-0.026513922,0.400000000,0.400000000,0.500000000,0.000000000
300.303271681,-203.358641592,-67.858159054,-3.852726574,1.073548445,-0.105115306,0.400000000,0.400000000,0.500000000,0.000000000
300.502980501,-203.263378785,-67.682635237,-3.848229651,1.048006414,-0.127875023,0.400000000,0.400000000,0.500000000,0.000000000
300.702745112,-203.163636447,-67.509553275,-3.842750721,1.020630467,-0.137113336,0.400000000,0.400000000,0.500000000,0.000000000
300.902286544,-203.059310475,-67.339456612,-3.834537771,1.002673886,-0.090042835,0.400000000,0.400000000,0.500000000,0.000000000
301.101585075,-202.952077824,-67.171465352,-3.830743835,0.986369527,-0.081695890,0.400000000,0.400000000,0.500000000,0.000000000
301.301429702,-202.841819265,-67.004789244,-3.819531181,0.961443500,-0.124704504,0.400000000,0.400000000,0.500000000,0.000000000
301.501336185,-202.727405412,-66.840862212,-3.815794012,0.958396220,-0.015251697,0.400000000,0.400000000,0.500000000,0.000000000
301.701028420,-202.612615715,-66.677459904,-3.810053683,0.959425678,0.005152989,0.400000000,0.400000000,0.500000000,0.000000000
301.900893853,-202.497894881,-66.513797686,-3.800234941,0.955379826,-0.020257502,0.400000000,0.400000000,0.500000000,0.000000000
302.100470435,-202.382679588,-66.350836806,-3.795451554,0.948786557,-0.033003948,0.400000000,0.400000000,0.500000000,0.000000000
302.300437418,-202.266164887,-66.188321826,-3.781085985,0.931379069,-0.087113825,0.400000000,0.400000000,0.500000000,0.000000000
302.500114642,-202.147011911,-66.028092109,-3.779131806,0.907870968,-0.117889603,0.400000000,0.400000000,0.500000000,0.000000000
302.699243744,-202.024462837,-65.871139493,-3.773615096,0.880954738,-0.135007879,0.400000000,0.400000000,0.500000000,0.000000000
302.898838304,-201.897437865,-65.717182860,-3.764971128,0.845351363,-0.178268707,0.400000000,0.400000000,0.500000000,0.000000000
303.098657579,-201.764864084,-65.567677224,-3.751138062,0.819499800,-0.129406765,0.400000000,0.400000000,0.500000000,0.000000000
303.298366783,-201.628545209,-65.421728841,-3.743514365,0.812229321,-0.036391389,0.400000000,0.400000000,0.500000000,0.000000000
303.498228041,-201.491064237,-65.276665046,-3.733756898,0.800174507,-0.060298778,0.400000000,0.400000000,0.500000000,0.000000000
303.698200457,-201.351767149,-65.133189305,-3.722344661,0.783816434,-0.081852930,0.400000000,0.400000000,0.500000000,0.000000000
303.897917847,-201.210322430,-64.992191335,-3.704274400,0.775300821,-0.042625930,0.400000000,0.400000000,0.500000000,0.000000000
304.097750100,-201.067600134,-64.852322555,-3.692835085,0.743683848,-0.158209871,0.400000000,0.400000000,0.500000000,0.000000000
304.297585146,-200.920525621,-64.717033481,-3.687994230,0.709456563,-0.171490230,0.400000000,0.400000000,0.500000000,0.000000000
304.496905366,-200.769298183,-64.587191995,-3.684087413,0.669148420,-0.202245694,0.400000000,0.400000000,0.500000000,0.000000000
304.696163866,-200.613009738,-64.463588306,-3.669142894,0.624924815,-0.221736817,0.400000000,0.400000000,0.500000000,0.000000000
304.895756590,-200.451138620,-64.346819317,-3.666408226,0.579944918,-0.225462008,0.400000000,0.400000000,0.500000000,0.000000000
305.095132240,-200.284362318,-64.237565875,-3.652601571,0.535132008,-0.224573533,0.400000000,0.400000000,0.500000000,0.000000000
305.294816629,-200.112593543,-64.135735902,-3.638587606,0.483663147,-0.258016793,0.400000000,0.400000000,0.500000000,0.000000000
305.494045649,-199.936216607,-64.043089375,-3.632833198,0.416452573,-0.337417040,0.400000000,0.400000000,0.500000000,0.000000000
305.693124461,-199.754153122,-63.962558257,-3.630090026,0.370839891,-0.229492356,0.400000000,0.400000000,0.500000000,0.000000000
305.891520570,-199.569243326,-63.890659833,-3.615977316,0.326680453,-0.222021321,0.400000000,0.400000000,0.500000000,0.000000000
306.090886704,-199.380421107,-63.826683078,-3.597887278,0.314857432,-0.059223935,0.400000000,0.400000000,0.500000000,0.000000000
306.290783228,-199.190351389,-63.764778939,-3.590051303,0.307468165,-0.037024255,0.400000000,0.400000000,0.500000000,0.000000000
306.490043955,-199.000435417,-63.704473376,-3.570343170,0.335256212,0.139325802,0.400000000,0.400000000,0.500000000,0.000000000
306.689663451,-198.811929528,-63.638796340,-3.548948796,0.346107761,0.054324437,0.400000000,0.400000000,0.500000000,0.000000000
306.889550922,-198.623895338,-63.570986723,-3.537790801,0.373287054,0.136039535,0.400000000,0.400000000,0.500000000,0.000000000
307.089230478,-198.437966982,-63.498167965,-3.525564187,0.382423428,0.045740358,0.400000000,0.400000000,0.500000000,0.000000000
307.289038056,-198.252592901,-63.423605785,-3.505417751,0.406465091,0.120335828,0.400000000,0.400000000,0.500000000,0.000000000
307.488797002,-198.069109488,-63.344628108,-3.491641573,0.406900771,0.002180354,0.400000000,0.400000000,0.500000000,0.000000000
307.688678861,-197.885547623,-63.265521854,-3.477452763,0.398686178,-0.041111359,0.400000000,0.400000000,0.500000000,0.000000000
307.888422276,-197.701469720,-63.187979883,-3.475924839,0.392874340,-0.029134526,0.400000000,0.400000000,0.500000000,0.000000000
308.087644014,-197.517426198,-63.111708769,-3.468470169,0.370842822,-0.110398497,0.400000000,0.400000000,0.500000000,0.000000000
308.287541348,-197.331117438,-63.039265757,-3.455328064,0.326002746,-0.224380873,0.400000000,0.400000000,0.500000000,0.000000000
308.487288765,-197.141890705,-62.975294873,-3.448882820,0.319689636,-0.031661157,0.400000000,0.400000000,0.500000000,0.000000000
308.686332822,-196.952931612,-62.912740912,-3.427747714,0.301351026,-0.091963945,0.400000000,0.400000000,0.500000000,0.000000000
308.886104898,-196.762161992,-62.853446438,-3.406673861,0.269293104,-0.160617951,0.400000000,0.400000000,0.500000000,0.000000000
309.085498040,-196.569955137,-62.800397876,-3.397123310,0.252842638,-0.082538811,0.400000000,0.400000000,0.500000000,0.000000000
309.284712054,-196.377075087,-62.750563051,-3.379262703,0.263693928,0.054359366,0.400000000,0.400000000,0.500000000,0.000000000
309.484738797,-196.183962519,-62.698426368,-3.363289638,0.242815455,-0.104458319,0.400000000,0.400000000,0.500000000,0.000000000
309.684452251,-195.990107682,-62.650407976,-3.341907121,0.246643444,0.019167310,0.400000000,0.400000000,0.500000000,0.000000000
309.884167528,-195.796436311,-62.601647419,-3.331007350,0.250922293,0.021414127,0.400000000,0.400000000,0.500000000,0.000000000
310.084080570,-195.602783780,-62.552009515,-3.321412779,0.250983259,0.000304950,0.400000000,0.400000000,0.500000000,0.000000000
310.284006085,-195.409122193,-62.502356708,-3.302470156,0.238770616,-0.061091873,0.400000000,0.400000000,0.500000000,0.000000000
310.483890418,-195.214908685,-62.455082404,-3.291421673,0.237765959,-0.005025984,0.400000000,0.400000000,0.500000000,0.000000000
310.683791390,-195.020631609,-62.407999323,-3.268603403,0.231877084,-0.029462259,0.400000000,0.400000000,0.500000000,0.000000000
310.883647078,-194.826124710,-62.362071532,-3.252588658,0.223078340,-0.044021643,0.400000000,0.400000000,0.500000000,0.000000000
311.083536362,-194.631188473,-62.317849480,-3.235013034,0.232935730,0.049302786,0.400000000,0.400000000,0.500000000,0.000000000
311.283516988,-194.436608741,-62.271686960,-3.221040923,0.235618561,0.013432813,0.400000000,0.400000000,0.500000000,0.000000000
311.482980638,-194.242656246,-62.225123268,-3.208566332,0.227869879,-0.038807285,0.400000000,0.400000000,0.500000000,0.000000000
311.682857613,-194.047946129,-62.179970464,-3.188707484,0.225608759,-0.011315795,0.400000000,0.400000000,0.500000000,0.000000000
311.882620062,-193.853246039,-62.135283657,-3.175470329,0.239115426,0.067585375,0.400000000,0.400000000,0.500000000,0.000000000
312.082546561,-193.659007877,-62.087932403,-3.158466993,0.243012229,0.019511221,0.400000000,0.400000000,0.500000000,0.000000000
312.282062127,-193.465354566,-62.039923483,-3.148427161,0.232663679,-0.051852210,0.400000000,0.400000000,0.500000000,0.000000000
312.481700408,-193.271095402,-61.993892836,-3.136117177,0.237394120,0.023695609,0.400000000,0.400000000,0.500000000,0.000000000
312.681329075,-193.077065500,-61.946946036,-3.126652861,0.240590969,0.016008580,0.400000000,0.400000000,0.500000000,0.000000000
312.881092141,-192.883056144,-61.899347169,-3.103254218,0.226190408,-0.072078639,0.400000000,0.400000000,0.500000000,0.000000000
313.080904769,-192.688333177,-61.854535869,-3.085996431,0.218304316,-0.039464646,0.400000000,0.400000000,0.500000000,0.000000000
313.280744619,-192.493236307,-61.811255654,-3.070888893,0.227267596,0.044843060,0.400000000,0.400000000,0.500000000,0.000000000
313.480665649,-192.298456109,-61.766210202,-3.059464429,0.251239264,0.119949167,0.400000000,0.400000000,0.500000000,0.000000000
313.680432168,-192.104961245,-61.716547345,-3.047509216,0.278935727,0.138777193,0.400000000,0.400000000,0.500000000,0.000000000
313.879802952,-191.913296339,-61.661654055,-3.036416083,0.313898720,0.175542114,0.400000000,0.400000000,0.500000000,0.000000000
314.078754963,-191.724065720,-61.600223804,-3.024395364,0.342835459,0.145258457,0.400000000,0.400000000,0.500000000,0.000000000
314.278206312,-191.536221385,-61.533176460,-3.020539310,0.368650561,0.129372640,0.400000000,0.400000000,0.500000000,0.000000000
314.477825203,-191.350013994,-61.461242398,-3.000779057,0.381821282,0.065995633,0.400000000,0.400000000,0.500000000,0.000000000
314.677342613,-191.164864323,-61.386899974,-2.987635364,0.395138006,0.066699957,0.400000000,0.400000000,0.500000000,0.000000000
314.877124582,-190.980476863,-61.309996789,-2.968732104,0.398403106,0.016344077,0.400000000,0.400000000,0.500000000,0.000000000
315.076887695,-190.796358861,-61.232499286,-2.960637794,0.399486862,0.005424726,0.400000000,0.400000000,0.500000000,0.000000000
315.276686391,-190.612292176,-61.154788451,-2.955059857,0.405104065,0.028108082,0.400000000,0.400000000,0.500000000,0.000000000
315.476573109,-190.428584011,-61.076010216,-2.943758813,0.407948629,0.014229539,0.400000000,0.400000000,0.500000000,0.000000000
315.676497361,-190.245066225,-60.996694840,-2.927709955,0.395867350,-0.060428833,0.400000000,0.400000000,0.500000000,0.000000000
315.876422137,-190.060603141,-60.919602126,-2.920255288,0.399420798,0.017776247,0.400000000,0.400000000,0.500000000,0.000000000
316.076294468,-189.876463483,-60.841874816,-2.907588076,0.398516661,-0.004523581,0.400000000,0.400000000,0.500000000,0.000000000
316.276166239,-189.692254138,-60.764314241,-2.887802629,0.398585493,0.000344389,0.400000000,0.400000000,0.500000000,0.000000000
316.476029256,-189.508058203,-60.686744385,-2.881820147,0.389832465,-0.043785765,0.400000000,0.400000000,0.500000000,0.000000000
316.675976540,-189.323112414,-60.610757728,-2.872294267,0.393008819,0.015884158,0.400000000,0.400000000,0.500000000,0.000000000
316.875969033,-189.138367158,-60.534166688,-2.857855267,0.386192057,-0.034089457,0.400000000,0.400000000,0.500000000,0.000000000
317.075909516,-188.953152275,-60.458856373,-2.852867928,0.382561245,-0.018157237,0.400000000,0.400000000,0.500000000,0.000000000
317.275898847,-188.767619858,-60.384200798,-2.847825761,0.377957953,-0.023021514,0.400000000,0.400000000,0.500000000,0.000000000
317.475821389,-188.581807822,-60.310424718,-2.841470732,0.370989629,-0.034864747,0.400000000,0.400000000,0.500000000,0.000000000
317.675632659,-188.395589907,-60.237985557,-2.833652013,0.366058744,-0.024671443,0.400000000,0.400000000,0.500000000,0.000000000
317.875545096,-188.208922605,-60.166429281,-2.820486349,0.356269862,-0.048964303,0.400000000,0.400000000,0.500000000,0.000000000
318.075468556,-188.021553470,-60.096699823,-2.813473716,0.351484491,-0.023936542,0.400000000,0.400000000,0.500000000,0.000000000
318.275382786,-187.833861467,-60.027870969,-2.810530411,0.346716036,-0.023849531,0.400000000,0.400000000,0.500000000,0.000000000
318.475346507,-187.645796845,-59.959921078,-2.802353517,0.348048256,0.006663274,0.400000000,0.400000000,0.500000000,0.000000000
318.675252158,-187.457877503,-59.891740509,-2.798960890,0.339976813,-0.040376795,0.400000000,0.400000000,0.500000000,0.000000000
318.875151435,-187.269419980,-59.825081050,-2.791283012,0.340843962,0.004337649,0.400000000,0.400000000,0.500000000,0.000000000
319.075076482,-187.080996046,-59.758249581,-2.784633535,0.328090547,-0.063792478,0.400000000,0.400000000,0.500000000,0.000000000
319.274989433,-186.891746579,-59.693830428,-2.777328801,0.325544002,-0.012739551,0.400000000,0.400000000,0.500000000,0.000000000
319.474862082,-186.702371864,-59.629906305,-2.770414971,0.321909220,-0.018183560,0.400000000,0.400000000,0.500000000,0.000000000
319.674776871,-186.512726076,-59.566657607,-2.767690491,0.324308107,0.012000546,0.400000000,0.400000000,0.500000000,0.000000000
319.874658198,-186.323264278,-59.502964816,-2.761339970,0.323684294,-0.003120350,0.400000000,0.400000000,0.500000000,0.000000000
320.074612119,-186.133693959,-59.439367135,-2.754129882,0.326921637,0.016190048,0.400000000,0.400000000,0.500000000,0.000000000
320.274575738,-185.944321337,-59.375152971,-2.741682304,0.329485293,0.012822401,0.400000000,0.400000000,0.500000000,0.000000000
320.474483373,-185.755166932,-59.310471646,-2.733478259,0.328000550,-0.007426218,0.400000000,0.400000000,0.500000000,0.000000000
320.674440841,-185.565869525,-59.246055184,-2.723922254,0.327781423,-0.001095969,0.400000000,0.400000000,0.500000000,0.000000000
320.874361794,-185.376592578,-59.181691960,-2.722238815,0.320288663,-0.037474650,0.400000000,0.400000000,0.500000000,0.000000000
321.074324066,-185.186799472,-59.118735727,-2.715383556,0.329383933,0.045493272,0.400000000,0.400000000,0.500000000,0.000000000
321.274211613,-184.997657520,-59.054080073,-2.707056825,0.337217516,0.039191272,0.400000000,0.400000000,0.500000000,0.000000000
321.474084658,-184.809041538,-58.987949557,-2.702389067,0.348698734,0.057466133,0.400000000,0.400000000,0.500000000,0.000000000
321.673791492,-184.621353437,-58.919714696,-2.694726527,0.355227608,0.032675271,0.400000000,0.400000000,0.500000000,0.000000000
321.873705660,-184.433920440,-58.850183794,-2.687638720,0.367562292,0.061691403,0.400000000,0.400000000,0.500000000,0.000000000
322.073672344,-184.247310313,-58.778327442,-2.678385344,0.374053010,0.032463678,0.400000000,0.400000000,0.500000000,0.000000000
322.273580666,-184.061224840,-58.705282704,-2.674858275,0.371597595,-0.012284964,0.400000000,0.400000000,0.500000000,0.000000000
322.473415374,-183.875029163,-58.632721832,-2.664347960,0.371021065,-0.002886258,0.400000000,0.400000000,0.500000000,0.000000000
322.673080550,-183.688949678,-58.560329786,-2.658026520,0.369482575,-0.007700119,0.400000000,0.400000000,0.500000000,0.000000000
322.873016986,-183.502506087,-58.488126146,-2.654425743,0.366010512,-0.017367185,0.400000000,0.400000000,0.500000000,0.000000000
323.072922080,-183.315842191,-58.416581501,-2.651110797,0.353047525,-0.064842696,0.400000000,0.400000000,0.500000000,0.000000000
323.272842932,-183.128251784,-58.347457073,-2.648648649,0.344276800,-0.043869437,0.400000000,0.400000000,0.500000000,0.000000000
323.472776662,-182.940050207,-58.279976239,-2.639587883,0.337761098,-0.032585384,0.400000000,0.400000000,0.500000000,0.000000000
323.672757805,-182.751368209,-58.213707384,-2.632099045,0.335886819,-0.009373770,0.400000000,0.400000000,0.500000000,0.000000000
323.872675392,-182.562622341,-58.147813235,-2.627199889,0.340964654,0.025396946,0.400000000,0.400000000,0.500000000,0.000000000
324.072635009,-182.374173894,-58.080947465,-2.622553265,0.350523050,0.047802435,0.400000000,0.400000000,0.500000000,0.000000000
324.272586377,-182.186380922,-58.012286345,-2.619290032,0.357315647,0.033972959,0.400000000,0.400000000,0.500000000,0.000000000
324.472516833,-181.999078258,-57.942358531,-2.616261189,0.358281472,0.004830330,0.400000000,0.400000000,0.500000000,0.000000000
324.672486404,-181.811806589,-57.872236132,-2.607958067,0.354763516,-0.017591223,0.400000000,0.400000000,0.500000000,0.000000000
324.872483849,-181.624263251,-57.802763296,-2.602431895,0.349582937,-0.025906627,0.400000000,0.400000000,0.500000000,0.000000000
325.072428341,-181.436412274,-57.734281108,-2.599080895,0.347631450,-0.009759852,0.400000000,0.400000000,0.500000000,0.000000000
325.272384736,-181.248416821,-57.666161583,-2.594004609,0.340741395,-0.034462536,0.400000000,0.400000000,0.500000000,0.000000000
325.472285225,-181.060009179,-57.599357648,-2.586310942,0.331869571,-0.044379802,0.400000000,0.400000000,0.500000000,0.000000000
325.672197004,-180.871005612,-57.534224160,-2.579563453,0.337530512,0.028315004,0.400000000,0.400000000,0.500000000,0.000000000
325.872139181,-180.682345106,-57.468011718,-2.578537628,0.333480671,-0.020256506,0.400000000,0.400000000,0.500000000,0.000000000
326.072052517,-180.493445250,-57.402573302,-2.573785495,0.329114199,-0.021843546,0.400000000,0.400000000,0.500000000,0.000000000
326.271934015,-180.304291590,-57.337970623,-2.566751152,0.330386351,0.006365720,0.400000000,0.400000000,0.500000000,0.000000000
326.471740628,-180.115291102,-57.273151657,-2.562566131,0.335034587,0.023252548,0.400000000,0.400000000,0.500000000,0.000000000
326.671738135,-179.926413669,-57.207392110,-2.554360431,0.329993720,-0.025205191,0.400000000,0.400000000,0.500000000,0.000000000
326.871726609,-179.737215697,-57.142588428,-2.550765321,0.327892433,-0.010510886,0.400000000,0.400000000,0.500000000,0.000000000
327.071568640,-179.548020613,-57.078229609,-2.543470904,0.326445349,-0.007239456,0.400000000,0.400000000,0.500000000,0.000000000
327.271503775,-179.358644408,-57.014114782,-2.538415919,0.322905691,-0.017705044,0.400000000,0.400000000,0.500000000,0.000000000
327.471415823,-179.169064339,-56.950678009,-2.529631962,0.316624423,-0.031415602,0.400000000,0.400000000,0.500000000,0.000000000
327.671385183,-178.979035085,-56.888415437,-2.524613900,0.310987521,-0.028191616,0.400000000,0.400000000,0.500000000,0.000000000
327.871314474,-178.788696031,-56.827237287,-2.520838037,0.309500554,-0.007436559,0.400000000,0.400000000,0.500000000,0.000000000
328.071292295,-178.598219995,-56.766327450,-2.516968714,0.302989387,-0.032558469,0.400000000,0.400000000,0.500000000,0.000000000
328.271281395,-178.407340639,-56.706655752,-2.512675574,0.300416690,-0.012866745,0.400000000,0.400000000,0.500000000,0.000000000
328.471190870,-178.216384457,-56.647498888,-2.503209905,0.301303032,0.004432873,0.400000000,0.400000000,0.500000000,0.000000000
328.671176548,-178.025408012,-56.588150180,-2.500501926,0.294440293,-0.034315351,0.400000000,0.400000000,0.500000000,0.000000000
328.871170831,-177.834020538,-56.530110984,-2.490711884,0.292751852,-0.008443806,0.400000000,0.400000000,0.500000000,0.000000000
329.071100629,-177.642597084,-56.472413627,-2.488555749,0.295503873,0.013766139,0.400000000,0.400000000,0.500000000,0.000000000
329.270995413,-177.451366634,-56.414199884,-2.484283849,0.295839930,0.001680920,0.400000000,0.400000000,0.500000000,0.000000000
329.470949572,-177.260098963,-56.355904570,-2.475996443,0.292525387,-0.016576236,0.400000000,0.400000000,0.500000000,0.000000000
329.670910307,-177.068632823,-56.298241643,-2.462579969,0.306700109,0.070881072,0.400000000,0.400000000,0.500000000,0.000000000
329.870904117,-176.877971716,-56.237860635,-2.462272607,0.315010187,0.041560185,0.400000000,0.400000000,0.500000000,0.000000000
330.070814878,-176.687897920,-56.175923053,-2.461313708,0.332803285,0.089013854,0.400000000,0.400000000,0.500000000,0.000000000
330.270681515,-176.498997916,-56.110627866,-2.456954829,0.338634070,0.029193646,0.400000000,0.400000000,0.500000000,0.000000000
330.470270083,-176.310744122,-56.044324734,-2.434893206,0.345033609,0.032040689,0.400000000,0.400000000,0.500000000,0.000000000
330.670144124,-176.122649840,-55.976721676,-2.424021463,0.346005264,0.004861764,0.400000000,0.400000000,0.500000000,0.000000000
330.869982652,-175.934654742,-55.908947931,-2.417078011,0.356650594,0.053252906,0.400000000,0.400000000,0.500000000,0.000000000
331.069945033,-175.747275697,-55.839133552,-2.414357458,0.342260102,-0.071990301,0.400000000,0.400000000,0.500000000,0.000000000
331.269768934,-175.559041874,-55.772069262,-2.413872129,0.346569480,0.021602125,0.400000000,0.400000000,0.500000000,0.000000000
331.468921920,-175.371729827,-55.704422318,-2.409284945,0.364999314,0.092363979,0.400000000,0.400000000,0.500000000,0.000000000
331.668833021,-175.184988069,-55.633064320,-2.401801725,0.364302441,-0.003487055,0.400000000,0.400000000,0.500000000,0.000000000
331.868613671,-174.998318518,-55.561882953,-2.395869172,0.351077009,-0.066187605,0.400000000,0.400000000,0.500000000,0.000000000
332.068464813,-174.810657724,-55.493152283,-2.390260248,0.358506168,0.037199282,0.400000000,0.400000000,0.500000000,0.000000000
332.268037616,-174.623773357,-55.423127022,-2.382645457,0.357249511,-0.006290394,0.400000000,0.400000000,0.500000000,0.000000000
332.468012692,-174.436424265,-55.353195992,-2.371837559,0.352040368,-0.026053116,0.400000000,0.400000000,0.500000000,0.000000000
332.667923537,-174.248773728,-55.284263982,-2.370368093,0.362332354,0.051480740,0.400000000,0.400000000,0.500000000,0.000000000
332.867849225,-174.061828685,-55.213399099,-2.360576297,0.377390034,0.075324148,0.400000000,0.400000000,0.500000000,0.000000000
333.067729940,-173.876013664,-55.139743970,-2.360006329,0.370434434,-0.034784694,0.400000000,0.400000000,0.500000000,0.000000000
333.267771482,-173.689540907,-55.067324845,-2.351282486,0.368987028,-0.007243033,0.400000000,0.400000000,0.500000000,0.000000000
333.467398424,-173.503350222,-54.995325231,-2.343061515,0.363575514,-0.027100072,0.400000000,0.400000000,0.500000000,0.000000000
333.667143660,-173.316662076,-54.924292172,-2.341274709,0.354302262,-0.046400228,0.400000000,0.400000000,0.500000000,0.000000000
333.867104150,-173.129121374,-54.854918670,-2.336432477,0.343066303,-0.056204694,0.400000000,0.400000000,0.500000000,0.000000000
334.066964365,-172.940907480,-54.787690432,-2.333153174,0.348995674,0.029666514,0.400000000,0.400000000,0.500000000,0.000000000
334.266838497,-172.753082437,-54.719342633,-2.323925807,0.351003173,0.010041358,0.400000000,0.400000000,0.500000000,0.000000000
334.466810568,-172.565303012,-54.650584239,-2.320028997,0.351073206,0.000350312,0.400000000,0.400000000,0.500000000,0.000000000
334.666667942,-172.377636105,-54.581852139,-2.316217887,0.343978744,-0.035484067,0.400000000,0.400000000,0.500000000,0.000000000
334.866677205,-172.189343314,-54.514401931,-2.311766259,0.341912666,-0.010333262,0.400000000,0.400000000,0.500000000,0.000000000
335.066556701,-172.001033825,-54.447384403,-2.297335261,0.341969447,0.000284079,0.400000000,0.400000000,0.500000000,0.000000000
335.266435974,-171.812728351,-54.380356258,-2.291290630,0.344977746,0.015052377,0.400000000,0.400000000,0.500000000,0.000000000
335.466267301,-171.624670491,-54.312778153,-2.284800217,0.343060999,-0.009590020,0.400000000,0.400000000,0.500000000,0.000000000
335.666173717,-171.436412732,-54.245535372,-2.277074908,0.362349019,0.096474104,0.400000000,0.400000000,0.500000000,0.000000000
335.866120118,-171.249449501,-54.174660032,-2.275826562,0.375250513,0.064535064,0.400000000,0.400000000,0.500000000,0.000000000
336.065999915,-171.063478173,-54.101402962,-2.264816288,0.383004487,0.038793133,0.400000000,0.400000000,0.500000000,0.000000000
336.265879212,-170.878080927,-54.026706280,-2.262184265,0.394459180,0.057295408,0.400000000,0.400000000,0.500000000,0.000000000
336.465844559,-170.693472010,-53.949857806,-2.255299874,0.411557167,0.085506940,0.400000000,0.400000000,0.500000000,0.000000000
336.665794784,-170.510217827,-53.869870327,-2.247583968,0.408870417,-0.013444362,0.400000000,0.400000000,0.500000000,0.000000000
336.865528743,-170.326947839,-53.790461476,-2.243638417,0.418921531,0.050316518,0.400000000,0.400000000,0.500000000,0.000000000
337.065308590,-170.144443321,-53.709195933,-2.238310586,0.428511071,0.047996767,0.400000000,0.400000000,0.500000000,0.000000000
337.265118305,-169.962699315,-53.626171609,-2.233705245,0.438905915,0.052025380,0.400000000,0.400000000,0.500000000,0.000000000
337.464913445,-169.781841331,-53.541268797,-2.224809379,0.448715952,0.049093889,0.400000000,0.400000000,0.500000000,0.000000000
337.664760612,-169.601778059,-53.454573305,-2.218689685,0.473667480,0.124867605,0.400000000,0.400000000,0.500000000,0.000000000
337.864550811,-169.423984492,-53.363438398,-2.210485822,0.479634085,0.029852418,0.400000000,0.400000000,0.500000000,0.000000000
338.064500225,-169.246596603,-53.271170825,-2.200641681,0.492520166,0.064445608,0.400000000,0.400000000,0.500000000,0.000000000
338.264453661,-169.070408832,-53.176623240,-2.191251701,0.477834235,-0.073448986,0.400000000,0.400000000,0.500000000,0.000000000
338.464391343,-168.892865580,-53.084680483,-2.193831590,0.470574609,-0.036342846,0.400000000,0.400000000,0.500000000,0.000000000
338.663960619,-168.714987907,-52.994196070,-2.190500336,0.443839695,-0.133955467,0.400000000,0.400000000,0.500000000,0.000000000
338.863540678,-168.534745255,-52.908494339,-2.182412067,0.411816302,-0.160329780,0.400000000,0.400000000,0.500000000,0.000000000
339.063412606,-168.351583557,-52.828490715,-2.182914973,0.368723430,-0.216004145,0.400000000,0.400000000,0.500000000,0.000000000
339.262510231,-168.165867639,-52.756730963,-2.179117220,0.342557318,-0.131305622,0.400000000,0.400000000,0.500000000,0.000000000
339.461954029,-167.978011775,-52.689738405,-2.173833940,0.305934740,-0.183447780,0.400000000,0.400000000,0.500000000,0.000000000
339.661757713,-167.787485807,-52.629560604,-2.168401710,0.287257794,-0.093442232,0.400000000,0.400000000,0.500000000,0.000000000
339.861702056,-167.595734301,-52.572911682,-2.165579270,0.278622607,-0.043193734,0.400000000,0.400000000,0.500000000,0.000000000
340.061591642,-167.403553421,-52.517935722,-2.157224998,0.272873320,-0.028758751,0.400000000,0.400000000,0.500000000,0.000000000
340.261530211,-167.211012476,-52.464052367,-2.153828681,0.270046361,-0.014138629,0.400000000,0.400000000,0.500000000,0.000000000
340.461483062,-167.018306211,-52.410709722,-2.152636049,0.280339539,0.051469397,0.400000000,0.400000000,0.500000000,0.000000000
340.661501198,-166.826096474,-52.355368314,-2.146548581,0.285747963,0.027050415,0.400000000,0.400000000,0.500000000,0.000000000
340.861359931,-166.634341794,-52.299033101,-2.141605211,0.295097120,0.046818709,0.400000000,0.400000000,0.500000000,0.000000000
341.060876689,-166.443449367,-52.241007089,-2.138617780,0.299618642,0.022638457,0.400000000,0.400000000,0.500000000,0.000000000
341.260814516,-166.252418947,-52.181994268,-2.128935618,0.312279935,0.063346050,0.400000000,0.400000000,0.500000000,0.000000000
341.460624083,-166.062273054,-52.120606954,-2.131073394,0.314164903,0.009430643,0.400000000,0.400000000,0.500000000,0.000000000
341.660568236,-165.872115212,-52.058819741,-2.125385860,0.314474182,0.001547086,0.400000000,0.400000000,0.500000000,0.000000000
341.860446394,-165.682039248,-51.996994132,-2.123116144,0.311275129,-0.016005655,0.400000000,0.400000000,0.500000000,0.000000000
342.060308513,-165.491781742,-51.935781814,-2.112026914,0.317610022,0.031689643,0.400000000,0.400000000,0.500000000,0.000000000
342.260254197,-165.301836438,-51.873339374,-2.113311828,0.318114064,0.002521203,0.400000000,0.400000000,0.500000000,0.000000000
342.460150504,-165.111969532,-51.810816646,-2.108943056,0.314158226,-0.019786421,0.400000000,0.400000000,0.500000000,0.000000000
342.660107770,-164.921798808,-51.749026650,-2.102157953,0.313916830,-0.001207296,0.400000000,0.400000000,0.500000000,0.000000000
342.860044770,-164.731632447,-51.687288820,-2.096185441,0.316136322,0.011099398,0.400000000,0.400000000,0.500000000,0.000000000
343.060037725,-164.541550401,-51.625111675,-2.088842160,0.318036360,0.009502840,0.400000000,0.400000000,0.500000000,0.000000000
343.259933164,-164.351679462,-51.562603971,-2.082329198,0.313191608,-0.024234747,0.400000000,0.400000000,0.500000000,0.000000000
343.459855923,-164.161481926,-51.501008458,-2.075772693,0.311620986,-0.007855452,0.400000000,0.400000000,0.500000000,0.000000000
343.659814085,-163.971154185,-51.439700895,-2.074664795,0.310905935,-0.003576128,0.400000000,0.400000000,0.500000000,0.000000000
343.859757850,-163.780796361,-51.378533846,-2.066234907,0.308153964,-0.013762274,0.400000000,0.400000000,0.500000000,0.000000000
344.059743630,-163.590230891,-51.317878143,-2.068785136,0.305880356,-0.011369797,0.400000000,0.400000000,0.500000000,0.000000000
344.259696027,-163.399559841,-51.257665922,-2.056755409,0.304384353,-0.007481114,0.400000000,0.400000000,0.500000000,0.000000000
344.459684911,-163.208764116,-51.197728076,-2.046946212,0.305279250,0.004475586,0.400000000,0.400000000,0.500000000,0.000000000
344.659597546,-163.018094831,-51.137642430,-2.038554481,0.306959280,0.008402118,0.400000000,0.400000000,0.500000000,0.000000000
344.859591241,-162.827449489,-51.077212045,-2.035855793,0.307912753,0.004768311,0.400000000,0.400000000,0.500000000,0.000000000
345.059518265,-162.636925387,-51.016620118,-2.030557495,0.307182726,-0.003651189,0.400000000,0.400000000,0.500000000,0.000000000
345.259475890,-162.446327933,-50.956158042,-2.027109589,0.322823491,0.078223826,0.400000000,0.400000000,0.500000000,0.000000000
345.459411904,-162.256719922,-50.892729249,-2.023352528,0.334619513,0.059043113,0.400000000,0.400000000,0.500000000,0.000000000
345.659046748,-162.068157758,-50.827167208,-2.008566071,0.339363232,0.023754525,0.400000000,0.400000000,0.500000000,0.000000000
345.858806564,-161.879790878,-50.760669820,-2.006549689,0.350175862,0.054099949,0.400000000,0.400000000,0.500000000,0.000000000
346.058772695,-161.691960212,-50.692068839,-2.004783895,0.355460529,0.026436582,0.400000000,0.400000000,0.500000000,0.000000000
346.258605661,-161.504619541,-50.622522542,-1.992779444,0.350658514,-0.024025253,0.400000000,0.400000000,0.500000000,0.000000000
346.458519555,-161.316871067,-50.553848856,-1.988267902,0.349815358,-0.004217173,0.400000000,0.400000000,0.500000000,0.000000000
346.658473887,-161.129026767,-50.485319637,-1.984070491,0.351930766,0.010581363,0.400000000,0.400000000,0.500000000,0.000000000
346.858356114,-160.941395540,-50.416418060,-1.978481410,0.356190342,0.021306157,0.400000000,0.400000000,0.500000000,0.000000000
347.058318204,-160.753984655,-50.346690031,-1.972791123,0.361145336,0.024779334,0.400000000,0.400000000,0.500000000,0.000000000
347.258285256,-160.566916931,-50.276032490,-1.960772685,0.363496065,0.011756530,0.400000000,0.400000000,0.500000000,0.000000000
347.458220024,-160.380045994,-50.204946876,-1.960030329,0.366266701,0.013859302,0.400000000,0.400000000,0.500000000,0.000000000
347.658108430,-160.193416013,-50.133360389,-1.947100204,0.368272097,0.010031797,0.400000000,0.400000000,0.500000000,0.000000000
347.858027812,-160.006901068,-50.061388628,-1.944882265,0.363060789,-0.026064931,0.400000000,0.400000000,0.500000000,0.000000000
348.057979204,-159.819983666,-49.990378458,-1.941188968,0.359656568,-0.017028446,0.400000000,0.400000000,0.500000000,0.000000000
348.257855117,-159.632896264,-49.920031571,-1.944465101,0.362469533,0.014072232,0.400000000,0.400000000,0.500000000,0.000000000
348.457768518,-159.445972432,-49.849145401,-1.927829379,0.365852875,0.016923988,0.400000000,0.400000000,0.500000000,0.000000000
348.657682876,-159.259288609,-49.777626868,-1.921112230,0.370046583,0.020978648,0.400000000,0.400000000,0.500000000,0.000000000
348.857575464,-159.072926651,-49.705333942,-1.913666950,0.369957153,-0.000447450,0.400000000,0.400000000,0.500000000,0.000000000
349.057413520,-158.886609070,-49.633077401,-1.915465320,0.372823872,0.014343231,0.400000000,0.400000000,0.500000000,0.000000000
349.257306633,-158.700448119,-49.560266982,-1.909085003,0.368683757,-0.020708911,0.400000000,0.400000000,0.500000000,0.000000000
349.457252274,-158.513938323,-49.488208982,-1.894989083,0.361310658,-0.036870663,0.400000000,0.400000000,0.500000000,0.000000000
349.657249653,-158.326853913,-49.417509795,-1.892346545,0.354423893,-0.034438753,0.400000000,0.400000000,0.500000000,0.000000000
349.857194224,-158.139336581,-49.348119007,-1.883431765,0.355901963,0.007393500,0.400000000,0.400000000,0.500000000,0.000000000
350.057079151,-157.951977923,-49.278471913,-1.881315321,0.353273734,-0.013146160,0.400000000,0.400000000,0.500000000,0.000000000
350.257041504,-157.764364221,-49.209290694,-1.876900126,0.351599783,-0.008374814,0.400000000,0.400000000,0.500000000,0.000000000
350.456837543,-157.576791114,-49.140480906,-1.865752020,0.350051593,-0.007746472,0.400000000,0.400000000,0.500000000,0.000000000
350.656756165,-157.388996553,-49.071919559,-1.855304830,0.352406258,0.011777849,0.400000000,0.400000000,0.500000000,0.000000000
350.856683683,-157.201355602,-49.002913140,-1.851106844,0.354404964,0.009996099,0.400000000,0.400000000,0.500000000,0.000000000
351.056653351,-157.013813419,-48.933517192,-1.845695519,0.354105366,-0.001498411,0.400000000,0.400000000,0.500000000,0.000000000
351.256570812,-156.826299420,-48.864195537,-1.844475092,0.350944995,-0.015810043,0.400000000,0.400000000,0.500000000,0.000000000
351.456446026,-156.638606949,-48.795481366,-1.842534028,0.352061853,0.005587846,0.400000000,0.400000000,0.500000000,0.000000000
351.656316275,-156.450996000,-48.726559323,-1.834627697,0.346905824,-0.025792511,0.400000000,0.400000000,0.500000000,0.000000000
351.856253853,-156.262968863,-48.658582629,-1.823202814,0.342701943,-0.021024129,0.400000000,0.400000000,0.500000000,0.000000000
352.056226015,-156.074625050,-48.591385355,-1.823570630,0.340052014,-0.013253024,0.400000000,0.400000000,0.500000000,0.000000000
352.256151794,-155.886147557,-48.524702885,-1.816621978,0.341783984,0.008662857,0.400000000,0.400000000,0.500000000,0.000000000
352.456087174,-155.697776793,-48.457690859,-1.812131691,0.341978347,0.000972068,0.400000000,0.400000000,0.500000000,0.000000000
352.656047372,-155.509395677,-48.390633900,-1.806491201,0.344388681,0.012056561,0.400000000,0.400000000,0.500000000,0.000000000
352.855924718,-155.321254725,-48.323151048,-1.798767125,0.341838995,-0.012753797,0.400000000,0.400000000,0.500000000,0.000000000
353.055878933,-155.132869902,-48.256122346,-1.792519329,0.343605943,0.008836500,0.400000000,0.400000000,0.500000000,0.000000000
353.255844914,-154.944592731,-48.188756919,-1.787432623,0.344896945,0.006455699,0.400000000,0.400000000,0.500000000,0.000000000
353.455836367,-154.756378715,-48.121139870,-1.783015850,0.340386583,-0.022552627,0.400000000,0.400000000,0.500000000,0.000000000
353.655830055,-154.567859530,-48.054371674,-1.778608515,0.345328947,0.024712423,0.400000000,0.400000000,0.500000000,0.000000000
353.855826148,-154.379670376,-47.986671752,-1.779206505,0.342695528,-0.013170244,0.400000000,0.400000000,0.500000000,0.000000000
354.055734238,-154.191386477,-47.919497216,-1.771275840,0.342861129,0.000828333,0.400000000,0.400000000,0.500000000,0.000000000
354.255666556,-154.003090889,-47.852283356,-1.768579364,0.341784077,-0.005388967,0.400000000,0.400000000,0.500000000,0.000000000
354.455458794,-153.814854994,-47.785319290,-1.766559074,0.340281836,-0.007516143,0.400000000,0.400000000,0.500000000,0.000000000
354.655403663,-153.626374835,-47.718587134,-1.758425464,0.332836182,-0.037246472,0.400000000,0.400000000,0.500000000,0.000000000
354.855262432,-153.437484416,-47.653288304,-1.751281916,0.335159242,0.011619685,0.400000000,0.400000000,0.500000000,0.000000000
355.055252667,-153.248622050,-47.587507604,-1.749102020,0.327947546,-0.036065266,0.400000000,0.400000000,0.500000000,0.000000000
355.255186285,-153.059343807,-47.523108858,-1.748010361,0.321396492,-0.032767114,0.400000000,0.400000000,0.500000000,0.000000000
355.455107382,-152.869659630,-47.459955413,-1.743917535,0.322060372,0.003320508,0.400000000,0.400000000,0.500000000,0.000000000
355.655052991,-152.679994168,-47.396668294,-1.742009296,0.315648711,-0.032065113,0.400000000,0.400000000,0.500000000,0.000000000
355.855021765,-152.489904812,-47.334591348,-1.730866236,0.312949959,-0.013495879,0.400000000,0.400000000,0.500000000,0.000000000
356.054990074,-152.299649061,-47.273027775,-1.733374201,0.312279605,-0.003352831,0.400000000,0.400000000,0.500000000,0.000000000
356.254895566,-152.109411861,-47.211611053,-1.723877095,0.312028825,-0.001254444,0.400000000,0.400000000,0.500000000,0.000000000
356.454816623,-151.919144452,-47.150237263,-1.712800293,0.317023737,0.024986688,0.400000000,0.400000000,0.500000000,0.000000000
356.654701012,-151.729220813,-47.087925304,-1.705208100,0.314163300,-0.014315296,0.400000000,0.400000000,0.500000000,0.000000000
356.854450131,-151.539248361,-47.026198665,-1.702922014,0.309440757,-0.023634749,0.400000000,0.400000000,0.500000000,0.000000000
357.054327780,-151.348864096,-46.965330724,-1.721251418,0.311808115,0.011844030,0.400000000,0.400000000,0.500000000,0.000000000
357.254205651,-151.158624249,-46.904012177,-1.708166277,0.306446750,-0.026826008,0.400000000,0.400000000,0.500000000,0.000000000
357.454041303,-150.968098639,-46.843727189,-1.691451297,0.289727801,-0.083643371,0.400000000,0.400000000,0.500000000,0.000000000
357.653968451,-150.776504120,-46.786609726,-1.699143115,0.291843670,0.010586062,0.400000000,0.400000000,0.500000000,0.000000000
357.853787451,-150.585134458,-46.729118118,-1.679035311,0.297415304,0.027892216,0.400000000,0.400000000,0.500000000,0.000000000
358.053479694,-150.394209278,-46.670598313,-1.664903956,0.283893505,-0.067694643,0.400000000,0.400000000,0.500000000,0.000000000
358.253278344,-150.202408135,-46.614635626,-1.670055116,0.289585722,0.028488510,0.400000000,0.400000000,0.500000000,0.000000000
358.453094123,-150.010912234,-46.557577187,-1.669577754,0.287989659,-0.007994880,0.400000000,0.400000000,0.500000000,0.000000000
358.652549545,-149.819671024,-46.500926810,-1.663523172,0.276361357,-0.058232884,0.400000000,0.400000000,0.500000000,0.000000000
358.852464230,-149.627342176,-46.446378712,-1.663188289,0.268139932,-0.041150074,0.400000000,0.400000000,0.500000000,0.000000000
359.052130932,-149.434810490,-46.393479355,-1.652666301,0.275383332,0.036249626,0.400000000,0.400000000,0.500000000,0.000000000
359.252103312,-149.242372862,-46.339103697,-1.637397169,0.273016031,-0.011844119,0.400000000,0.400000000,0.500000000,0.000000000
359.451873569,-149.050001688,-46.285238247,-1.640457345,0.285899726,0.064463366,0.400000000,0.400000000,0.500000000,0.000000000
359.651821973,-148.858169529,-46.228848645,-1.636941870,0.305008696,0.095586835,0.400000000,0.400000000,0.500000000,0.000000000
359.851691801,-148.667524824,-46.168827441,-1.620698814,0.323722358,0.093639912,0.400000000,0.400000000,0.500000000,0.000000000
360.051510286,-148.478085328,-46.105265627,-1.615097157,0.348831551,0.125662356,0.400000000,0.400000000,0.500000000,0.000000000
360.251310807,-148.290318247,-46.036973816,-1.617008698,0.372767960,0.119816008,0.400000000,0.400000000,0.500000000,0.000000000
360.451053519,-148.104293297,-45.964228582,-1.614743673,0.393777182,0.105129509,0.400000000,0.400000000,0.500000000,0.000000000
360.650986140,-147.919662235,-45.887518585,-1.603632831,0.413095876,0.096620840,0.400000000,0.400000000,0.500000000,0.000000000
360.850933986,-147.736533525,-45.807250181,-1.597423602,0.415984273,0.014445771,0.400000000,0.400000000,0.500000000,0.000000000
361.050881223,-147.553637982,-45.726453410,-1.595876354,0.412658173,-0.016634942,0.400000000,0.400000000,0.500000000,0.000000000
361.250827076,-147.370475982,-45.646265969,-1.587508060,0.410381380,-0.011389987,0.400000000,0.400000000,0.500000000,0.000000000
361.450669574,-147.187226660,-45.566536991,-1.582751666,0.407386209,-0.014983254,0.400000000,0.400000000,0.500000000,0.000000000
361.650629377,-147.003631652,-45.487310756,-1.577452293,0.397929815,-0.047295914,0.400000000,0.400000000,0.500000000,0.000000000
361.850550141,-146.819331660,-45.409839313,-1.567508343,0.400161803,0.011164015,0.400000000,0.400000000,0.500000000,0.000000000
362.050483194,-146.635193724,-45.331951920,-1.564992614,0.394502725,-0.028314529,0.400000000,0.400000000,0.500000000,0.000000000
362.250279250,-146.450744441,-45.255160474,-1.556903839,0.396607743,0.010532388,0.400000000,0.400000000,0.500000000,0.000000000
362.450206059,-146.266336611,-45.177930420,-1.553656827,0.383852828,-0.063815733,0.400000000,0.400000000,0.500000000,0.000000000
362.650018565,-146.081064730,-45.103101497,-1.545054854,0.377706293,-0.030756473,0.400000000,0.400000000,0.500000000,0.000000000
362.849895957,-145.895276101,-45.029388832,-1.541615448,0.377373231,-0.001666374,0.400000000,0.400000000,0.500000000,0.000000000
363.049763091,-145.709472467,-44.955741830,-1.537757924,0.385124320,0.038776230,0.400000000,0.400000000,0.500000000,0.000000000
363.249680542,-145.524198623,-44.880637971,-1.524717343,0.374948868,-0.050900697,0.400000000,0.400000000,0.500000000,0.000000000
363.449577162,-145.338189550,-44.807430841,-1.526970076,0.373476727,-0.007363887,0.400000000,0.400000000,0.500000000,0.000000000
363.649507846,-145.152041193,-44.734485193,-1.526808945,0.382856194,0.046919764,0.400000000,0.400000000,0.500000000,0.000000000
363.849384488,-144.966635335,-44.659816997,-1.520121554,0.376674849,-0.030924037,0.400000000,0.400000000,0.500000000,0.000000000
364.049283247,-144.780750905,-44.586288141,-1.510708451,0.377580788,0.004532140,0.400000000,0.400000000,0.500000000,0.000000000
364.249168673,-144.594945557,-44.512595832,-1.504935336,0.372755949,-0.024147978,0.400000000,0.400000000,0.500000000,0.000000000
364.448888920,-144.408940656,-44.439861013,-1.498149988,0.382197071,0.047263089,0.400000000,0.400000000,0.500000000,0.000000000
364.648680745,-144.223564320,-44.365346671,-1.487925696,0.371866609,-0.051694925,0.400000000,0.400000000,0.500000000,0.000000000
364.848557422,-144.037349068,-44.292720462,-1.474049276,0.357979745,-0.069474036,0.400000000,0.400000000,0.500000000,0.000000000
365.048448868,-143.850129421,-44.222681945,-1.476996821,0.343930335,-0.070318916,0.400000000,0.400000000,0.500000000,0.000000000
365.248145323,-143.662127856,-44.155346327,-1.475725533,0.344056718,0.000632565,0.400000000,0.400000000,0.500000000,0.000000000
365.448035911,-143.473952045,-44.087921467,-1.465825548,0.334189083,-0.049361634,0.400000000,0.400000000,0.500000000,0.000000000
365.647953573,-143.285094508,-44.022347830,-1.465025453,0.322777039,-0.057075887,0.400000000,0.400000000,0.500000000,0.000000000
365.847923960,-143.095450952,-43.958916942,-1.456680525,0.328840031,0.030332082,0.400000000,0.400000000,0.500000000,0.000000000
366.047727198,-142.906353654,-43.894391399,-1.449345068,0.329541830,0.003511485,0.400000000,0.400000000,0.500000000,0.000000000
366.247640314,-142.717197721,-43.829697606,-1.437710399,0.325500609,-0.020213870,0.400000000,0.400000000,0.500000000,0.000000000
366.447573305,-142.527763059,-43.765762405,-1.436380999,0.320000340,-0.027509183,0.400000000,0.400000000,0.500000000,0.000000000
366.647525851,-142.337961042,-43.702863956,-1.432536043,0.328694482,0.043488270,0.400000000,0.400000000,0.500000000,0.000000000
366.847410522,-142.148777281,-43.638339649,-1.422024319,0.321068363,-0.038144735,0.400000000,0.400000000,0.500000000,0.000000000
367.047376599,-141.959029709,-43.575234253,-1.408337486,0.308763106,-0.061538161,0.400000000,0.400000000,0.500000000,0.000000000
367.247330784,-141.768531324,-43.514472082,-1.406806772,0.313843295,0.025429867,0.400000000,0.400000000,0.500000000,0.000000000
367.446921212,-141.578690068,-43.452855229,-1.398920251,0.315516430,0.008377552,0.400000000,0.400000000,0.500000000,0.000000000
367.646763629,-141.388712622,-43.390842638,-1.385039607,0.310799039,-0.023609365,0.400000000,0.400000000,0.500000000,0.000000000
367.846541153,-141.198506537,-43.329746777,-1.391398092,0.313392908,0.012979848,0.400000000,0.400000000,0.500000000,0.000000000
368.046439889,-141.008344257,-43.268120385,-1.395377509,0.329752693,0.081840286,0.400000000,0.400000000,0.500000000,0.000000000
368.246334531,-140.819219448,-43.203392690,-1.385718786,0.331382470,0.008153611,0.400000000,0.400000000,0.500000000,0.000000000
368.446208092,-140.630220316,-43.138363708,-1.363895661,0.336152404,0.023865332,0.400000000,0.400000000,0.500000000,0.000000000
368.646071621,-140.441542988,-43.072437265,-1.368788842,0.343258136,0.035547283,0.400000000,0.400000000,0.500000000,0.000000000
368.845997734,-140.253279941,-43.005150745,-1.373991907,0.339174672,-0.020433885,0.400000000,0.400000000,0.500000000,0.000000000
369.045747131,-140.064910351,-42.938692343,-1.370962763,0.333492007,-0.028458795,0.400000000,0.400000000,0.500000000,0.000000000
369.245358085,-139.876296959,-42.873350769,-1.350423997,0.342360614,0.044389522,0.400000000,0.400000000,0.500000000,0.000000000
369.445326914,-139.687933360,-42.806218905,-1.337301684,0.343261230,0.004509511,0.400000000,0.400000000,0.500000000,0.000000000
369.644787696,-139.500108705,-42.739088414,-1.337217133,0.341790331,-0.007369873,0.400000000,0.400000000,0.500000000,0.000000000
369.844492152,-139.311955934,-42.672152593,-1.348207820,0.353835708,0.060289426,0.400000000,0.400000000,0.500000000,0.000000000
370.044370349,-139.124460081,-42.602895110,-1.338556183,0.355772378,0.009687549,0.400000000,0.400000000,0.500000000,0.000000000
370.244318706,-138.937032943,-42.533250202,-1.331990697,0.342509221,-0.066329563,0.400000000,0.400000000,0.500000000,0.000000000
370.444284329,-138.748682341,-42.466091423,-1.324870257,0.336667647,-0.029215106,0.400000000,0.400000000,0.500000000,0.000000000
370.644219094,-138.559971769,-42.400044243,-1.320558660,0.329001559,-0.038339390,0.400000000,0.400000000,0.500000000,0.000000000
370.844189989,-138.370726231,-42.335433986,-1.311315383,0.318249432,-0.053768897,0.400000000,0.400000000,0.500000000,0.000000000
371.044155695,-138.180801876,-42.272863841,-1.313125494,0.316717509,-0.007661661,0.400000000,0.400000000,0.500000000,0.000000000
371.244083207,-137.990818186,-42.210596615,-1.305753765,0.313744416,-0.014872316,0.400000000,0.400000000,0.500000000,0.000000000
371.443971325,-137.800687681,-42.148906660,-1.291926063,0.319304973,0.027818857,0.400000000,0.400000000,0.500000000,0.000000000
371.643851618,-137.610910573,-42.086162888,-1.286796368,0.319713689,0.002044381,0.400000000,0.400000000,0.500000000,0.000000000
371.843814704,-137.421080527,-42.023315536,-1.281300162,0.317918707,-0.008976732,0.400000000,0.400000000,0.500000000,0.000000000
372.043770344,-137.231145051,-41.960811354,-1.282126462,0.318460769,0.002711625,0.400000000,0.400000000,0.500000000,0.000000000
372.243620816,-137.041343364,-41.898237153,-1.281530943,0.322727101,0.021342712,0.400000000,0.400000000,0.500000000,0.000000000
372.443562852,-136.851723528,-41.834824726,-1.269358977,0.323881803,0.005776771,0.400000000,0.400000000,0.500000000,0.000000000
372.643394969,-136.662281246,-41.771228370,-1.266534120,0.321109414,-0.013867364,0.400000000,0.400000000,0.500000000,0.000000000
372.843406365,-136.472493263,-41.708100881,-1.263673155,0.328250537,0.035714862,0.400000000,0.400000000,0.500000000,0.000000000
373.043290526,-136.283281358,-41.643660732,-1.257872634,0.332195606,0.019744158,0.400000000,0.400000000,0.500000000,0.000000000
373.243025043,-136.094466607,-41.578523435,-1.247526252,0.328320811,-0.019401065,0.400000000,0.400000000,0.500000000,0.000000000
373.442731772,-135.905427186,-41.514127204,-1.243791423,0.320636240,-0.038466095,0.400000000,0.400000000,0.500000000,0.000000000
373.642574412,-135.715769508,-41.451142711,-1.236769986,0.333700869,0.065415100,0.400000000,0.400000000,0.500000000,0.000000000
373.842166628,-135.527187472,-41.385767881,-1.226639637,0.337524616,0.019142300,0.400000000,0.400000000,0.500000000,0.000000000
374.042081803,-135.338552055,-41.319565493,-1.225927057,0.330719769,-0.034036365,0.400000000,0.400000000,0.500000000,0.000000000
374.242023286,-135.149445628,-41.254639719,-1.221517774,0.330162065,-0.002789471,0.400000000,0.400000000,0.500000000,0.000000000
374.441945693,-134.960321067,-41.189825606,-1.213465152,0.334770429,0.023048843,0.400000000,0.400000000,0.500000000,0.000000000
374.641901012,-134.771466115,-41.124129815,-1.207766180,0.326084717,-0.043436504,0.400000000,0.400000000,0.500000000,0.000000000
374.841871259,-134.582033538,-41.060072040,-1.199979708,0.320487885,-0.027990277,0.400000000,0.400000000,0.500000000,0.000000000
375.041813102,-134.392272368,-40.997084434,-1.197139841,0.322794424,0.011536053,0.400000000,0.400000000,0.500000000,0.000000000
375.241754768,-134.202657153,-40.933659359,-1.196976157,0.322679581,-0.000574454,0.400000000,0.400000000,0.500000000,0.000000000
375.441646917,-134.013081617,-40.870271763,-1.194573105,0.319552290,-0.015653034,0.400000000,0.400000000,0.500000000,0.000000000
375.641330895,-133.823506409,-40.807542729,-1.173148677,0.321610861,0.010309999,0.400000000,0.400000000,0.500000000,0.000000000
375.840981736,-133.634092173,-40.744434049,-1.180937056,0.320593319,-0.005094730,0.400000000,0.400000000,0.500000000,0.000000000
376.040779857,-133.444474044,-40.681471726,-1.178589717,0.313277880,-0.036609511,0.400000000,0.400000000,0.500000000,0.000000000
376.240627759,-133.254353037,-40.619882874,-1.146129658,0.323237619,0.049849581,0.400000000,0.400000000,0.500000000,0.000000000
376.440369890,-133.064955151,-40.556437149,-1.134707948,0.324822082,0.007934017,0.400000000,0.400000000,0.500000000,0.000000000
376.640037771,-132.875728399,-40.492715107,-1.148010679,0.326330619,0.007551601,0.400000000,0.400000000,0.500000000,0.000000000
376.839897545,-132.686416222,-40.428646166,-1.167119401,0.327443422,0.005567554,0.400000000,0.400000000,0.500000000,0.000000000
377.039783730,-132.497150452,-40.364358103,-1.170014411,0.329472833,0.010150746,0.400000000,0.400000000,0.500000000,0.000000000
377.239751993,-132.307937874,-40.299659519,-1.149766691,0.320389516,-0.045425356,0.400000000,0.400000000,0.500000000,0.000000000
377.439705121,-132.118159797,-40.236687025,-1.142996061,0.314164541,-0.031130041,0.400000000,0.400000000,0.500000000,0.000000000
377.639684991,-131.927967966,-40.174888844,-1.136370455,0.303954218,-0.051063559,0.400000000,0.400000000,0.500000000,0.000000000
377.839609810,-131.737207606,-40.115052246,-1.132131797,0.307023459,0.015351422,0.400000000,0.400000000,0.500000000,0.000000000
378.039548927,-131.546618168,-40.054626120,-1.132066947,0.312274169,0.026266746,0.400000000,0.400000000,0.500000000,0.000000000
378.239408352,-131.356424474,-39.993224585,-1.120776740,0.311594998,-0.003398289,0.400000000,0.400000000,0.500000000,0.000000000
378.439262205,-131.166194425,-39.931953947,-1.114102306,0.316902322,0.026558746,0.400000000,0.400000000,0.500000000,0.000000000
378.639074651,-130.976331582,-39.869687467,-1.107498829,0.328456373,0.057804024,0.400000000,0.400000000,0.500000000,0.000000000
378.839026288,-130.787069076,-39.805186607,-1.106825617,0.327571549,-0.004425603,0.400000000,0.400000000,0.500000000,0.000000000
379.038940321,-130.597785177,-39.740865335,-1.100688207,0.323288224,-0.021422686,0.400000000,0.400000000,0.500000000,0.000000000
379.238912866,-130.408172024,-39.677336826,-1.095097092,0.324356701,0.005344351,0.400000000,0.400000000,0.500000000,0.000000000
379.438793231,-130.218714233,-39.613635135,-1.080353906,0.322250006,-0.010542012,0.400000000,0.400000000,0.500000000,0.000000000
379.638588789,-130.029203104,-39.550359572,-1.080120357,0.317979445,-0.021371259,0.400000000,0.400000000,0.500000000,0.000000000
379.838447537,-129.839363459,-39.487874147,-1.081034236,0.318489235,0.002550105,0.400000000,0.400000000,0.500000000,0.000000000
380.038407713,-129.649459366,-39.425260191,-1.057272703,0.323861029,0.026871586,0.400000000,0.400000000,0.500000000,0.000000000
380.238259258,-129.459997344,-39.361661587,-1.051940290,0.324265751,0.002025185,0.400000000,0.400000000,0.500000000,0.000000000
380.438095904,-129.270575200,-39.297991056,-1.054565625,0.331033279,0.033860702,0.400000000,0.400000000,0.500000000,0.000000000
380.637986046,-129.081537691,-39.233022686,-1.043121241,0.334952870,0.019605919,0.400000000,0.400000000,0.500000000,0.000000000
380.837933185,-128.892702455,-39.167295131,-1.028896880,0.336149823,0.005987280,0.400000000,0.400000000,0.500000000,0.000000000
381.037818179,-128.704004691,-39.101362095,-1.032268545,0.335449103,-0.003505613,0.400000000,0.400000000,0.500000000,0.000000000
381.237703316,-128.515260640,-39.035561252,-1.028891788,0.343392820,0.039739858,0.400000000,0.400000000,0.500000000,0.000000000
381.437602999,-128.327031545,-38.968258274,-1.013326389,0.349485586,0.030476184,0.400000000,0.400000000,0.500000000,0.000000000
381.637540517,-128.139180453,-38.899796762,-1.008279671,0.351665278,0.010903274,0.400000000,0.400000000,0.500000000,0.000000000
381.837426272,-127.951527628,-38.830943785,-1.003984415,0.359577916,0.039587487,0.400000000,0.400000000,0.500000000,0.000000000
382.037293986,-127.764442368,-38.760614499,-0.995305183,0.369014379,0.047202115,0.400000000,0.400000000,0.500000000,0.000000000
382.237256996,-127.577940207,-38.688488574,-0.985978005,0.374542105,0.027643570,0.400000000,0.400000000,0.500000000,0.000000000
382.437222022,-127.391837708,-38.615332086,-0.985089048,0.366647364,-0.039476806,0.400000000,0.400000000,0.500000000,0.000000000
382.637224563,-127.205128442,-38.543633645,-0.977763785,0.371487903,0.024217596,0.400000000,0.400000000,0.500000000,0.000000000
382.836975506,-127.019002858,-38.471123605,-0.976202172,0.368546680,-0.014718406,0.400000000,0.400000000,0.500000000,0.000000000
383.036890323,-126.832511940,-38.399102276,-0.964856706,0.362137020,-0.032056779,0.400000000,0.400000000,0.500000000,0.000000000
383.236869063,-126.645503447,-38.328255117,-0.963752039,0.359222630,-0.014578980,0.400000000,0.400000000,0.500000000,0.000000000
383.436697178,-126.458430283,-38.258006225,-0.951345678,0.365195443,0.029881809,0.400000000,0.400000000,0.500000000,0.000000000
383.636630909,-126.271681386,-38.186603520,-0.948625519,0.360659551,-0.022686206,0.400000000,0.400000000,0.500000000,0.000000000
383.836577901,-126.084598128,-38.116043941,-0.952172096,0.355955726,-0.023523912,0.400000000,0.400000000,0.500000000,0.000000000
384.036549141,-125.897162314,-38.046356695,-0.949314430,0.354052071,-0.009522360,0.400000000,0.400000000,0.500000000,0.000000000
384.236406276,-125.709701205,-37.977065949,-0.935506229,0.340857453,-0.066003183,0.400000000,0.400000000,0.500000000,0.000000000
384.436363848,-125.521247519,-37.910221066,-0.922119667,0.338342302,-0.012579152,0.400000000,0.400000000,0.500000000,0.000000000
384.636298118,-125.332648284,-37.843858116,-0.919335405,0.336769200,-0.007868292,0.400000000,0.400000000,0.500000000,0.000000000
384.836222569,-125.143954154,-37.777795180,-0.913104059,0.334537628,-0.011162117,0.400000000,0.400000000,0.500000000,0.000000000
385.036145532,-124.955114476,-37.712153980,-0.917488183,0.338140618,0.018019928,0.400000000,0.400000000,0.500000000,0.000000000
385.236111881,-124.766471599,-37.645818429,-0.915156745,0.335836374,-0.011524085,0.400000000,0.400000000,0.500000000,0.000000000
385.436045934,-124.577706860,-37.579928375,-0.906167391,0.333269262,-0.012841038,0.400000000,0.400000000,0.500000000,0.000000000
385.635941111,-124.388810334,-37.514535836,-0.898228520,0.331617441,-0.008263474,0.400000000,0.400000000,0.500000000,0.000000000
385.835834393,-124.199807840,-37.449456026,-0.887516960,0.332864317,0.006241861,0.400000000,0.400000000,0.500000000,0.000000000
386.035461369,-124.011138329,-37.384227620,-0.882410947,0.321074318,-0.059004333,0.400000000,0.400000000,0.500000000,0.000000000
386.235463697,-123.821356735,-37.321109653,-0.874623744,0.324825499,0.018759719,0.400000000,0.400000000,0.500000000,0.000000000
386.435379852,-123.631894909,-37.257307729,-0.869001317,0.325506321,0.003407122,0.400000000,0.400000000,0.500000000,0.000000000
386.635109818,-123.442652977,-37.193436371,-0.866762983,0.333611877,0.040565422,0.400000000,0.400000000,0.500000000,0.000000000
386.835007618,-123.253776388,-37.127978258,-0.865615493,0.342139576,0.042683906,0.400000000,0.400000000,0.500000000,0.000000000
387.034683055,-123.065674342,-37.060986465,-0.858059025,0.356046118,0.069606663,0.400000000,0.400000000,0.500000000,0.000000000
387.234579400,-122.878315025,-36.991308384,-0.843326502,0.370044962,0.070017057,0.400000000,0.400000000,0.500000000,0.000000000
387.434549344,-122.691880829,-36.918987783,-0.831428158,0.368547137,-0.007490608,0.400000000,0.400000000,0.500000000,0.000000000
387.634500308,-122.505356224,-36.846953348,-0.822596712,0.363295868,-0.026264683,0.400000000,0.400000000,0.500000000,0.000000000
387.834421891,-122.318483385,-36.775909832,-0.817431561,0.358772358,-0.022626058,0.400000000,0.400000000,0.500000000,0.000000000
388.034349541,-122.131285411,-36.705710232,-0.813718399,0.352525306,-0.031247968,0.400000000,0.400000000,0.500000000,0.000000000
388.234258550,-121.943670047,-36.636687865,-0.805393626,0.339502100,-0.065135822,0.400000000,0.400000000,0.500000000,0.000000000
388.434225191,-121.755117383,-36.570095444,-0.799740857,0.342449561,0.014742432,0.400000000,0.400000000,0.500000000,0.000000000
388.634119330,-121.566830110,-36.502971906,-0.794114274,0.339814088,-0.013187542,0.400000000,0.400000000,0.500000000,0.000000000
388.833916406,-121.378458099,-36.436377180,-0.784221079,0.331247740,-0.042869022,0.400000000,0.400000000,0.500000000,0.000000000
389.033770265,-121.189468839,-36.371380070,-0.775552705,0.338407879,0.035829957,0.400000000,0.400000000,0.500000000,0.000000000
389.233588869,-121.000983062,-36.305043153,-0.773257009,0.332189067,-0.031117581,0.400000000,0.400000000,0.500000000,0.000000000
389.433467277,-120.812031862,-36.239860166,-0.768389177,0.327190492,-0.025011915,0.400000000,0.400000000,0.500000000,0.000000000
389.633283936,-120.622815675,-36.175642321,-0.764506145,0.326783582,-0.002036363,0.400000000,0.400000000,0.500000000,0.000000000
389.833111468,-120.433563074,-36.111497985,-0.758699911,0.329446543,0.013322985,0.400000000,0.400000000,0.500000000,0.000000000
390.033038272,-120.244388025,-36.046817788,-0.745827521,0.318057933,-0.056982884,0.400000000,0.400000000,0.500000000,0.000000000
390.232829690,-120.054617238,-35.984338519,-0.734866735,0.320004952,0.009742339,0.400000000,0.400000000,0.500000000,0.000000000
390.432740854,-119.864854793,-35.921452212,-0.729909781,0.318313994,-0.008456950,0.400000000,0.400000000,0.500000000,0.000000000
390.632727457,-119.674914630,-35.858863265,-0.730252721,0.313804268,-0.022550173,0.400000000,0.400000000,0.500000000,0.000000000
390.832713133,-119.484695024,-35.797131816,-0.721901788,0.313682218,-0.000610300,0.400000000,0.400000000,0.500000000,0.000000000
391.032695380,-119.294471146,-35.735424642,-0.715592159,0.313314769,-0.001837418,0.400000000,0.400000000,0.500000000,0.000000000
391.232675257,-119.104226861,-35.673788100,-0.704778846,0.317368528,0.020270884,0.400000000,0.400000000,0.500000000,0.000000000
391.432653902,-118.914235168,-35.611381246,-0.695313780,0.319321981,0.009769134,0.400000000,0.400000000,0.500000000,0.000000000
391.632598663,-118.724397919,-35.548614009,-0.690979391,0.318885846,-0.002181357,0.400000000,0.400000000,0.500000000,0.000000000
391.832529526,-118.534546509,-35.485933930,-0.689452102,0.316284435,-0.013012538,0.400000000,0.400000000,0.500000000,0.000000000
392.032430014,-118.344561554,-35.423757392,-0.681298120,0.316606580,0.001611404,0.400000000,0.400000000,0.500000000,0.000000000
392.232361952,-118.154566752,-35.361509862,-0.679133501,0.312250880,-0.021783650,0.400000000,0.400000000,0.500000000,0.000000000
392.432335214,-117.964263296,-35.300077786,-0.674218365,0.304219560,-0.040165451,0.400000000,0.400000000,0.500000000,0.000000000
392.632272702,-117.773506733,-35.240186779,-0.665679920,0.297448474,-0.033865787,0.400000000,0.400000000,0.500000000,0.000000000
392.832212127,-117.582347167,-35.181588196,-0.655831304,0.294596871,-0.014262824,0.400000000,0.400000000,0.500000000,0.000000000
393.032137722,-117.391034512,-35.123538977,-0.647836622,0.291422181,-0.015877506,0.400000000,0.400000000,0.500000000,0.000000000
393.232109790,-117.199494020,-35.066084057,-0.644801338,0.288086125,-0.016684463,0.400000000,0.400000000,0.500000000,0.000000000
393.432037150,-117.007805787,-35.009281146,-0.642499024,0.287262789,-0.004118446,0.400000000,0.400000000,0.500000000,0.000000000
393.631938500,-116.816095795,-34.952643448,-0.638759367,0.292358515,0.025486572,0.400000000,0.400000000,0.500000000,0.000000000
393.831912055,-116.624607761,-34.895008778,-0.635043366,0.297908348,0.027752877,0.400000000,0.400000000,0.500000000,0.000000000
394.031884491,-116.433443606,-34.836312603,-0.631289744,0.291948880,-0.029802768,0.400000000,0.400000000,0.500000000,0.000000000
394.231838627,-116.241950575,-34.778761967,-0.625220376,0.284027913,-0.039615971,0.400000000,0.400000000,0.500000000,0.000000000
394.431770968,-116.050028621,-34.722736037,-0.624877891,0.285920362,0.009468958,0.400000000,0.400000000,0.500000000,0.000000000
394.631554932,-115.858355391,-34.666388855,-0.619661360,0.294800062,0.044419088,0.400000000,0.400000000,0.500000000,0.000000000
394.831584271,-115.666955267,-34.608270621,-0.610647249,0.298633984,0.019192919,0.400000000,0.400000000,0.500000000,0.000000000
395.031068884,-115.476299986,-34.549579271,-0.604586259,0.320497169,0.109526190,0.400000000,0.400000000,0.500000000,0.000000000
395.230808412,-115.286731413,-34.486653639,-0.599463670,0.341503647,0.105124060,0.400000000,0.400000000,0.500000000,0.000000000
395.430712722,-115.098371146,-34.419704829,-0.593857448,0.358142292,0.083232698,0.400000000,0.400000000,0.500000000,0.000000000
395.630614109,-114.911153576,-34.349632396,-0.592579658,0.364526662,0.031940619,0.400000000,0.400000000,0.500000000,0.000000000
395.830476995,-114.724423158,-34.278379858,-0.583038789,0.372923592,0.042005587,0.400000000,0.400000000,0.500000000,0.000000000
396.030413539,-114.538229023,-34.205535052,-0.576028265,0.371271530,-0.008262483,0.400000000,0.400000000,0.500000000,0.000000000
396.230371573,-114.351894772,-34.132990153,-0.570421219,0.381931792,0.053314496,0.400000000,0.400000000,0.500000000,0.000000000
396.430312700,-114.166360131,-34.058469343,-0.570505593,0.381630895,-0.001504814,0.400000000,0.400000000,0.500000000,0.000000000
396.630284466,-113.980774640,-33.983992952,-0.567153477,0.384793055,0.015812756,0.400000000,0.400000000,0.500000000,0.000000000
396.830263147,-113.795419173,-33.908927488,-0.563166407,0.380370240,-0.022120789,0.400000000,0.400000000,0.500000000,0.000000000
397.030162763,-113.609806935,-33.834711903,-0.555824610,0.377433350,-0.014690858,0.400000000,0.400000000,0.500000000,0.000000000
397.230088504,-113.423953247,-33.761032131,-0.547314230,0.369640653,-0.038977410,0.400000000,0.400000000,0.500000000,0.000000000
397.430018846,-113.237526754,-33.688801221,-0.542251612,0.361988171,-0.038269480,0.400000000,0.400000000,0.500000000,0.000000000
397.630013647,-113.050492697,-33.617976211,-0.534757174,0.357739671,-0.021243394,0.400000000,0.400000000,0.500000000,0.000000000
397.830001725,-112.863165727,-33.547948805,-0.531816664,0.355945930,-0.008969519,0.400000000,0.400000000,0.500000000,0.000000000
398.029977158,-112.675725299,-33.478261935,-0.526252742,0.356932550,0.004934401,0.400000000,0.400000000,0.500000000,0.000000000
398.229895965,-112.488406775,-33.408409951,-0.521281347,0.357715541,0.003915843,0.400000000,0.400000000,0.500000000,0.000000000
398.429886659,-112.301075664,-33.338386150,-0.516818051,0.356968739,-0.003734206,0.400000000,0.400000000,0.500000000,0.000000000
398.629875150,-112.113694376,-33.268503037,-0.511644688,0.351996930,-0.024865011,0.400000000,0.400000000,0.500000000,0.000000000
398.829790291,-111.926036813,-33.199577698,-0.505222508,0.346014453,-0.029922735,0.400000000,0.400000000,0.500000000,0.000000000
399.029736161,-111.737941358,-33.131765820,-0.498431156,0.340597442,-0.027095059,0.400000000,0.400000000,0.500000000,0.000000000
399.229642123,-111.549518942,-33.064987178,-0.490232125,0.333725163,-0.034373976,0.400000000,0.400000000,0.500000000,0.000000000
399.429588983,-111.360603416,-32.999491598,-0.487223914,0.335500142,0.008876275,0.400000000,0.400000000,0.500000000,0.000000000
399.629580021,-111.171762726,-32.933646255,-0.484206436,0.336531376,0.005156569,0.400000000,0.400000000,0.500000000,0.000000000
399.829557775,-110.983002578,-32.867610595,-0.473140122,0.340234356,0.018517614,0.400000000,0.400000000,0.500000000,0.000000000
400.029521196,-110.794501763,-32.800881197,-0.471967357,0.335455073,-0.023901371,0.400000000,0.400000000,0.500000000,0.000000000
400.229474452,-110.605693782,-32.735056803,-0.467648513,0.339199838,0.018729274,0.400000000,0.400000000,0.500000000,0.000000000
400.429404580,-110.417155432,-32.668533526,-0.462682695,0.341985142,0.013932361,0.400000000,0.400000000,0.500000000,0.000000000
400.629306595,-110.228829585,-32.601494799,-0.459481720,0.345257197,0.016370690,0.400000000,0.400000000,0.500000000,0.000000000
400.829150006,-110.040779246,-32.533860053,-0.453310496,0.345626301,0.001846477,0.400000000,0.400000000,0.500000000,0.000000000
401.029099439,-109.852654131,-32.466119983,-0.445532108,0.350878151,0.026270338,0.400000000,0.400000000,0.500000000,0.000000000
401.228980684,-109.664951403,-32.397416284,-0.444373298,0.353514500,0.013186949,0.400000000,0.400000000,0.500000000,0.000000000
401.428941490,-109.477355814,-32.328190432,-0.441128687,0.347881991,-0.028166454,0.400000000,0.400000000,0.500000000,0.000000000
401.628924680,-109.289352244,-32.260014674,-0.430337874,0.345992512,-0.009448347,0.400000000,0.400000000,0.500000000,0.000000000
401.828901029,-109.101226628,-32.192196587,-0.430219405,0.346893627,0.004506317,0.400000000,0.400000000,0.500000000,0.000000000
402.028858788,-108.913179683,-32.124215325,-0.422240254,0.358442108,0.057750482,0.400000000,0.400000000,0.500000000,0.000000000
402.228842856,-108.725905704,-32.054057758,-0.419519047,0.369161604,0.053611067,0.400000000,0.400000000,0.500000000,0.000000000
402.428755502,-108.539461135,-31.981922549,-0.412867303,0.390602178,0.107298816,0.400000000,0.400000000,0.500000000,0.000000000
402.628477515,-108.354782193,-31.905879330,-0.405602751,0.400391755,0.048990616,0.400000000,0.400000000,0.500000000,0.000000000
402.828405029,-108.170667273,-31.827951755,-0.401596065,0.410521996,0.050663105,0.400000000,0.400000000,0.500000000,0.000000000
403.028381876,-107.987305977,-31.748143394,-0.395723083,0.423933836,0.067067537,0.400000000,0.400000000,0.500000000,0.000000000
403.228352308,-107.805037364,-31.665885710,-0.384542280,0.427622078,0.018448149,0.400000000,0.400000000,0.500000000,0.000000000
403.428231139,-107.623156730,-31.582994325,-0.381545027,0.418320082,-0.046542922,0.400000000,0.400000000,0.500000000,0.000000000
403.628067743,-107.440551505,-31.501815508,-0.378826042,0.418113252,-0.001034911,0.400000000,0.400000000,0.500000000,0.000000000
403.827937337,-107.257899346,-31.420661066,-0.370987256,0.420016500,0.009521821,0.400000000,0.400000000,0.500000000,0.000000000
404.027833307,-107.075377892,-31.339148383,-0.364138077,0.409679309,-0.051706372,0.400000000,0.400000000,0.500000000,0.000000000
404.227777603,-106.891979265,-31.259507532,-0.359857716,0.402523441,-0.035795086,0.400000000,0.400000000,0.500000000,0.000000000
404.427656523,-106.708075590,-31.181206695,-0.365093210,0.408792148,0.031355513,0.400000000,0.400000000,0.500000000,0.000000000
404.627624168,-106.524584956,-31.101719298,-0.356989682,0.403367603,-0.027130376,0.400000000,0.400000000,0.500000000,0.000000000
404.827543278,-106.340710481,-31.023247469,-0.352339717,0.396675589,-0.033475466,0.400000000,0.400000000,0.500000000,0.000000000
405.027439444,-106.156336155,-30.946016744,-0.342823611,0.388041564,-0.043197476,0.400000000,0.400000000,0.500000000,0.000000000
405.227288760,-105.971345264,-30.870398497,-0.337702833,0.380012764,-0.040160338,0.400000000,0.400000000,0.500000000,0.000000000
405.427275652,-105.785625456,-30.796216894,-0.329065567,0.363780056,-0.081176059,0.400000000,0.400000000,0.500000000,0.000000000
405.627222677,-105.598763259,-30.725073853,-0.327534623,0.353957620,-0.049121822,0.400000000,0.400000000,0.500000000,0.000000000
405.827195547,-105.411187048,-30.655760699,-0.323200585,0.342574435,-0.056925554,0.400000000,0.400000000,0.500000000,0.000000000
406.027152827,-105.222848685,-30.588592440,-0.317096825,0.334854846,-0.038607612,0.400000000,0.400000000,0.500000000,0.000000000
406.227094411,-105.034012252,-30.522885220,-0.312523921,0.328064451,-0.033974101,0.400000000,0.400000000,0.500000000,0.000000000
406.426891577,-104.844870714,-30.458508314,-0.315235633,0.318547762,-0.047608352,0.400000000,0.400000000,0.500000000,0.000000000
406.626883628,-104.654940015,-30.395873261,-0.312558374,0.310259874,-0.041449116,0.400000000,0.400000000,0.500000000,0.000000000
406.826797080,-104.464571578,-30.334838462,-0.299359505,0.309646616,-0.003067503,0.400000000,0.400000000,0.500000000,0.000000000
407.026725264,-104.274151716,-30.273915930,-0.298460425,0.304961751,-0.023432043,0.400000000,0.400000000,0.500000000,0.000000000
407.226664978,-104.083437532,-30.213882693,-0.299650988,0.301107270,-0.019275991,0.400000000,0.400000000,0.500000000,0.000000000
407.426650541,-103.892449583,-30.154571406,-0.291876932,0.300537598,-0.002848679,0.400000000,0.400000000,0.500000000,0.000000000
407.626620442,-103.701442837,-30.095373567,-0.276468798,0.303782618,0.016227193,0.400000000,0.400000000,0.500000000,0.000000000
407.826598806,-103.510621119,-30.035553687,-0.272934529,0.304434188,0.003258687,0.400000000,0.400000000,0.500000000,0.000000000
408.026517220,-103.319895612,-29.975627457,-0.269862071,0.298624395,-0.029060511,0.400000000,0.400000000,0.500000000,0.000000000
408.226439283,-103.128821679,-29.916809234,-0.263812418,0.292553117,-0.030367198,0.400000000,0.400000000,0.500000000,0.000000000
408.426374249,-102.937381812,-29.859148430,-0.253831908,0.290186612,-0.011837388,0.400000000,0.400000000,0.500000000,0.000000000
408.626274847,-102.745838959,-29.801950664,-0.247205597,0.290562632,0.001880621,0.400000000,0.400000000,0.500000000,0.000000000
408.826263566,-102.554233200,-29.744655632,-0.244174218,0.287794362,-0.013846925,0.400000000,0.400000000,0.500000000,0.000000000
409.026113625,-102.362602524,-29.687930593,-0.233917048,0.298437574,0.053243042,0.400000000,0.400000000,0.500000000,0.000000000
409.226058944,-102.171495378,-29.629141230,-0.234196567,0.306512708,0.040383871,0.400000000,0.400000000,0.500000000,0.000000000
409.426031306,-101.980843406,-29.568802424,-0.222335298,0.315542960,0.045165655,0.400000000,0.400000000,0.500000000,0.000000000
409.625930103,-101.790814009,-29.506767297,-0.217587332,0.320873492,0.026667275,0.400000000,0.400000000,0.500000000,0.000000000
409.825811629,-101.601134379,-29.443725545,-0.209863233,0.328755791,0.039426958,0.400000000,0.400000000,0.500000000,0.000000000
410.025772196,-101.411882742,-29.379165136,-0.203720711,0.344530743,0.078893455,0.400000000,0.400000000,0.500000000,0.000000000
410.225712706,-101.223691926,-29.311634222,-0.192657843,0.370125380,0.128072817,0.400000000,0.400000000,0.500000000,0.000000000
410.425450115,-101.037480335,-29.239382745,-0.187352728,0.388567091,0.092366190,0.400000000,0.400000000,0.500000000,0.000000000
410.625024386,-100.852783751,-29.163771495,-0.186778452,0.412199872,0.118291545,0.400000000,0.400000000,0.500000000,0.000000000
410.825009215,-100.669549308,-29.083652391,-0.176011478,0.437562919,0.126880558,0.400000000,0.400000000,0.500000000,0.000000000
411.024807721,-100.488574413,-28.998991121,-0.167835027,0.439410968,0.009246325,0.400000000,0.400000000,0.500000000,0.000000000
411.224746173,-100.307629635,-28.913936011,-0.167385544,0.436356235,-0.015278591,0.400000000,0.400000000,0.500000000,0.000000000
411.424678570,-100.126431368,-28.829436594,-0.160646254,0.434303802,-0.010267263,0.400000000,0.400000000,0.500000000,0.000000000
411.624547518,-99.945117612,-28.745335950,-0.152092650,0.426819910,-0.037447511,0.400000000,0.400000000,0.500000000,0.000000000
411.824377985,-99.763214568,-28.662610512,-0.144428440,0.407898703,-0.094653644,0.400000000,0.400000000,0.500000000,0.000000000
412.024340365,-99.579657823,-28.583289174,-0.137263444,0.390127625,-0.088925138,0.400000000,0.400000000,0.500000000,0.000000000
412.224058994,-99.394945946,-28.507334891,-0.130420206,0.363544360,-0.133115518,0.400000000,0.400000000,0.500000000,0.000000000
412.423730055,-99.208324914,-28.436334024,-0.121061589,0.344776943,-0.093978900,0.400000000,0.400000000,0.500000000,0.000000000
412.623449510,-99.020358776,-28.368831493,-0.119231148,0.323732923,-0.105298925,0.400000000,0.400000000,0.500000000,0.000000000
412.823423263,-98.830772748,-28.305218286,-0.104914127,0.314113702,-0.048100870,0.400000000,0.400000000,0.500000000,0.000000000
413.023408341,-98.640572822,-28.243428165,-0.096523570,0.306956707,-0.035786909,0.400000000,0.400000000,0.500000000,0.000000000
413.223400791,-98.449928510,-28.182998646,-0.088433461,0.302467206,-0.022451389,0.400000000,0.400000000,0.500000000,0.000000000
413.423338805,-98.259066787,-28.123441847,-0.081700710,0.299294740,-0.015869288,0.400000000,0.400000000,0.500000000,0.000000000
413.623225136,-98.068066469,-28.064506087,-0.083367121,0.295265592,-0.020153153,0.400000000,0.400000000,0.500000000,0.000000000
413.823191451,-97.876753718,-28.006317098,-0.074632082,0.292182707,-0.015419600,0.400000000,0.400000000,0.500000000,0.000000000
414.023090716,-97.685326695,-27.948737492,-0.067057333,0.290372983,-0.009051072,0.400000000,0.400000000,0.500000000,0.000000000
414.223083150,-97.493706514,-27.891477736,-0.059570187,0.296798586,0.032130169,0.400000000,0.400000000,0.500000000,0.000000000
414.423063201,-97.302470056,-27.832991516,-0.057359886,0.294028505,-0.013852539,0.400000000,0.400000000,0.500000000,0.000000000
414.623021354,-97.111093278,-27.775041607,-0.051973938,0.299715627,0.028444075,0.400000000,0.400000000,0.500000000,0.000000000
414.822943588,-96.920083480,-27.716014862,-0.052990108,0.295684487,-0.020162828,0.400000000,0.400000000,0.500000000,0.000000000
415.022879635,-96.728824075,-27.657754558,-0.041951163,0.301358125,0.028376318,0.400000000,0.400000000,0.500000000,0.000000000
415.222828473,-96.537886081,-27.598406264,-0.034929532,0.301255954,-0.000510998,0.400000000,0.400000000,0.500000000,0.000000000
415.422765538,-96.346953267,-27.539080972,-0.031995070,0.308888243,0.038169802,0.400000000,0.400000000,0.500000000,0.000000000
415.622739886,-96.156443277,-27.478288833,-0.031167532,0.309526786,0.003193132,0.400000000,0.400000000,0.500000000,0.000000000
415.822713395,-95.965972945,-27.417375313,-0.025888658,0.310763082,0.006182934,0.400000000,0.400000000,0.500000000,0.000000000
416.022645880,-95.775617125,-27.356238907,-0.018635359,0.306372138,-0.021963513,0.400000000,0.400000000,0.500000000,0.000000000
416.222552977,-95.585018900,-27.295946587,-0.011442949,0.308134242,0.008814088,0.400000000,0.400000000,0.500000000,0.000000000
416.422483997,-95.394504416,-27.235311250,-0.002084185,0.303438819,-0.023481570,0.400000000,0.400000000,0.500000000,0.000000000
416.622476735,-95.203648425,-27.175552684,0.004239944,0.297006804,-0.032164569,0.400000000,0.400000000,0.500000000,0.000000000
416.822427402,-95.012452246,-27.117035246,0.006739389,0.294546111,-0.012308163,0.400000000,0.400000000,0.500000000,0.000000000
417.022323964,-94.821164428,-27.059004167,0.008387467,0.294732899,0.000934255,0.400000000,0.400000000,0.500000000,0.000000000
417.222293324,-94.629817794,-27.000916212,0.005911543,0.289843867,-0.024447280,0.400000000,0.400000000,0.500000000,0.000000000
417.422288922,-94.438164311,-26.943756948,0.006864794,0.284070792,-0.028865629,0.400000000,0.400000000,0.500000000,0.000000000
417.622289228,-94.246179518,-26.887703742,0.012085052,0.281419053,-0.013259229,0.400000000,0.400000000,0.500000000,0.000000000
417.822272647,-94.054062986,-26.832164515,0.022313108,0.278804978,-0.013072122,0.400000000,0.400000000,0.500000000,0.000000000
418.022235667,-93.861821537,-26.777133298,0.026401495,0.275085346,-0.018602543,0.400000000,0.400000000,0.500000000,0.000000000
418.222178189,-93.669396450,-26.722823096,0.026874402,0.268071457,-0.035075644,0.400000000,0.400000000,0.500000000,0.000000000
418.422164178,-93.476553260,-26.669852353,0.032067540,0.267560642,-0.002554277,0.400000000,0.400000000,0.500000000,0.000000000
418.622146578,-93.283686497,-26.616981074,0.033760375,0.268810296,0.006248687,0.400000000,0.400000000,0.500000000,0.000000000
418.822137627,-93.090877618,-26.563866522,0.040081913,0.272262686,0.017266185,0.400000000,0.400000000,0.500000000,0.000000000
419.022048239,-92.898330732,-26.510108266,0.040177643,0.272088290,-0.000872295,0.400000000,0.400000000,0.500000000,0.000000000
419.221992658,-92.705741912,-26.456374506,0.043021083,0.283234228,0.055747812,0.400000000,0.400000000,0.500000000,0.000000000
419.421916121,-92.513784076,-26.400503401,0.044514251,0.286067538,0.014170809,0.400000000,0.400000000,0.500000000,0.000000000
419.621872318,-92.321953907,-26.344079408,0.050080918,0.288640786,0.012868911,0.400000000,0.400000000,0.500000000,0.000000000
419.821833003,-92.130265264,-26.287160699,0.056419338,0.293611217,0.024856262,0.400000000,0.400000000,0.500000000,0.000000000
420.021805823,-91.938850282,-26.229286409,0.066444825,0.301628398,0.040092479,0.400000000,0.400000000,0.500000000,0.000000000
420.221766320,-91.747917202,-26.169883048,0.072120305,0.304366378,0.013691776,0.400000000,0.400000000,0.500000000,0.000000000
420.421750938,-91.557124471,-26.109949911,0.073652646,0.309644967,0.026394556,0.400000000,0.400000000,0.500000000,0.000000000
420.621741495,-91.366645101,-26.049008687,0.081957388,0.309171108,-0.002369481,0.400000000,0.400000000,0.500000000,0.000000000
420.821719984,-91.176148372,-25.988161402,0.088300620,0.303245957,-0.029629826,0.400000000,0.400000000,0.500000000,0.000000000
421.021685945,-90.985306415,-25.928447641,0.094956281,0.305797973,0.012761740,0.400000000,0.400000000,0.500000000,0.000000000
421.221667787,-90.794602326,-25.868242263,0.100814048,0.298615526,-0.035922006,0.400000000,0.400000000,0.500000000,0.000000000
421.421576269,-90.603540852,-25.809429731,0.108927900,0.299810663,0.005978049,0.400000000,0.400000000,0.500000000,0.000000000
421.621509621,-90.412526041,-25.750381550,0.107146389,0.311549789,0.058708421,0.400000000,0.400000000,0.500000000,0.000000000
421.821486827,-90.222175808,-25.689081700,0.114572256,0.320538547,0.044982958,0.400000000,0.400000000,0.500000000,0.000000000
422.021159976,-90.032672836,-25.626169139,0.113910602,0.325178346,0.023225526,0.400000000,0.400000000,0.500000000,0.000000000
422.221029572,-89.843277654,-25.562315242,0.121939682,0.332200612,0.035131148,0.400000000,0.400000000,0.500000000,0.000000000
422.420933464,-89.654303116,-25.497121762,0.135187055,0.334919045,0.013596672,0.400000000,0.400000000,0.500000000,0.000000000
422.620896916,-89.465450248,-25.431395232,0.134407331,0.324147926,-0.053863790,0.400000000,0.400000000,0.500000000,0.000000000
422.820870677,-89.275890630,-25.367703349,0.140601133,0.327177481,0.015152013,0.400000000,0.400000000,0.500000000,0.000000000
423.020784874,-89.086581242,-25.303456620,0.138474102,0.326642256,-0.002677107,0.400000000,0.400000000,0.500000000,0.000000000
423.220723974,-88.897213910,-25.239303233,0.142036410,0.328062192,0.007102963,0.400000000,0.400000000,0.500000000,0.000000000
423.420600092,-88.707997485,-25.174901314,0.150137982,0.334247061,0.030937269,0.400000000,0.400000000,0.500000000,0.000000000
423.620556240,-88.519107394,-25.109304102,0.159490539,0.349129275,0.074432023,0.400000000,0.400000000,0.500000000,0.000000000
423.820483779,-88.331241297,-25.040912940,0.168038904,0.356660756,0.037671449,0.400000000,0.400000000,0.500000000,0.000000000
424.020406217,-88.143900392,-24.971110603,0.177021890,0.364928948,0.041358768,0.400000000,0.400000000,0.500000000,0.000000000
424.220310390,-87.957160084,-24.899768218,0.185311728,0.380120522,0.075981308,0.400000000,0.400000000,0.500000000,0.000000000
424.420278971,-87.771465276,-24.825573397,0.178781152,0.384426602,0.021533939,0.400000000,0.400000000,0.500000000,0.000000000
424.620244399,-87.586094600,-24.750580833,0.190589247,0.384502964,0.000381847,0.400000000,0.400000000,0.500000000,0.000000000
424.820237949,-87.400703581,-24.675563564,0.194559800,0.376317235,-0.040935695,0.400000000,0.400000000,0.500000000,0.000000000
425.020174398,-87.214757816,-24.602087338,0.193865527,0.364731619,-0.057951453,0.400000000,0.400000000,0.500000000,0.000000000
425.220074372,-87.028007357,-24.530783301,0.200589463,0.353615555,-0.055605585,0.400000000,0.400000000,0.500000000,0.000000000
425.419990595,-86.840460588,-24.461553929,0.209909457,0.346231200,-0.036946788,0.400000000,0.400000000,0.500000000,0.000000000
425.619802667,-86.652505694,-24.393746689,0.216234088,0.336074745,-0.050811054,0.400000000,0.400000000,0.500000000,0.000000000
425.819762341,-86.463732480,-24.327803192,0.212203998,0.333721808,-0.011768946,0.400000000,0.400000000,0.500000000,0.000000000
426.019657698,-86.274865396,-24.262325116,0.215846866,0.331515601,-0.011035990,0.400000000,0.400000000,0.500000000,0.000000000
426.219582589,-86.085826388,-24.197254267,0.223232108,0.324989117,-0.032639948,0.400000000,0.400000000,0.500000000,0.000000000
426.419564742,-85.896312460,-24.133400271,0.227300758,0.312474582,-0.062576763,0.400000000,0.400000000,0.500000000,0.000000000
426.619553873,-85.706007650,-24.071920746,0.242696474,0.311836201,-0.003192405,0.400000000,0.400000000,0.500000000,0.000000000
426.819501899,-85.515702755,-24.010575333,0.248244169,0.310589031,-0.006237288,0.400000000,0.400000000,0.500000000,0.000000000
427.019461670,-85.325310316,-23.949463721,0.255307488,0.305508055,-0.025413859,0.400000000,0.400000000,0.500000000,0.000000000
427.219360147,-85.134668285,-23.889338708,0.262632866,0.302434675,-0.015371433,0.400000000,0.400000000,0.500000000,0.000000000
427.419343528,-84.943761317,-23.829774605,0.261211385,0.300805429,-0.008147448,0.400000000,0.400000000,0.500000000,0.000000000
427.619300379,-84.752782897,-23.770529477,0.262058611,0.291911295,-0.044489873,0.400000000,0.400000000,0.500000000,0.000000000
427.819169537,-84.561369086,-23.713010493,0.268488958,0.287131862,-0.023908935,0.400000000,0.400000000,0.500000000,0.000000000
428.019103043,-84.369620842,-23.656388789,0.272428310,0.285126247,-0.010030374,0.400000000,0.400000000,0.500000000,0.000000000
428.219077866,-84.177719773,-23.600140150,0.286041224,0.277962757,-0.035822502,0.400000000,0.400000000,0.500000000,0.000000000
428.419045789,-83.985427329,-23.545269517,0.281497488,0.280741509,0.013897185,0.400000000,0.400000000,0.500000000,0.000000000
428.618979174,-83.793321284,-23.489874333,0.286380119,0.283706953,0.014830668,0.400000000,0.400000000,0.500000000,0.000000000
428.818952626,-83.601341891,-23.433898499,0.294716155,0.280318045,-0.016946728,0.400000000,0.400000000,0.500000000,0.000000000
429.018927342,-83.409172690,-23.378573235,0.291023950,0.280220420,-0.000488174,0.400000000,0.400000000,0.500000000,0.000000000
429.218911954,-83.216988577,-23.323263995,0.307427464,0.278402222,-0.009091586,0.400000000,0.400000000,0.500000000,0.000000000
429.418901047,-83.024699911,-23.268303044,0.317234309,0.275434058,-0.014847447,0.400000000,0.400000000,0.500000000,0.000000000
429.618733247,-82.832399938,-23.213955748,0.315301578,0.271106620,-0.021647286,0.400000000,0.400000000,0.500000000,0.000000000
429.818714203,-82.639723259,-23.160401288,0.322382906,0.264088967,-0.035090243,0.400000000,0.400000000,0.500000000,0.000000000
430.018709902,-82.446661269,-23.108196425,0.332541094,0.261082982,-0.015031467,0.400000000,0.400000000,0.500000000,0.000000000
430.218673004,-82.253474718,-23.056580552,0.330389357,0.262465363,0.006912777,0.400000000,0.400000000,0.500000000,0.000000000
430.418659396,-82.060337210,-23.004691629,0.334378714,0.253922795,-0.042714544,0.400000000,0.400000000,0.500000000,0.000000000
430.618655804,-81.866753796,-22.954451953,0.332327216,0.254342348,0.002098000,0.400000000,0.400000000,0.500000000,0.000000000
430.818614094,-81.673228369,-22.904140654,0.338214111,0.250724333,-0.018094181,0.400000000,0.400000000,0.500000000,0.000000000
431.018564776,-81.479529552,-22.854531748,0.350213116,0.244209395,-0.032585122,0.400000000,0.400000000,0.500000000,0.000000000
431.218485330,-81.285540883,-22.806193107,0.354491610,0.243212107,-0.004987972,0.400000000,0.400000000,0.500000000,0.000000000
431.418441853,-81.091469193,-22.758039290,0.362690912,0.251939969,0.043648860,0.400000000,0.400000000,0.500000000,0.000000000
431.618396531,-80.897826955,-22.708193957,0.362221341,0.244909364,-0.035167143,0.400000000,0.400000000,0.500000000,0.000000000
431.818280471,-80.703907692,-22.659728419,0.364871153,0.245776431,0.004337392,0.400000000,0.400000000,0.500000000,0.000000000
432.018207042,-80.509989173,-22.611084386,0.367134168,0.250371693,0.022983635,0.400000000,0.400000000,0.500000000,0.000000000
432.218152616,-80.316277822,-22.561545055,0.375985807,0.247945865,-0.012131447,0.400000000,0.400000000,0.500000000,0.000000000
432.418130911,-80.122415148,-22.512467749,0.385424552,0.245642920,-0.011522011,0.400000000,0.400000000,0.500000000,0.000000000
432.617899534,-79.928643343,-22.463888016,0.387920656,0.240542905,-0.025515843,0.400000000,0.400000000,0.500000000,0.000000000
432.817883254,-79.734417399,-22.416245908,0.393776112,0.241212519,0.003349193,0.400000000,0.400000000,0.500000000,0.000000000
433.017765354,-79.540322077,-22.368498028,0.397645047,0.232545831,-0.043357149,0.400000000,0.400000000,0.500000000,0.000000000
433.217663271,-79.345804842,-22.322430439,0.403590800,0.234125752,0.007901934,0.400000000,0.400000000,0.500000000,0.000000000
433.417647428,-79.151276747,-22.276035579,0.405525600,0.232361872,-0.008821275,0.400000000,0.400000000,0.500000000,0.000000000
433.617578298,-78.956718973,-22.229996186,0.411018977,0.247641609,0.076426728,0.400000000,0.400000000,0.500000000,0.000000000
433.817496770,-78.762899374,-22.180992530,0.413865007,0.257964977,0.051635833,0.400000000,0.400000000,0.500000000,0.000000000
434.017429392,-78.569582294,-22.129987040,0.412955261,0.261392151,0.017139466,0.400000000,0.400000000,0.500000000,0.000000000
434.217412708,-78.376392182,-22.078306219,0.427039607,0.271112932,0.048621663,0.400000000,0.400000000,0.500000000,0.000000000
434.417281703,-78.183823713,-22.024780526,0.423506073,0.274401679,0.016455614,0.400000000,0.400000000,0.500000000,0.000000000
434.617123803,-77.991458206,-21.970629103,0.444788418,0.266840411,-0.037830342,0.400000000,0.400000000,0.500000000,0.000000000
434.817026971,-77.798629842,-21.917917638,0.450628272,0.263991869,-0.014249929,0.400000000,0.400000000,0.500000000,0.000000000
435.016921073,-77.605660861,-21.865758031,0.452929819,0.271311668,0.036609074,0.400000000,0.400000000,0.500000000,0.000000000
435.216915987,-77.412981720,-21.812160323,0.445908856,0.266603239,-0.023544914,0.400000000,0.400000000,0.500000000,0.000000000
435.416873706,-77.220088236,-21.759480222,0.452858313,0.275889431,0.046437698,0.400000000,0.400000000,0.500000000,0.000000000
435.616856506,-77.027668126,-21.705004339,0.452585954,0.286580422,0.053472241,0.400000000,0.400000000,0.500000000,0.000000000
435.816742504,-76.835934258,-21.648501810,0.462642971,0.300405145,0.069174606,0.400000000,0.400000000,0.500000000,0.000000000
436.016558465,-76.645066719,-21.589374823,0.469637432,0.320403064,0.100051021,0.400000000,0.400000000,0.500000000,0.000000000
436.216490270,-76.455309733,-21.526406473,0.472334525,0.339405716,0.095069087,0.400000000,0.400000000,0.500000000,0.000000000
436.416317554,-76.266882059,-21.459878621,0.478324303,0.348585092,0.045921173,0.400000000,0.400000000,0.500000000,0.000000000
436.616277271,-76.078948530,-21.391578712,0.480217544,0.361136807,0.062769872,0.400000000,0.400000000,0.500000000,0.000000000
436.816242936,-75.891881500,-21.320923256,0.490188695,0.363946896,0.014052009,0.400000000,0.400000000,0.500000000,0.000000000
437.016232649,-75.704991284,-21.249733845,0.493583487,0.366765766,0.014094804,0.400000000,0.400000000,0.500000000,0.000000000
437.216229926,-75.518295423,-21.178015185,0.496387446,0.360829607,-0.029682019,0.400000000,0.400000000,0.500000000,0.000000000
437.416215549,-75.331188024,-21.107410153,0.500222742,0.362145008,0.006578073,0.400000000,0.400000000,0.500000000,0.000000000
437.616165002,-75.144207484,-21.036571875,0.507060842,0.357755213,-0.021954817,0.400000000,0.400000000,0.500000000,0.000000000
437.816108835,-74.956923046,-20.966557052,0.516326129,0.351480404,-0.031381909,0.400000000,0.400000000,0.500000000,0.000000000
438.016064097,-74.769192237,-20.897714838,0.523633868,0.346926007,-0.022777965,0.400000000,0.400000000,0.500000000,0.000000000
438.216003520,-74.581164738,-20.829733722,0.530912465,0.340128482,-0.033996138,0.400000000,0.400000000,0.500000000,0.000000000
438.415963154,-74.392660429,-20.763025545,0.532687225,0.329585555,-0.052725895,0.400000000,0.400000000,0.500000000,0.000000000
438.615916218,-74.203469527,-20.698310552,0.527114390,0.326795250,-0.013955764,0.400000000,0.400000000,0.500000000,0.000000000
438.815841540,-74.014125061,-20.634132616,0.537795081,0.333889945,0.035478311,0.400000000,0.400000000,0.500000000,0.000000000
439.015860842,-73.825151889,-20.568582167,0.544257511,0.325709416,-0.040907746,0.400000000,0.400000000,0.500000000,0.000000000
439.215790522,-73.635733718,-20.504608471,0.548256206,0.323934476,-0.008876550,0.400000000,0.400000000,0.500000000,0.000000000
439.415777524,-73.446147956,-20.440952836,0.547764151,0.318591491,-0.026724941,0.400000000,0.400000000,0.500000000,0.000000000
439.615640142,-73.256342916,-20.378350020,0.554474740,0.311745925,-0.034242546,0.400000000,0.400000000,0.500000000,0.000000000
439.815604832,-73.066016622,-20.317016675,0.565764860,0.298190671,-0.067785189,0.400000000,0.400000000,0.500000000,0.000000000
440.015584457,-72.874862174,-20.258264420,0.573100899,0.291375656,-0.034080852,0.400000000,0.400000000,0.500000000,0.000000000
440.215536267,-72.683338414,-20.200824230,0.577204202,0.290074158,-0.006508340,0.400000000,0.400000000,0.500000000,0.000000000
440.415532102,-72.491697871,-20.143620764,0.579605378,0.289515641,-0.002792970,0.400000000,0.400000000,0.500000000,0.000000000
440.615481178,-72.300070222,-20.086537691,0.583147663,0.289627280,0.000558292,0.400000000,0.400000000,0.500000000,0.000000000
440.815463017,-72.108417549,-20.029423868,0.585381056,0.287148352,-0.012395321,0.400000000,0.400000000,0.500000000,0.000000000
441.015459146,-71.916610179,-19.972781266,0.593360822,0.289022960,0.009373262,0.400000000,0.400000000,0.500000000,0.000000000
441.215453615,-71.724910920,-19.915779673,0.600012364,0.284962714,-0.020302170,0.400000000,0.400000000,0.500000000,0.000000000
441.415440338,-71.532989234,-19.859559071,0.607308318,0.284459148,-0.002518162,0.400000000,0.400000000,0.500000000,0.000000000
441.615400920,-71.341064352,-19.803442459,0.612786864,0.282800754,-0.008293296,0.400000000,0.400000000,0.500000000,0.000000000
441.815376376,-71.149032389,-19.747640059,0.619266810,0.291364723,0.042829913,0.400000000,0.400000000,0.500000000,0.000000000
442.015305677,-70.957529560,-19.690208429,0.624466307,0.290161954,-0.006016592,0.400000000,0.400000000,0.500000000,0.000000000
442.215193636,-70.765997407,-19.633019002,0.623093219,0.299167101,0.045042618,0.400000000,0.400000000,0.500000000,0.000000000
442.415154384,-70.574918457,-19.574085690,0.628227280,0.301404022,0.011187115,0.400000000,0.400000000,0.500000000,0.000000000
442.615103798,-70.383982636,-19.514728461,0.632215665,0.302643410,0.006198830,0.400000000,0.400000000,0.500000000,0.000000000
442.815032436,-70.193140360,-19.455140826,0.645056128,0.293605103,-0.045202867,0.400000000,0.400000000,0.500000000,0.000000000
443.015002160,-70.001727988,-19.397268603,0.642649796,0.296799346,0.015973071,0.400000000,0.400000000,0.500000000,0.000000000
443.214985720,-69.810488219,-19.338781212,0.648953093,0.289002563,-0.038998214,0.400000000,0.400000000,0.500000000,0.000000000
443.414854455,-69.618908317,-19.281819363,0.655097375,0.288186981,-0.004079415,0.400000000,0.400000000,0.500000000,0.000000000
443.614838307,-69.427171651,-19.224981064,0.665161964,0.288500555,0.001568023,0.400000000,0.400000000,0.500000000,0.000000000
443.814815839,-69.235458878,-19.168084442,0.667103255,0.300437364,0.059692201,0.400000000,0.400000000,0.500000000,0.000000000
444.014781266,-69.044450472,-19.108907072,0.674396816,0.301662694,0.006128624,0.400000000,0.400000000,0.500000000,0.000000000
444.214687044,-68.853571678,-19.049513420,0.676958866,0.313534565,0.059380849,0.400000000,0.400000000,0.500000000,0.000000000
444.414634116,-68.663372150,-18.987845183,0.684375982,0.319740464,0.031035814,0.400000000,0.400000000,0.500000000,0.000000000
444.614605004,-68.473536382,-18.924990295,0.694636523,0.326335925,0.032983933,0.400000000,0.400000000,0.500000000,0.000000000
444.814552998,-68.284140981,-18.860892069,0.700396548,0.319652556,-0.033422364,0.400000000,0.400000000,0.500000000,0.000000000
445.014538187,-68.094286111,-18.798049376,0.707964937,0.313873182,-0.028899637,0.400000000,0.400000000,0.500000000,0.000000000
445.214514189,-67.904079960,-18.736307805,0.706290217,0.306577461,-0.036487845,0.400000000,0.400000000,0.500000000,0.000000000
445.414435975,-67.713480114,-18.675971919,0.713942973,0.300358817,-0.031100269,0.400000000,0.400000000,0.500000000,0.000000000
445.614422919,-67.522446508,-18.616803186,0.723496409,0.293859773,-0.032497260,0.400000000,0.400000000,0.500000000,0.000000000
445.814410130,-67.331032142,-18.558877152,0.725113491,0.291576571,-0.011416613,0.400000000,0.400000000,0.500000000,0.000000000
446.014401694,-67.139481851,-18.501387055,0.735688827,0.296717682,0.025708588,0.400000000,0.400000000,0.500000000,0.000000000
446.214362464,-66.948259099,-18.442921945,0.737292071,0.291474150,-0.026221049,0.400000000,0.400000000,0.500000000,0.000000000
446.414349503,-66.756707254,-18.385452768,0.737831094,0.292739051,0.006325189,0.400000000,0.400000000,0.500000000,0.000000000
446.614319066,-66.565244988,-18.327746386,0.744788991,0.287719405,-0.025101325,0.400000000,0.400000000,0.500000000,0.000000000
446.814299748,-66.373484807,-18.270998644,0.748933649,0.286166802,-0.007765237,0.400000000,0.400000000,0.500000000,0.000000000
447.014204542,-66.181709552,-18.214570119,0.764617726,0.282148589,-0.020097265,0.400000000,0.400000000,0.500000000,0.000000000
447.214176033,-65.989645044,-18.158894072,0.769551982,0.282026985,-0.000608122,0.400000000,0.400000000,0.500000000,0.000000000
447.414140747,-65.797580277,-18.103243268,0.768806128,0.279779862,-0.011236648,0.400000000,0.400000000,0.500000000,0.000000000
447.614139122,-65.605358589,-18.048014901,0.772654215,0.271181114,-0.042993603,0.400000000,0.400000000,0.500000000,0.000000000
447.814140791,-65.412665944,-17.994440539,0.777618002,0.271385821,0.001023845,0.400000000,0.400000000,0.500000000,0.000000000
448.014017481,-65.220104675,-17.940860236,0.780456065,0.265310960,-0.030390628,0.400000000,0.400000000,0.500000000,0.000000000
448.213925325,-65.027191404,-17.888442528,0.794070208,0.265245128,-0.000329297,0.400000000,0.400000000,0.500000000,0.000000000
448.413850445,-64.834258011,-17.836032991,0.796731202,0.254108809,-0.055697562,0.400000000,0.400000000,0.500000000,0.000000000
448.613808603,-64.640720968,-17.785766922,0.800656807,0.257648639,0.017704612,0.400000000,0.400000000,0.500000000,0.000000000
448.813726901,-64.447401614,-17.734826238,0.808783939,0.245802005,-0.059255291,0.400000000,0.400000000,0.500000000,0.000000000
449.013656960,-64.253480957,-17.686176397,0.814209307,0.241764296,-0.020192451,0.400000000,0.400000000,0.500000000,0.000000000
449.213649196,-64.059305078,-17.638295059,0.812044565,0.240972427,-0.003959537,0.400000000,0.400000000,0.500000000,0.000000000
449.413637737,-63.865094932,-17.590568380,0.820982685,0.249365606,0.041975744,0.400000000,0.400000000,0.500000000,0.000000000
449.613554181,-63.671362068,-17.541231153,0.826240681,0.254556251,0.025963291,0.400000000,0.400000000,0.500000000,0.000000000
449.813482217,-63.477876686,-17.490886078,0.821907995,0.266475721,0.059609260,0.400000000,0.400000000,0.500000000,0.000000000
450.013471904,-63.284945646,-17.438222156,0.832405878,0.268002106,0.007632181,0.400000000,0.400000000,0.500000000,0.000000000
450.213468577,-63.092088479,-17.385261958,0.838097396,0.268633593,0.003157894,0.400000000,0.400000000,0.500000000,0.000000000
450.413414074,-62.899314136,-17.332193567,0.843254586,0.266286202,-0.011739791,0.400000000,0.400000000,0.500000000,0.000000000
450.613371816,-62.706403937,-17.279574616,0.851296652,0.269081722,0.013980644,0.400000000,0.400000000,0.500000000,0.000000000
450.813326805,-62.513644244,-17.226417319,0.851160828,0.275017860,0.029685611,0.400000000,0.400000000,0.500000000,0.000000000
451.013304905,-62.321181251,-17.172110441,0.858724000,0.289382928,0.071850257,0.400000000,0.400000000,0.500000000,0.000000000
451.213184649,-62.129612478,-17.115072584,0.863145330,0.297047085,0.038337553,0.400000000,0.400000000,0.500000000,0.000000000
451.413128969,-61.938424726,-17.056549303,0.864659616,0.307853652,0.054041383,0.400000000,0.400000000,0.500000000,0.000000000
451.613119450,-61.747836570,-16.995949408,0.872296459,0.315224489,0.036855130,0.400000000,0.400000000,0.500000000,0.000000000
451.813117773,-61.557692803,-16.933943947,0.881585144,0.313862812,-0.006808547,0.400000000,0.400000000,0.500000000,0.000000000
452.013109848,-61.367470724,-16.872199386,0.878501010,0.309887846,-0.019878674,0.400000000,0.400000000,0.500000000,0.000000000
452.213040105,-61.177063590,-16.811230289,0.886860595,0.313088938,0.016010156,0.400000000,0.400000000,0.500000000,0.000000000
452.412992328,-60.986831700,-16.749645229,0.888378814,0.317392642,0.021523820,0.400000000,0.400000000,0.500000000,0.000000000
452.612941300,-60.796869703,-16.687243055,0.897220702,0.324335873,0.034729066,0.400000000,0.400000000,0.500000000,0.000000000
452.812842787,-60.607390564,-16.623538578,0.903402471,0.328373466,0.020193983,0.400000000,0.400000000,0.500000000,0.000000000
453.012821847,-60.418096754,-16.559044566,0.906368877,0.332708024,0.021675349,0.400000000,0.400000000,0.500000000,0.000000000
453.212795235,-60.229089635,-16.493732509,0.910800203,0.339524020,0.034087279,0.400000000,0.400000000,0.500000000,0.000000000
453.412735445,-60.040563353,-16.427144757,0.920482412,0.349014329,0.047466014,0.400000000,0.400000000,0.500000000,0.000000000
453.612671791,-59.852681121,-16.358772179,0.923777794,0.355312476,0.031512897,0.400000000,0.400000000,0.500000000,0.000000000
453.812453505,-59.665378207,-16.289271449,0.922027015,0.370448306,0.075731935,0.400000000,0.400000000,0.500000000,0.000000000
454.012389160,-59.479005159,-16.216888071,0.929531610,0.386022810,0.077898155,0.400000000,0.400000000,0.500000000,0.000000000
454.212317848,-59.293788460,-16.141613545,0.936552276,0.397545123,0.057624528,0.400000000,0.400000000,0.500000000,0.000000000
454.412296946,-59.109404893,-16.064190421,0.941993296,0.399983658,0.012197596,0.400000000,0.400000000,0.500000000,0.000000000
454.612156501,-58.925320780,-15.986364453,0.945136794,0.404974712,0.024965884,0.400000000,0.400000000,0.500000000,0.000000000
454.812126420,-58.741525956,-15.907577201,0.951715343,0.408254054,0.016398711,0.400000000,0.400000000,0.500000000,0.000000000
455.012107513,-58.557980234,-15.828183212,0.961090430,0.407748010,-0.002530555,0.400000000,0.400000000,0.500000000,0.000000000
455.212072934,-58.374408746,-15.748888329,0.961489260,0.399240584,-0.042550709,0.400000000,0.400000000,0.500000000,0.000000000
455.411978697,-58.190224280,-15.671181209,0.962488591,0.395778627,-0.017317512,0.400000000,0.400000000,0.500000000,0.000000000
455.611894169,-58.005762942,-15.594108448,0.963663575,0.388683054,-0.035486048,0.400000000,0.400000000,0.500000000,0.000000000
455.811885617,-57.820689067,-15.518317683,0.971460852,0.375306932,-0.066882237,0.400000000,0.400000000,0.500000000,0.000000000
456.011881470,-57.634613894,-15.445007580,0.976030212,0.361629900,-0.068389786,0.400000000,0.400000000,0.500000000,0.000000000
456.211855424,-57.447573973,-15.374256958,0.981654516,0.345288611,-0.081743587,0.400000000,0.400000000,0.500000000,0.000000000
456.411695288,-57.259529096,-15.306617506,0.990713269,0.331569439,-0.068644088,0.400000000,0.400000000,0.500000000,0.000000000
456.611571242,-57.070539863,-15.241552409,0.998711350,0.312990083,-0.092936109,0.400000000,0.400000000,0.500000000,0.000000000
456.811520267,-56.880304929,-15.179987140,1.006649663,0.304007620,-0.044922625,0.400000000,0.400000000,0.500000000,0.000000000
457.011478099,-56.689516266,-15.120130473,1.014179360,0.300656432,-0.016758583,0.400000000,0.400000000,0.500000000,0.000000000
457.211457074,-56.498507889,-15.060907248,1.024629623,0.297003096,-0.018268489,0.400000000,0.400000000,0.500000000,0.000000000
457.411438179,-56.307282388,-15.002381611,1.021531639,0.296192979,-0.004051006,0.400000000,0.400000000,0.500000000,0.000000000
457.611415555,-56.116013104,-14.944011997,1.017864048,0.298319234,0.010632619,0.400000000,0.400000000,0.500000000,0.000000000
457.811387501,-55.924873550,-14.885237424,1.026074883,0.296336929,-0.009913567,0.400000000,0.400000000,0.500000000,0.000000000
458.011333145,-55.733643020,-14.826849544,1.026026481,0.291030909,-0.026534969,0.400000000,0.400000000,0.500000000,0.000000000
458.211313640,-55.542071990,-14.769467154,1.034285125,0.288436806,-0.012972507,0.400000000,0.400000000,0.500000000,0.000000000
458.411271628,-55.350374325,-14.712588313,1.045341039,0.287017318,-0.007098803,0.400000000,0.400000000,0.500000000,0.000000000
458.611236859,-55.158589168,-14.655979592,1.050354379,0.288225613,0.006042245,0.400000000,0.400000000,0.500000000,0.000000000
458.811220767,-54.966854646,-14.599133870,1.055307853,0.291208654,0.014917793,0.400000000,0.400000000,0.500000000,0.000000000
459.011167317,-54.775326334,-14.541727176,1.061553898,0.295923171,0.023576391,0.400000000,0.400000000,0.500000000,0.000000000
459.211155818,-54.584030666,-14.483405926,1.070274918,0.303434753,0.037561367,0.400000000,0.400000000,0.500000000,0.000000000
459.411129588,-54.393192535,-14.423653803,1.076708920,0.305876853,0.012212422,0.400000000,0.400000000,0.500000000,0.000000000
459.611092779,-54.202510980,-14.363438998,1.078624257,0.309868762,0.019964750,0.400000000,0.400000000,0.500000000,0.000000000
459.811025001,-54.012100811,-14.302472936,1.085160831,0.312287254,0.012094871,0.400000000,0.400000000,0.500000000,0.000000000
460.011012847,-53.821785710,-14.241029457,1.091217170,0.315527609,0.016203651,0.400000000,0.400000000,0.500000000,0.000000000
460.210978533,-53.631691774,-14.178976490,1.094358009,0.322839505,0.036563357,0.400000000,0.400000000,0.500000000,0.000000000
460.410969549,-53.442032618,-14.115527211,1.102671933,0.327127765,0.021444509,0.400000000,0.400000000,0.500000000,0.000000000
460.610918413,-53.252687208,-14.051278754,1.109261496,0.327351323,0.001117972,0.400000000,0.400000000,0.500000000,0.000000000
460.810903892,-53.063321496,-13.986976196,1.113133277,0.324866994,-0.012423147,0.400000000,0.400000000,0.500000000,0.000000000
461.010869886,-52.873815087,-13.923150502,1.123654989,0.324604330,-0.001313650,0.400000000,0.400000000,0.500000000,0.000000000
461.210803418,-52.684322685,-13.859384940,1.138356713,0.323479627,-0.005624828,0.400000000,0.400000000,0.500000000,0.000000000
461.410776797,-52.494720905,-13.795819875,1.141787245,0.317695397,-0.028927544,0.400000000,0.400000000,0.500000000,0.000000000
461.610714391,-52.304788618,-13.733363746,1.142351564,0.317692296,-0.000015512,0.400000000,0.400000000,0.500000000,0.000000000
461.810648818,-52.114859146,-13.670909195,1.140094305,0.315448988,-0.011221858,0.400000000,0.400000000,0.500000000,0.000000000
462.010524735,-51.924845671,-13.608899024,1.145199276,0.305295413,-0.050787780,0.400000000,0.400000000,0.500000000,0.000000000
462.210490339,-51.734126837,-13.548794375,1.148057518,0.293766069,-0.057665943,0.400000000,0.400000000,0.500000000,0.000000000
462.410389167,-51.542791641,-13.490911870,1.152088130,0.291282119,-0.012423847,0.400000000,0.400000000,0.500000000,0.000000000
462.610358305,-51.351245910,-13.433484618,1.170096048,0.284395007,-0.034439448,0.400000000,0.400000000,0.500000000,0.000000000
462.810343258,-51.159294038,-13.377373478,1.181143561,0.280457445,-0.019688777,0.400000000,0.400000000,0.500000000,0.000000000
463.010338422,-50.967112901,-13.322015767,1.181121790,0.281318551,0.004306110,0.400000000,0.400000000,0.500000000,0.000000000
463.210289826,-50.775021544,-13.266504736,1.180890038,0.272760165,-0.042802971,0.400000000,0.400000000,0.500000000,0.000000000
463.410234056,-50.582469051,-13.212641643,1.187909653,0.257046258,-0.078602174,0.400000000,0.400000000,0.500000000,0.000000000
463.610119601,-50.389150723,-13.161825747,1.184886660,0.241979183,-0.075385663,0.400000000,0.400000000,0.500000000,0.000000000
463.809963459,-50.195129194,-13.113938240,1.198133035,0.215563317,-0.132146682,0.400000000,0.400000000,0.500000000,0.000000000
464.009904097,-49.999815971,-13.071171388,1.209406324,0.197205086,-0.091849112,0.400000000,0.400000000,0.500000000,0.000000000
464.209705456,-49.803887159,-13.032024437,1.202672379,0.184649660,-0.062846469,0.400000000,0.400000000,0.500000000,0.000000000
464.409460141,-49.607528177,-12.995349045,1.214246179,0.172815950,-0.059207594,0.400000000,0.400000000,0.500000000,0.000000000
464.609439339,-49.410527779,-12.960961216,1.223043533,0.165220170,-0.037982415,0.400000000,0.400000000,0.500000000,0.000000000
464.809422185,-49.213268265,-12.928070136,1.225132100,0.170394986,0.025882257,0.400000000,0.400000000,0.500000000,0.000000000
465.009312548,-49.016272741,-12.894174401,1.240073990,0.177152065,0.033798165,0.400000000,0.400000000,0.500000000,0.000000000
465.209270293,-48.819444422,-12.858936462,1.240442447,0.198985292,0.109202200,0.400000000,0.400000000,0.500000000,0.000000000
465.409172504,-48.623486749,-12.819420843,1.248305005,0.245999955,0.235419247,0.400000000,0.400000000,0.500000000,0.000000000
465.608645733,-48.430018802,-12.770843867,1.253794846,0.289506983,0.218583674,0.400000000,0.400000000,0.500000000,0.000000000
465.807222331,-48.239706021,-12.714154267,1.262186100,0.332616208,0.216667050,0.400000000,0.400000000,0.500000000,0.000000000
466.006545527,-48.051307461,-12.649071863,1.264932698,0.368636582,0.180385049,0.400000000,0.400000000,0.500000000,0.000000000
466.206572792,-47.864718125,-12.576993249,1.272114312,0.393518963,0.124406444,0.400000000,0.400000000,0.500000000,0.000000000
466.406552764,-47.680023530,-12.500312774,1.279568594,0.395930532,0.012061582,0.400000000,0.400000000,0.500000000,0.000000000
466.606448785,-47.495591846,-12.423219495,1.283739912,0.399874029,0.019723140,0.400000000,0.400000000,0.500000000,0.000000000
466.806437829,-47.311379930,-12.345363298,1.285133390,0.398117151,-0.008784804,0.400000000,0.400000000,0.500000000,0.000000000
467.006429762,-47.127028850,-12.267829738,1.287729426,0.387901463,-0.051083041,0.400000000,0.400000000,0.500000000,0.000000000
467.206400074,-46.941915361,-12.192191643,1.297284734,0.383530522,-0.021865273,0.400000000,0.400000000,0.500000000,0.000000000
467.406236086,-46.756597573,-12.117413643,1.301864547,0.372443582,-0.055471241,0.400000000,0.400000000,0.500000000,0.000000000
467.606134549,-46.570403964,-12.044672077,1.318046861,0.363389340,-0.045292796,0.400000000,0.400000000,0.500000000,0.000000000
467.806044083,-46.383549028,-11.973615378,1.320321539,0.362838177,-0.002756748,0.400000000,0.400000000,0.500000000,0.000000000
468.005999238,-46.196612305,-11.902645484,1.327045984,0.368822281,0.029926366,0.400000000,0.400000000,0.500000000,0.000000000
468.205965379,-46.010093371,-11.830554259,1.333858652,0.369821771,0.004998887,0.400000000,0.400000000,0.500000000,0.000000000
468.405883977,-45.823690913,-11.758293830,1.341004787,0.378128147,0.041546103,0.400000000,0.400000000,0.500000000,0.000000000
468.605827309,-45.637872114,-11.684478451,1.348655562,0.384785598,0.033296186,0.400000000,0.400000000,0.500000000,0.000000000
468.805775926,-45.452543954,-11.609425654,1.351476209,0.377814210,-0.034860578,0.400000000,0.400000000,0.500000000,0.000000000
469.005784731,-45.266641135,-11.535644462,1.358202454,0.373757206,-0.020289694,0.400000000,0.400000000,0.500000000,0.000000000
469.205683541,-45.080542919,-11.462658245,1.354944959,0.366210822,-0.037752011,0.400000000,0.400000000,0.500000000,0.000000000
469.405570879,-44.893909936,-11.391082569,1.365536351,0.359353461,-0.034296922,0.400000000,0.400000000,0.500000000,0.000000000
469.605564791,-44.706690757,-11.320750897,1.372968724,0.340903851,-0.092246498,0.400000000,0.400000000,0.500000000,0.000000000
469.805571931,-44.518193456,-11.253880696,1.377816850,0.331897115,-0.045044242,0.400000000,0.400000000,0.500000000,0.000000000
470.005469641,-44.329204985,-11.188746587,1.370303199,0.320643446,-0.056316370,0.400000000,0.400000000,0.500000000,0.000000000
470.205228708,-44.139627076,-11.125787068,1.382146631,0.308431725,-0.061099228,0.400000000,0.400000000,0.500000000,0.000000000
470.405201233,-43.949091091,-11.065082461,1.390955342,0.303843914,-0.022941501,0.400000000,0.400000000,0.500000000,0.000000000
470.605185675,-43.758267241,-11.005249067,1.392816217,0.301864629,-0.009897922,0.400000000,0.400000000,0.500000000,0.000000000
470.805140700,-43.567353423,-10.945802230,1.406018897,0.298870869,-0.014971617,0.400000000,0.400000000,0.500000000,0.000000000
471.005110235,-43.376248625,-10.886922936,1.416699853,0.295774997,-0.015486921,0.400000000,0.400000000,0.500000000,0.000000000
471.204945241,-43.185091149,-10.828674773,1.434035647,0.293979853,-0.008980459,0.400000000,0.400000000,0.500000000,0.000000000
471.404899187,-42.993715579,-10.770735393,1.443089317,0.279665532,-0.071584672,0.400000000,0.400000000,0.500000000,0.000000000
471.604868791,-42.801515230,-10.715536945,1.448838183,0.275914111,-0.018761136,0.400000000,0.400000000,0.500000000,0.000000000
471.804813057,-42.609133542,-10.661066812,1.451454097,0.267722411,-0.040965635,0.400000000,0.400000000,0.500000000,0.000000000
472.004797984,-42.416272898,-10.608163664,1.463467084,0.259691036,-0.040161916,0.400000000,0.400000000,0.500000000,0.000000000
472.204761799,-42.223013997,-10.556816564,1.470055656,0.249799036,-0.049472850,0.400000000,0.400000000,0.500000000,0.000000000
472.404692429,-42.029288790,-10.507391865,1.474861597,0.244719902,-0.025401616,0.400000000,0.400000000,0.500000000,0.000000000
472.604667748,-41.835271690,-10.458940929,1.479248208,0.241387806,-0.016662260,0.400000000,0.400000000,0.500000000,0.000000000
472.804649494,-41.641087984,-10.411135207,1.485023344,0.250101554,0.043577470,0.400000000,0.400000000,0.500000000,0.000000000
473.004586311,-41.447371743,-10.361650374,1.496633116,0.263857777,0.068818525,0.400000000,0.400000000,0.500000000,0.000000000
473.204428921,-41.254445479,-10.309530073,1.505119336,0.277418153,0.067854045,0.400000000,0.400000000,0.500000000,0.000000000
473.404275728,-41.062239667,-10.254797342,1.511911705,0.293482369,0.080353290,0.400000000,0.400000000,0.500000000,0.000000000
473.604264274,-40.870802176,-10.196943167,1.512195171,0.305008565,0.057641357,0.400000000,0.400000000,0.500000000,0.000000000
473.804201498,-40.680093178,-10.136901750,1.519521188,0.308594093,0.017931104,0.400000000,0.400000000,0.500000000,0.000000000
474.004186858,-40.489554824,-10.076162308,1.526608318,0.312952053,0.021793759,0.400000000,0.400000000,0.500000000,0.000000000
474.204128536,-40.299324539,-10.014606535,1.528566525,0.322527576,0.047888833,0.400000000,0.400000000,0.500000000,0.000000000
474.404091612,-40.109672100,-9.951225275,1.539630719,0.326378087,0.019259790,0.400000000,0.400000000,0.500000000,0.000000000
474.603977987,-39.920337769,-9.887138819,1.538669714,0.335698989,0.046620218,0.400000000,0.400000000,0.500000000,0.000000000
474.803955397,-39.731523043,-9.821260417,1.547385709,0.345875065,0.050897946,0.400000000,0.400000000,0.500000000,0.000000000
475.003838239,-39.543477434,-9.753496126,1.561031149,0.353485723,0.038069773,0.400000000,0.400000000,0.500000000,0.000000000
475.203781232,-39.355896563,-9.684281837,1.558084231,0.364662758,0.055896901,0.400000000,0.400000000,0.500000000,0.000000000
475.403752259,-39.169074814,-9.612965321,1.563816490,0.383721975,0.095325039,0.400000000,0.400000000,0.500000000,0.000000000
475.603653670,-38.983710703,-9.538127358,1.569174405,0.395397904,0.058427587,0.400000000,0.400000000,0.500000000,0.000000000
475.803421792,-38.799356015,-9.461181587,1.577438444,0.410753318,0.076834261,0.400000000,0.400000000,0.500000000,0.000000000
476.003351986,-38.616055959,-9.381349441,1.579050063,0.424879992,0.070646305,0.400000000,0.400000000,0.500000000,0.000000000
476.203345240,-38.433844463,-9.298909932,1.575860788,0.437779792,0.064505835,0.400000000,0.400000000,0.500000000,0.000000000
476.403306834,-38.252740226,-9.214140278,1.583814145,0.443707014,0.029644731,0.400000000,0.400000000,0.500000000,0.000000000
476.603228303,-38.072177855,-9.128315899,1.597590689,0.455499148,0.058988528,0.400000000,0.400000000,0.500000000,0.000000000
476.803115613,-37.892670744,-9.040383348,1.602307766,0.465896503,0.052006453,0.400000000,0.400000000,0.500000000,0.000000000
477.003075152,-37.714023053,-8.950556737,1.618359934,0.468925184,0.015146376,0.400000000,0.400000000,0.500000000,0.000000000
477.203037027,-37.535646154,-8.860188416,1.621002765,0.459723135,-0.046016387,0.400000000,0.400000000,0.500000000,0.000000000
477.403020341,-37.356426032,-8.771455819,1.625736982,0.458816559,-0.004535367,0.400000000,0.400000000,0.500000000,0.000000000
477.602817990,-37.177292004,-8.682967963,1.641348196,0.453488512,-0.026654710,0.400000000,0.400000000,0.500000000,0.000000000
477.802802640,-36.997520954,-8.595353868,1.636095811,0.448017443,-0.027360663,0.400000000,0.400000000,0.500000000,0.000000000
478.002739716,-36.817316132,-8.508745227,1.642231595,0.448587022,0.002848651,0.400000000,0.400000000,0.500000000,0.000000000
478.202696308,-36.637143086,-8.422025495,1.639770061,0.457425102,0.044198892,0.400000000,0.400000000,0.500000000,0.000000000
478.402661543,-36.457735747,-8.333712970,1.643609810,0.457773914,0.001744255,0.400000000,0.400000000,0.500000000,0.000000000
478.602651759,-36.278336815,-8.245326830,1.644865118,0.455481247,-0.011464825,0.400000000,0.400000000,0.500000000,0.000000000
478.802609347,-36.098765016,-8.157366577,1.648000151,0.454027671,-0.007269251,0.400000000,0.400000000,0.500000000,0.000000000
479.002576427,-35.919057021,-8.069663276,1.651667086,0.451983405,-0.010224783,0.400000000,0.400000000,0.500000000,0.000000000
479.202474183,-35.739232473,-7.982357805,1.660043010,0.446287072,-0.028488922,0.400000000,0.400000000,0.500000000,0.000000000
479.402473949,-35.558821507,-7.896034056,1.668779487,0.441974398,-0.021564525,0.400000000,0.400000000,0.500000000,0.000000000
479.602452519,-35.378059093,-7.810498228,1.673461487,0.439344401,-0.013151765,0.400000000,0.400000000,0.500000000,0.000000000
479.802419574,-35.197082766,-7.725442997,1.677882186,0.423806507,-0.077701800,0.400000000,0.400000000,0.500000000,0.000000000
480.002385022,-35.014808224,-7.643210571,1.671956149,0.409790641,-0.070142342,0.400000000,0.400000000,0.500000000,0.000000000
480.202056990,-34.831668246,-7.563657803,1.671829093,0.391193878,-0.093099778,0.400000000,0.400000000,0.500000000,0.000000000
480.401881023,-34.646940018,-7.487466423,1.679371322,0.378477335,-0.063660818,0.400000000,0.400000000,0.500000000,0.000000000
480.601563559,-34.461389345,-7.413682529,1.684742656,0.356429918,-0.110339077,0.400000000,0.400000000,0.500000000,0.000000000
480.801503194,-34.274016216,-7.343917439,1.697718950,0.348048582,-0.041929110,0.400000000,0.400000000,0.500000000,0.000000000
481.001348368,-34.086153746,-7.275757435,1.705432969,0.335547966,-0.062541573,0.400000000,0.400000000,0.500000000,0.000000000
481.201254399,-33.897396472,-7.209931053,1.710146049,0.342459073,0.034562474,0.400000000,0.400000000,0.500000000,0.000000000
481.401267228,-33.708998039,-7.142765868,1.717930067,0.339633969,-0.014129902,0.400000000,0.400000000,0.500000000,0.000000000
481.601130114,-33.520551986,-7.076183148,1.726693472,0.343406489,0.018878948,0.400000000,0.400000000,0.500000000,0.000000000
481.800920614,-33.332426619,-7.008914359,1.734960607,0.341725620,-0.008409602,0.400000000,0.400000000,0.500000000,0.000000000
482.000880177,-33.144029159,-6.941905224,1.734309526,0.348751051,0.035133609,0.400000000,0.400000000,0.500000000,0.000000000
482.200846359,-32.956100893,-6.873571918,1.737945222,0.333533716,-0.076094357,0.400000000,0.400000000,0.500000000,0.000000000
482.400835957,-32.767132449,-6.808098515,1.750473466,0.313371219,-0.100869152,0.400000000,0.400000000,0.500000000,0.000000000
482.600614868,-32.577082823,-6.746513185,1.749827725,0.284951561,-0.142317608,0.400000000,0.400000000,0.500000000,0.000000000
482.800206097,-32.385540056,-6.690405902,1.749732750,0.264652688,-0.101729180,0.400000000,0.400000000,0.500000000,0.000000000
482.999684727,-32.193006592,-6.638227466,1.750796530,0.229517838,-0.175970921,0.400000000,0.400000000,0.500000000,0.000000000
483.199511190,-31.998420337,-6.592765340,1.757360115,0.195831258,-0.168577052,0.400000000,0.400000000,0.500000000,0.000000000
483.399323788,-31.802426906,-6.553885411,1.769061707,0.178221660,-0.088149766,0.400000000,0.400000000,0.500000000,0.000000000
483.599044192,-31.605869970,-6.518479041,1.776461708,0.174482715,-0.018708400,0.400000000,0.400000000,0.500000000,0.000000000
483.799031156,-31.408919515,-6.483761558,1.778233429,0.156865936,-0.088102359,0.400000000,0.400000000,0.500000000,0.000000000
483.998955204,-31.211450185,-6.452528745,1.783666146,0.163516794,0.033274372,0.400000000,0.400000000,0.500000000,0.000000000
484.198789003,-31.014281991,-6.419997983,1.794945934,0.178817687,0.076576506,0.400000000,0.400000000,0.500000000,0.000000000
484.398575010,-30.817681636,-6.384462797,1.805031211,0.193063896,0.071318964,0.400000000,0.400000000,0.500000000,0.000000000
484.598292533,-30.621674669,-6.346143643,1.807232108,0.211327625,0.091409542,0.400000000,0.400000000,0.500000000,0.000000000
484.798171699,-30.426242155,-6.304217353,1.809782869,0.247297876,0.179998717,0.400000000,0.400000000,0.500000000,0.000000000
484.997943289,-30.232548137,-6.255316277,1.817387206,0.283369002,0.180586086,0.400000000,0.400000000,0.500000000,0.000000000
485.197639577,-30.040815947,-6.199482818,1.820354711,0.319063208,0.178986796,0.400000000,0.400000000,0.500000000,0.000000000
485.396769484,-29.851736190,-6.137020309,1.818779633,0.349494222,0.152584662,0.400000000,0.400000000,0.500000000,0.000000000
485.596498005,-29.664082052,-6.068628740,1.822481541,0.367497169,0.090265633,0.400000000,0.400000000,0.500000000,0.000000000
485.795652282,-29.478225409,-5.997076423,1.835126232,0.376894360,0.047089567,0.400000000,0.400000000,0.500000000,0.000000000
485.995616396,-29.292296356,-5.923482713,1.840710980,0.363494700,-0.067035023,0.400000000,0.400000000,0.500000000,0.000000000
486.195430159,-29.105538420,-5.852440378,1.847063010,0.346604033,-0.084517192,0.400000000,0.400000000,0.500000000,0.000000000
486.395309422,-28.917545624,-5.784540241,1.852413685,0.335379788,-0.056153641,0.400000000,0.400000000,0.500000000,0.000000000
486.595197164,-28.728794552,-5.718751624,1.860001638,0.326803800,-0.042893554,0.400000000,0.400000000,0.500000000,0.000000000
486.795181221,-28.539395008,-5.654553215,1.863971331,0.314050209,-0.063795481,0.400000000,0.400000000,0.500000000,0.000000000
486.995021859,-28.349328534,-5.592819789,1.863016811,0.315823007,0.008868345,0.400000000,0.400000000,0.500000000,0.000000000
487.194984684,-28.159255655,-5.530711560,1.866898950,0.318125081,0.011512219,0.400000000,0.400000000,0.500000000,0.000000000
487.394957456,-27.969316809,-5.468162822,1.873189365,0.313772520,-0.021766871,0.400000000,0.400000000,0.500000000,0.000000000
487.594909605,-27.779127133,-5.406447761,1.872951313,0.307327622,-0.032228796,0.400000000,0.400000000,0.500000000,0.000000000
487.794903345,-27.588504020,-5.345947144,1.880265530,0.305365105,-0.009815029,0.400000000,0.400000000,0.500000000,0.000000000
487.994809877,-27.397845713,-5.285846962,1.880357584,0.294277866,-0.055460501,0.400000000,0.400000000,0.500000000,0.000000000
488.194726009,-27.206523606,-5.227861521,1.881409582,0.285652043,-0.043141477,0.400000000,0.400000000,0.500000000,0.000000000
488.394693995,-27.014658699,-5.171513916,1.885000082,0.277603822,-0.040245927,0.400000000,0.400000000,0.500000000,0.000000000
488.594677028,-26.822332042,-5.116708166,1.893657288,0.271894254,-0.028549670,0.400000000,0.400000000,0.500000000,0.000000000
488.794667818,-26.629688131,-5.062999322,1.897279896,0.266259646,-0.028175953,0.400000000,0.400000000,0.500000000,0.000000000
488.994635152,-26.436767282,-5.010382971,1.903948135,0.262671329,-0.017943917,0.400000000,0.400000000,0.500000000,0.000000000
489.194615618,-26.243646188,-4.958455808,1.912808668,0.258239342,-0.022164812,0.400000000,0.400000000,0.500000000,0.000000000
489.394546798,-26.050344504,-4.907397649,1.917016046,0.254223265,-0.020084154,0.400000000,0.400000000,0.500000000,0.000000000
489.594540221,-25.856779084,-4.857100560,1.917381948,0.247053894,-0.035850531,0.400000000,0.400000000,0.500000000,0.000000000
489.794504927,-25.662885887,-4.808199516,1.919965015,0.237983116,-0.045364188,0.400000000,0.400000000,0.500000000,0.000000000
489.994448065,-25.468578063,-4.761064307,1.918840518,0.229708039,-0.041388140,0.400000000,0.400000000,0.500000000,0.000000000
490.194380535,-25.273897237,-4.715541036,1.917596207,0.222738315,-0.034859508,0.400000000,0.400000000,0.500000000,0.000000000
490.394322273,-25.078894817,-4.671373682,1.924145092,0.222692249,-0.000230384,0.400000000,0.400000000,0.500000000,0.000000000
490.594291744,-24.883863315,-4.627209187,1.930982110,0.221759401,-0.004665143,0.400000000,0.400000000,0.500000000,0.000000000
490.794244855,-24.688806659,-4.583230245,1.939236884,0.223077798,0.006593038,0.400000000,0.400000000,0.500000000,0.000000000
490.994227862,-24.493778998,-4.538987564,1.942896597,0.225052235,0.009873435,0.400000000,0.400000000,0.500000000,0.000000000
491.194194133,-24.298855387,-4.494363635,1.952151122,0.226088792,0.005183436,0.400000000,0.400000000,0.500000000,0.000000000
491.394177590,-24.103961386,-4.449533828,1.951275413,0.216796725,-0.046462633,0.400000000,0.400000000,0.500000000,0.000000000
491.594172881,-23.908647687,-4.406514353,1.950874027,0.225350392,0.042773099,0.400000000,0.400000000,0.500000000,0.000000000
491.794131785,-23.713744569,-4.361833954,1.953629002,0.235592753,0.051229727,0.400000000,0.400000000,0.500000000,0.000000000
491.994031194,-23.519367151,-4.315173553,1.960157097,0.235779679,0.000935286,0.400000000,0.400000000,0.500000000,0.000000000
492.193852013,-23.325074874,-4.268495177,1.972127162,0.245638921,0.049321223,0.400000000,0.400000000,0.500000000,0.000000000
492.393826707,-23.131102989,-4.219866107,1.977355032,0.253299086,0.038311513,0.400000000,0.400000000,0.500000000,0.000000000
492.593739480,-22.937569244,-4.169768140,1.979906295,0.247047490,-0.031268204,0.400000000,0.400000000,0.500000000,0.000000000
492.793695309,-22.743684342,-4.120870509,1.981072820,0.234951915,-0.060492419,0.400000000,0.400000000,0.500000000,0.000000000
492.993640850,-22.549232198,-4.074323943,1.988719229,0.238031405,0.015400773,0.400000000,0.400000000,0.500000000,0.000000000
493.193608853,-22.354902487,-4.027173488,1.994872246,0.229454910,-0.042891560,0.400000000,0.400000000,0.500000000,0.000000000
493.393554938,-22.160196884,-3.981696400,1.999681009,0.228471671,-0.004917286,0.400000000,0.400000000,0.500000000,0.000000000
493.593520050,-21.965428130,-3.936406467,2.000812095,0.234096128,0.028125932,0.400000000,0.400000000,0.500000000,0.000000000
493.793502577,-21.770900245,-3.890017747,2.004213881,0.246714874,0.063101706,0.400000000,0.400000000,0.500000000,0.000000000
493.993466828,-21.576990922,-3.841182552,2.006266560,0.259713477,0.065023750,0.400000000,0.400000000,0.500000000,0.000000000
494.193310695,-21.383849100,-3.789861918,2.014401559,0.283959042,0.121318847,0.400000000,0.400000000,0.500000000,0.000000000
494.393156923,-21.192005953,-3.733873332,2.017359753,0.302411305,0.092358379,0.400000000,0.400000000,0.500000000,0.000000000
494.592884647,-21.001341648,-3.674389831,2.023707719,0.322181202,0.098928932,0.400000000,0.400000000,0.500000000,0.000000000
494.792829183,-20.811684853,-3.611080136,2.026257564,0.342054438,0.099398368,0.400000000,0.400000000,0.500000000,0.000000000
494.992748550,-20.623347305,-3.544022539,2.028064296,0.348022159,0.029848826,0.400000000,0.400000000,0.500000000,0.000000000
495.192691622,-20.435391006,-3.475834112,2.029597963,0.340879176,-0.035720731,0.400000000,0.400000000,0.500000000,0.000000000
495.392682624,-20.246907264,-3.408973958,2.029274396,0.337547716,-0.016663749,0.400000000,0.400000000,0.500000000,0.000000000
495.592536575,-20.058331145,-3.342787488,2.038348075,0.335019652,-0.012645437,0.400000000,0.400000000,0.500000000,0.000000000
495.792520654,-19.869465411,-3.277035177,2.036628317,0.323058004,-0.059814107,0.400000000,0.400000000,0.500000000,0.000000000
495.992494942,-19.679835986,-3.213549769,2.045283971,0.317267894,-0.028957360,0.400000000,0.400000000,0.500000000,0.000000000
496.192426034,-19.489883194,-3.151176871,2.039132666,0.326099697,0.044172026,0.400000000,0.400000000,0.500000000,0.000000000
496.392375788,-19.300470990,-3.087122823,2.045631675,0.334857469,0.043804635,0.400000000,0.400000000,0.500000000,0.000000000
496.592280700,-19.111669364,-3.021427160,2.052962204,0.329849578,-0.025054141,0.400000000,0.400000000,0.500000000,0.000000000
496.792140848,-18.922583463,-2.956692315,2.054499327,0.326973596,-0.014386431,0.400000000,0.400000000,0.500000000,0.000000000
496.992099332,-18.733219040,-2.892469960,2.065815251,0.330373182,0.017004868,0.400000000,0.400000000,0.500000000,0.000000000
497.191977501,-18.544150012,-2.827630271,2.066347229,0.322351168,-0.040125310,0.400000000,0.400000000,0.500000000,0.000000000
497.391946347,-18.354480922,-2.764280641,2.068954706,0.316553327,-0.028999404,0.400000000,0.400000000,0.500000000,0.000000000
497.591836273,-18.164522730,-2.702056307,2.064191585,0.316999089,0.002229500,0.400000000,0.400000000,0.500000000,0.000000000
497.791823173,-17.974500151,-2.639717075,2.062194160,0.320663910,0.018324849,0.400000000,0.400000000,0.500000000,0.000000000
497.991819819,-17.784698061,-2.576678792,2.060543453,0.314623702,-0.030202070,0.400000000,0.400000000,0.500000000,0.000000000
498.191808945,-17.594525823,-2.514790424,2.060285782,0.312064519,-0.012798254,0.400000000,0.400000000,0.500000000,0.000000000
498.391746652,-17.404244759,-2.453404731,2.064416537,0.309282531,-0.013913774,0.400000000,0.400000000,0.500000000,0.000000000
498.591698659,-17.213780035,-2.392544281,2.064333791,0.301960746,-0.036616425,0.400000000,0.400000000,0.500000000,0.000000000
498.791663826,-17.022862250,-2.333076078,2.064152640,0.292040185,-0.049609169,0.400000000,0.400000000,0.500000000,0.000000000
498.991645690,-16.831347921,-2.275499975,2.062209776,0.292566609,0.002632771,0.400000000,0.400000000,0.500000000,0.000000000
499.191564957,-16.639923864,-2.217841116,2.066254089,0.291800451,-0.003831690,0.400000000,0.400000000,0.500000000,0.000000000
499.391551579,-16.448391181,-2.160309558,2.068923552,0.283005745,-0.043984383,0.400000000,0.400000000,0.500000000,0.000000000
499.591464989,-16.256430238,-2.104485121,2.069005548,0.282478463,-0.002637838,0.400000000,0.400000000,0.500000000,0.000000000
499.791334861,-16.064481699,-2.048774045,2.065972469,0.288348652,0.029363227,0.400000000,0.400000000,0.500000000,0.000000000
499.991297073,-15.872774972,-1.991910902,2.065389553,0.289167742,0.004096479,0.400000000,0.400000000,0.500000000,0.000000000
500.191234455,-15.681138684,-1.934897834,2.063132315,0.283020961,-0.030740092,0.400000000,0.400000000,0.500000000,0.000000000
500.391215941,-15.489113222,-1.879051465,2.069613978,0.286261487,0.016208751,0.400000000,0.400000000,0.500000000,0.000000000
500.591083308,-15.297379215,-1.822615351,2.070919280,0.279874981,-0.031972097,0.400000000,0.400000000,0.500000000,0.000000000
500.790720304,-15.105510099,-1.767468526,2.068472094,0.298599596,0.144646058,0.400000000,0.400000000,0.307917959,-0.388671775
500.849978722,-15.048873901,-1.750035763,2.070583820,0.298599596,0.000000000,0.400000000,0.400000000,0.000000000,-0.800000000
