s,x,y,z,yaw,curvature,left_offset,right_offset,target_velocity,target_acceleration
0.000000000,-665.563452029,135.566143495,4.038740384,0.459548151,0.000395710,1.451494503,1.800000000,0.000000000,0.000000000
0.499999979,-665.115325546,135.787915076,4.044538598,0.459749840,0.000403378,1.451226902,1.800000000,0.894427172,0.800000000
0.999999957,-664.667243802,136.009777035,4.050312338,0.459956078,0.000412477,1.450925922,1.800000000,1.264911037,0.800000001
1.499999935,-664.219207824,136.231731400,4.056082402,0.460162326,0.000412495,1.450589275,1.800000000,1.549193305,0.800000000
1.999999912,-663.771217634,136.453778167,4.061869868,0.460372444,0.000420235,1.450217247,1.800000000,1.788854343,0.800000001
2.499999888,-663.323274110,136.675919059,4.067662604,0.460586852,0.000428817,1.449807835,1.800000000,1.999999955,0.799999998
2.999999864,-662.875378226,136.898155988,4.073428380,0.460803868,0.000434031,1.449359035,1.800000000,2.190890180,0.799999999
3.499999839,-662.427530582,137.120490113,4.079198436,0.461022910,0.000438086,1.448869705,1.800000000,2.366431859,0.800000002
3.999999813,-661.979731650,137.342922329,4.084968936,0.461245373,0.000444926,1.448338985,1.800000000,2.529822069,0.799999999
4.499999787,-661.531982213,137.565454159,4.090749726,0.461471525,0.000452304,1.447765255,1.800000000,2.683281509,0.799999997
4.999999760,-661.084283114,137.788087242,4.096532065,0.461699226,0.000455402,1.447146702,1.800000000,2.828427057,0.800000003
5.499999732,-660.636634721,138.010822260,4.102316259,0.461930933,0.000463413,1.446482754,1.800000000,2.966479323,0.800000002
5.999999704,-660.189037950,138.233660995,4.108089796,0.462166655,0.000471444,1.445771503,1.800000000,3.000000000,0.200000437
6.499999674,-659.741493720,138.456605232,4.113866745,0.462405868,0.000478426,1.445011044,1.800000000,3.000000000,0.000000000
6.999999643,-659.294002835,138.679656520,4.119675326,0.462646604,0.000481472,1.444199753,1.800000000,3.000000000,0.000000000
7.499999612,-658.846565660,138.902815529,4.125446894,0.462893338,0.000493467,1.443336964,1.800000000,3.000000000,0.000000000
7.999999580,-658.399183560,139.126084929,4.131238154,0.463142443,0.000498211,1.442419815,1.800000000,3.000000000,0.000000000
8.499999548,-657.951857092,139.349465766,4.137019122,0.463394529,0.000504172,1.441447163,1.800000000,3.000000000,0.000000000
8.999999513,-657.504586951,139.572959361,4.142795502,0.463649959,0.000510861,1.440417767,1.800000000,3.000000000,0.000000000
9.499999478,-657.057373913,139.796567194,4.148576653,0.463910719,0.000521520,1.439330006,1.800000000,3.000000000,0.000000000
9.999999443,-656.610219198,140.020291634,4.154379049,0.464172267,0.000523096,1.438181305,1.800000000,3.000000000,0.000000000
10.499999406,-656.163123014,140.244133019,4.160161170,0.464438690,0.000532845,1.436971474,1.800000000,3.000000000,0.000000000
10.999999368,-655.716086483,140.468093512,4.165967064,0.464709761,0.000542142,1.435698032,1.800000000,3.000000000,0.000000000
11.499999329,-655.269110680,140.692175175,4.171728086,0.464984643,0.000549764,1.434358883,1.800000000,3.000000000,0.000000000
11.999999288,-654.822196490,140.916379695,4.177435665,0.465261170,0.000553053,1.432952213,1.800000000,3.000000000,0.000000000
12.499999247,-654.375344316,141.140707789,4.183176562,0.465543920,0.000565501,1.431477356,1.800000000,3.000000000,0.000000000
12.999999206,-653.928555590,141.365162221,4.188902145,0.465831053,0.000574266,1.429931259,1.800000000,3.000000000,0.000000000
13.499999162,-653.481831332,141.589744932,4.194615352,0.466118657,0.000575207,1.428311825,1.800000000,3.000000000,0.000000000
13.999999117,-653.035171684,141.814456111,4.200352076,0.466411342,0.000585370,1.426618958,1.800000000,3.000000000,0.000000000
14.499999071,-652.588577826,142.039298012,4.206079114,0.466708202,0.000593720,1.424850273,1.800000000,3.000000000,0.000000000
14.999999025,-652.142050735,142.264272478,4.211770410,0.467008508,0.000600613,1.423003674,1.800000000,3.000000000,0.000000000
15.499998978,-651.695591226,142.489381028,4.217468036,0.467311254,0.000605493,1.421077728,1.800000000,3.000000000,0.000000000
15.999998928,-651.249199890,142.714624731,4.223157792,0.467619896,0.000617284,1.419071293,1.800000000,3.000000000,0.000000000
16.499998878,-650.802878096,142.940006198,4.228845218,0.467928842,0.000617891,1.416981411,1.800000000,3.000000000,0.000000000
16.999998827,-650.356625954,143.165525543,4.234526032,0.468244408,0.000631134,1.414808178,1.800000000,3.000000000,0.000000000
17.499998775,-649.910445002,143.391185699,4.240207108,0.468562419,0.000636021,1.412548256,1.800000000,3.000000000,0.000000000
17.999998721,-649.464335836,143.616987733,4.245897556,0.468880308,0.000635777,1.410200691,1.800000000,3.000000000,0.000000000
18.499998667,-649.018298473,143.842931569,4.251536838,0.469204123,0.000647632,1.407765579,1.800000000,3.000000000,0.000000000
18.999998611,-648.572334299,144.069019825,4.257189252,0.469531092,0.000653938,1.405240059,1.800000000,3.000000000,0.000000000
19.499998555,-648.126444073,144.295253886,4.262874307,0.469857572,0.000652960,1.402622700,1.800000000,3.000000000,0.000000000
19.999998499,-647.680627732,144.521633509,4.268531844,0.470186131,0.000657116,1.399913788,1.800000000,3.000000000,0.000000000
20.499998441,-647.234885795,144.748159596,4.274171920,0.470522045,0.000671829,1.397112560,1.800000000,3.000000000,0.000000000
20.999998383,-646.789219977,144.974835400,4.279844933,0.470853384,0.000662678,1.394215202,1.800000000,3.000000000,0.000000000
21.499998324,-646.343629291,145.201658859,4.285484337,0.471188767,0.000670766,1.391224384,1.800000000,3.000000000,0.000000000
21.999998264,-645.898114703,145.428631747,4.291133230,0.471524058,0.000670583,1.388137913,1.800000000,3.000000000,0.000000000
22.499998205,-645.452676242,145.655754001,4.296790359,0.471861839,0.000675561,1.384956169,1.800000000,3.000000000,0.000000000
22.999998146,-645.007314523,145.883026702,4.302424144,0.472197777,0.000671878,1.381677914,1.800000000,3.000000000,0.000000000
23.499998086,-644.562029181,146.110449004,4.308034203,0.472535048,0.000674541,1.378304291,1.800000000,3.000000000,0.000000000
23.999998026,-644.116820566,146.338021475,4.313634703,0.472869086,0.000668076,1.374834538,1.800000000,3.000000000,0.000000000
24.499997966,-643.671687993,146.565742650,4.319232771,0.473205669,0.000673166,1.371270466,1.800000000,3.000000000,0.000000000
24.999997909,-643.226632092,146.793613636,4.324813988,0.473538533,0.000665729,1.367611027,1.800000000,3.000000000,0.000000000
25.499997851,-642.781652065,147.021632754,4.330376212,0.473869546,0.000662025,1.363858032,1.800000000,3.000000000,0.000000000
25.999997793,-642.336747540,147.249799153,4.335939061,0.474197059,0.000655027,1.360012531,1.800000000,3.000000000,0.000000000
26.499997736,-641.891917765,147.478111252,4.341488075,0.474521829,0.000649540,1.356076431,1.800000000,3.000000000,0.000000000
26.999997682,-641.447162160,147.706567808,4.347010018,0.474842212,0.000640765,1.352051163,1.800000000,3.000000000,0.000000000
27.499997629,-641.002479770,147.935166845,4.352515041,0.475156566,0.000628709,1.347939014,1.800000000,3.000000000,0.000000000
27.999997578,-640.557869262,148.163905659,4.358019989,0.475467536,0.000621940,1.343743134,1.800000000,3.000000000,0.000000000
28.499997528,-640.113329906,148.392782722,4.363544680,0.475770538,0.000606004,1.339465237,1.800000000,3.000000000,0.000000000
28.999997480,-639.668859918,148.621794473,4.369062540,0.476068733,0.000596390,1.335109615,1.800000000,3.000000000,0.000000000
29.499997435,-639.224458238,148.850938753,4.374531323,0.476355894,0.000574323,1.330678463,1.800000000,3.000000000,0.000000000
29.999997393,-638.780122374,149.080210640,4.379983757,0.476636975,0.000562163,1.326177597,1.800000000,3.000000000,0.000000000
30.499997353,-638.335850970,149.309607414,4.385432049,0.476905821,0.000537692,1.321610069,1.800000000,3.000000000,0.000000000
30.999997315,-637.891641253,149.539123621,4.390861989,0.477166535,0.000521428,1.316982174,1.800000000,3.000000000,0.000000000
31.499997281,-637.447491385,149.768755633,4.396282824,0.477413325,0.000493580,1.312298012,1.800000000,3.000000000,0.000000000
31.999997250,-637.003398200,149.998497252,4.401683302,0.477650938,0.000475225,1.307564640,1.800000000,3.000000000,0.000000000
32.499997223,-636.559359613,150.228344388,4.407097993,0.477873138,0.000444400,1.302786732,1.800000000,3.000000000,0.000000000
32.999997198,-636.115372106,150.458290185,4.412519119,0.478080439,0.000414602,1.297972107,1.800000000,3.000000000,0.000000000
33.499997177,-635.671432275,150.688328018,4.417929728,0.478272413,0.000383949,1.293128395,1.800000000,3.000000000,0.000000000
33.999997159,-635.227536609,150.918451073,4.423326575,0.478448877,0.000352928,1.288263130,1.800000000,3.000000000,0.000000000
34.499997144,-634.783681557,151.148652458,4.428744559,0.478606010,0.000314264,1.283384418,1.800000000,3.000000000,0.000000000
34.999997132,-634.339862679,151.378923585,4.434127040,0.478744392,0.000276765,1.278501797,1.800000000,3.000000000,0.000000000
35.499997123,-633.896075668,151.609256128,4.439482341,0.478863558,0.000238333,1.273624897,1.800000000,3.000000000,0.000000000
35.999997117,-633.452316106,151.839641554,4.444800634,0.478961557,0.000195998,1.268763351,1.800000000,3.000000000,0.000000000
36.499997113,-633.008579122,152.070070469,4.450138277,0.479037606,0.000152097,1.263927937,1.800000000,3.000000000,0.000000000
36.999997110,-632.564859662,152.300533130,4.455457310,0.479090709,0.000106207,1.259129715,1.800000000,3.000000000,0.000000000
37.499997109,-632.121152439,152.531019353,4.460782536,0.479119062,0.000056706,1.254380131,1.800000000,3.000000000,0.000000000
37.999997109,-631.677451750,152.761518158,4.466075438,0.479121531,0.000004938,1.249691772,1.800000000,3.000000000,0.000000000
38.499997109,-631.233751631,152.992018058,4.471358713,0.479098235,-0.000046593,1.245077801,1.800000000,3.000000000,0.000000000
38.999997108,-630.790046143,153.222507621,4.476586649,0.479048175,-0.000100121,1.240551090,1.800000000,3.000000000,0.000000000
39.499997106,-630.346329118,153.452974971,4.481821037,0.478969536,-0.000157278,1.236125088,1.800000000,3.000000000,0.000000000
39.999997101,-629.902593972,153.683407425,4.487033878,0.478861543,-0.000215985,1.231814384,1.800000000,3.000000000,0.000000000
40.499997093,-629.458833948,153.913791957,4.492249963,0.478722646,-0.000277794,1.227633762,1.800000000,3.000000000,0.000000000
40.999997080,-629.015041932,154.144114848,4.497430809,0.478554671,-0.000335951,1.223598671,1.800000000,3.000000000,0.000000000
41.499997062,-628.571211238,154.374363187,4.502612727,0.478353370,-0.000402602,1.219723988,1.800000000,3.000000000,0.000000000
41.999997037,-628.127334211,154.604522174,4.507771389,0.478120039,-0.000466663,1.216026402,1.800000000,3.000000000,0.000000000
42.499997005,-627.683403499,154.834577581,4.512899048,0.477853565,-0.000532946,1.212522125,1.800000000,3.000000000,0.000000000
42.999996963,-627.239411507,155.064514680,4.518006844,0.477551596,-0.000603939,1.209227848,1.800000000,3.000000000,0.000000000
43.499996909,-626.795350113,155.294317691,4.523134819,0.477214999,-0.000673193,1.206161594,1.800000000,3.000000000,0.000000000
43.999996843,-626.351211403,155.523971214,4.528216763,0.476845139,-0.000739721,1.203340817,1.800000000,3.000000000,0.000000000
44.499996763,-625.906987796,155.753460446,4.533279888,0.476437837,-0.000814605,1.200782299,1.800000000,3.000000000,0.000000000
44.999996669,-625.462670768,155.982768718,4.538330917,0.475991793,-0.000892087,1.198504925,1.800000000,3.000000000,0.000000000
45.499996557,-625.018251518,156.211878775,4.543362897,0.475510856,-0.000961874,1.196528339,1.800000000,3.000000000,0.000000000
45.999996424,-624.573722150,156.440775059,4.548392922,0.474991266,-0.001039181,1.194870090,1.800000000,3.000000000,0.000000000
46.499996270,-624.129073929,156.669440328,4.553427484,0.474435315,-0.001111903,1.193549824,1.800000000,3.000000000,0.000000000
46.999996096,-623.684298668,156.897858351,4.558404987,0.473837822,-0.001194987,1.192585945,1.800000000,3.000000000,0.000000000
47.499995899,-623.239387029,157.126010572,4.563394416,0.473203242,-0.001269160,1.191999435,1.800000000,3.000000000,0.000000000
47.999995673,-622.794330723,157.353880402,4.568365400,0.472526810,-0.001352864,1.191809082,1.800000000,3.000000000,0.000000000
48.499995416,-622.349120409,157.581449115,4.573324630,0.471813946,-0.001425728,1.192035961,1.800000000,3.000000000,0.000000000
48.999995130,-621.903748009,157.808700384,4.578254989,0.471053976,-0.001519941,1.192698669,1.800000000,3.000000000,0.000000000
49.499994814,-621.458203060,158.035613103,4.583195377,0.470260491,-0.001586972,1.193821049,1.800000000,3.000000000,0.000000000
49.999994465,-621.012478228,158.262172202,4.588103062,0.469424091,-0.001672801,1.195420074,1.800000000,3.000000000,0.000000000
50.499994081,-620.566564090,158.488358403,4.592996566,0.468542051,-0.001764081,1.197517490,1.800000000,3.000000000,0.000000000
50.999993650,-620.120450662,158.714151180,4.597840555,0.467620145,-0.001843815,1.200136471,1.800000000,3.000000000,0.000000000
51.499993182,-619.674129296,158.939532569,4.602704966,0.466661502,-0.001917287,1.203297138,1.800000000,3.000000000,0.000000000
51.999992674,-619.227592111,159.164485975,4.607544687,0.465655190,-0.002012626,1.207018471,1.800000000,3.000000000,0.000000000
52.499992127,-618.780828815,159.388989893,4.612375643,0.464600944,-0.002108494,1.211324501,1.800000000,3.000000000,0.000000000
52.999991526,-618.333829131,159.613022664,4.617171080,0.463511438,-0.002179015,1.216239452,1.800000000,3.000000000,0.000000000
53.499990865,-617.886585683,159.836568266,4.621951852,0.462377067,-0.002268745,1.221781445,1.800000000,3.000000000,0.000000000
53.999990155,-617.439088981,160.059606364,4.626687104,0.461196402,-0.002361332,1.227973461,1.800000000,3.000000000,0.000000000
54.499989398,-616.991329301,160.282115941,4.631413700,0.459976857,-0.002439094,1.234838867,1.800000000,3.000000000,0.000000000
54.999988595,-616.543298636,160.504079269,4.636134112,0.458715170,-0.002523377,1.242397499,1.800000000,3.000000000,0.000000000
55.499987724,-616.094988339,160.725477116,4.640859106,0.457401118,-0.002628108,1.250671291,1.800000000,3.000000000,0.000000000
55.999986774,-615.646387571,160.946285634,4.645524611,0.456049529,-0.002703183,1.259686565,1.800000000,3.000000000,0.000000000
56.499985773,-615.197488817,161.166487605,4.650192094,0.454645611,-0.002807842,1.269462967,1.800000000,3.000000000,0.000000000
56.999984704,-614.748281422,161.386059112,4.654842375,0.453197490,-0.002896248,1.280027008,1.800000000,3.000000000,0.000000000
57.499983579,-614.298756582,161.604979857,4.659450335,0.451706933,-0.002981121,1.291401291,1.800000000,3.000000000,0.000000000
57.999982385,-613.848905989,161.823230288,4.664022662,0.450167508,-0.003078857,1.303608036,1.800000000,3.000000000,0.000000000
58.499981088,-613.398720042,162.040787903,4.668607456,0.448580735,-0.003173554,1.316672230,1.800000000,3.000000000,0.000000000
58.999979733,-612.948189500,162.257630878,4.673143715,0.446950244,-0.003260991,1.330618095,1.800000000,3.000000000,0.000000000
59.499978293,-612.497306072,162.473738941,4.677649286,0.445273952,-0.003352594,1.345468426,1.800000000,3.000000000,0.000000000
59.999976785,-612.046061080,162.689090860,4.682139089,0.443542182,-0.003463550,1.361247349,1.800000000,3.000000000,0.000000000
60.499975182,-611.594443910,162.903660963,4.686621362,0.441774503,-0.003535369,1.377982521,1.800000000,3.000000000,0.000000000
60.999973469,-611.142448255,163.117432369,4.691046659,0.439955350,-0.003638318,1.395693684,1.800000000,3.000000000,0.000000000
61.499971681,-610.690064532,163.330381142,4.695452087,0.438100565,-0.003709585,1.414406490,1.800000000,3.000000000,0.000000000
61.999969820,-610.237286680,163.542490443,4.699829677,0.436183176,-0.003834791,1.434141636,1.800000000,3.000000000,0.000000000
62.499967872,-609.784103043,163.753731166,4.704172787,0.434225048,-0.003916271,1.454930115,1.800000000,3.000000000,0.000000000
62.999965804,-609.330506748,163.964084043,4.708490992,0.432218733,-0.004012648,1.476793957,1.800000000,3.000000000,0.000000000
63.499963613,-608.876489443,164.173526389,4.712872171,0.430162283,-0.004112917,1.499758720,1.800000000,3.000000000,0.000000000
63.999961334,-608.422042471,164.382034592,4.717303564,0.428040712,-0.004243161,1.524129868,1.800000000,3.000000000,0.000000000
64.499958953,-607.967154250,164.589578143,4.721829202,0.425895512,-0.004290420,1.550079823,1.800000000,3.000000000,0.000000000
64.999956485,-607.511821934,164.796145354,4.726394459,0.423689344,-0.004412359,1.574934196,1.800000000,3.000000000,0.000000000
65.499953874,-607.056035133,165.001707465,4.731027687,0.421441789,-0.004495132,1.598722649,1.800000000,3.000000000,0.000000000
65.999951149,-606.599787576,165.206244606,4.735662108,0.419146681,-0.004590240,1.621467209,1.800000000,3.000000000,0.000000000
66.499948335,-606.143071868,165.409734035,4.740263898,0.416798341,-0.004696708,1.643192959,1.800000000,3.000000000,0.000000000
66.999945361,-605.685879703,165.612150315,4.744817452,0.414386436,-0.004823837,1.663927841,1.800000000,3.000000000,0.000000000
67.499942273,-605.228200764,165.813463258,4.749349500,0.411945289,-0.004882323,1.683701515,1.800000000,3.000000000,0.000000000
67.999939045,-604.770031883,166.013658285,4.753822173,0.409429263,-0.005032084,1.702532578,1.800000000,3.000000000,0.000000000
68.499935654,-604.311360906,166.212699849,4.758288352,0.406874973,-0.005108614,1.720456219,1.800000000,3.000000000,0.000000000
68.999932183,-603.852183091,166.410569155,4.762722272,0.404282488,-0.005185005,1.737492180,1.800000000,3.000000000,0.000000000
69.499928578,-603.392493968,166.607247333,4.767102907,0.401635388,-0.005294238,1.753661060,1.800000000,3.000000000,0.000000000
69.999924828,-602.932285963,166.802707923,4.771437838,0.398929451,-0.005411913,1.768990517,1.800000000,3.000000000,0.000000000
70.499920931,-602.471550875,166.996922449,4.775765238,0.396203011,-0.005452922,1.783508205,1.800000000,3.000000000,0.000000000
70.999916874,-602.010288134,167.189880025,4.780053156,0.393408737,-0.005588590,1.797227287,1.800000000,3.000000000,0.000000000
71.499912705,-601.548488121,167.381547914,4.784343870,0.390576241,-0.005665039,1.800000000,1.800000000,3.000000000,0.000000000
71.999908431,-601.086147160,167.571906948,4.788594972,0.387694819,-0.005762893,1.800000000,1.800000000,3.000000000,0.000000000
72.499904017,-600.623259745,167.760932940,4.792838138,0.384766993,-0.005855702,1.800000000,1.800000000,3.000000000,0.000000000
72.999899420,-600.159821048,167.948602803,4.797028213,0.381774074,-0.005985892,1.800000000,1.800000000,3.000000000,0.000000000
73.499894648,-599.695822909,168.134884728,4.801140285,0.378761624,-0.006024955,1.800000000,1.800000000,3.000000000,0.000000000
73.999889784,-599.231265797,168.319768004,4.805206985,0.375669177,-0.006184953,1.800000000,1.800000000,3.000000000,0.000000000
74.499884748,-598.766139326,168.503213717,4.809225719,0.372567767,-0.006202881,1.800000000,1.800000000,3.000000000,0.000000000
74.999879629,-598.300446229,168.685215972,4.813225707,0.369406808,-0.006321981,1.800000000,1.800000000,3.000000000,0.000000000
75.499874322,-597.834180334,168.865745215,4.817184533,0.366215379,-0.006382925,1.800000000,1.800000000,3.000000000,0.000000000
75.999868813,-597.367340855,169.044785415,4.821133464,0.362978814,-0.006473198,1.800000000,1.800000000,3.000000000,0.000000000
76.499863289,-596.899924363,169.222313718,4.825055837,0.359696369,-0.006564961,1.800000000,1.800000000,3.000000000,0.000000000
76.999857489,-596.431927921,169.398306701,4.828956866,0.356355830,-0.006681154,1.800000000,1.800000000,3.000000000,0.000000000
77.499851583,-595.963346279,169.572735308,4.832799598,0.353008322,-0.006695093,1.800000000,1.800000000,3.000000000,0.000000000
77.999845539,-595.494183492,169.745594312,4.836625125,0.349600977,-0.006814770,1.800000000,1.800000000,3.000000000,0.000000000
78.499839315,-595.024434609,169.916853655,4.840389027,0.346147285,-0.006907467,1.800000000,1.800000000,3.000000000,0.000000000
78.999833051,-594.554097088,170.086489598,4.844096183,0.342699318,-0.006896019,1.800000000,1.800000000,3.000000000,0.000000000
79.499826646,-594.083177599,170.254502780,4.847791934,0.339184361,-0.007030002,1.800000000,1.800000000,3.000000000,0.000000000
79.999820048,-593.611670642,170.420859601,4.851468411,0.335643449,-0.007081913,1.800000000,1.800000000,3.000000000,0.000000000
80.499813403,-593.139577632,170.585545803,4.855088812,0.332063666,-0.007159660,1.800000000,1.800000000,3.000000000,0.000000000
80.999806535,-592.666898319,170.748540890,4.858689681,0.328465428,-0.007196571,1.800000000,1.800000000,3.000000000,0.000000000
81.499799611,-592.193635624,170.909834095,4.862250724,0.324820191,-0.007290571,1.800000000,1.800000000,3.000000000,0.000000000
81.999792631,-591.719788176,171.069401060,4.865762599,0.321162998,-0.007314485,1.800000000,1.800000000,3.000000000,0.000000000
82.499785479,-591.245360494,171.227233956,4.869232949,0.317463671,-0.007398757,1.800000000,1.800000000,3.000000000,0.000000000
82.999778258,-590.770352251,171.383310691,4.872669864,0.313776967,-0.007373511,1.800000000,1.800000000,3.000000000,0.000000000
83.499770931,-590.294771928,171.537635121,4.876044188,0.310035009,-0.007484021,1.800000000,1.800000000,3.000000000,0.000000000
83.999763571,-589.818617493,171.690178864,4.879392783,0.306279178,-0.007511769,1.800000000,1.800000000,3.000000000,0.000000000
84.499756119,-589.341893576,171.840933152,4.882699519,0.302503074,-0.007552318,1.800000000,1.800000000,3.000000000,0.000000000
84.999748536,-588.864603921,171.989886171,4.885973941,0.298715152,-0.007575954,1.800000000,1.800000000,3.000000000,0.000000000
85.499740869,-588.386753549,172.137030165,4.889214931,0.294916061,-0.007598295,1.800000000,1.800000000,3.000000000,0.000000000
85.999733268,-587.908347549,172.282357724,4.892428847,0.291098672,-0.007634889,1.800000000,1.800000000,3.000000000,0.000000000
86.499725632,-587.429390300,172.425857957,4.895591710,0.287261127,-0.007675204,1.800000000,1.800000000,3.000000000,0.000000000
86.999717890,-586.949885991,172.567519087,4.898732174,0.283429998,-0.007662372,1.800000000,1.800000000,3.000000000,0.000000000
87.499710057,-586.469842568,172.707342114,4.901825628,0.279588064,-0.007683984,1.800000000,1.800000000,3.000000000,0.000000000
87.999702192,-585.989265528,172.845319809,4.904888464,0.275738510,-0.007699223,1.800000000,1.800000000,3.000000000,0.000000000
88.499694452,-585.508160778,172.981446514,4.907916259,0.271888007,-0.007701122,1.800000000,1.800000000,3.000000000,0.000000000
88.999686714,-585.026535438,173.115719719,4.910911556,0.268037926,-0.007700276,1.800000000,1.800000000,3.000000000,0.000000000
89.499678871,-584.544396807,173.248137609,4.913864901,0.264186378,-0.007703212,1.800000000,1.800000000,3.000000000,0.000000000
89.999670999,-584.061751767,173.378697534,4.916760126,0.260336078,-0.007700718,1.800000000,1.800000000,3.000000000,0.000000000
90.499663131,-583.578607608,173.507398169,4.919619846,0.256500878,-0.007670514,1.800000000,1.800000000,3.000000000,0.000000000
90.999655458,-583.094973222,173.634244957,4.922442100,0.252657363,-0.007687143,1.800000000,1.800000000,3.000000000,0.000000000
91.499647802,-582.610854856,173.759231960,4.925229844,0.248835453,-0.007643933,1.800000000,1.800000000,3.000000000,0.000000000
91.999640123,-582.126262359,173.882367793,4.927982589,0.245031704,-0.007607609,1.800000000,1.800000000,3.000000000,0.000000000
92.499632515,-581.641204922,174.003659488,4.930697443,0.241226892,-0.007609735,1.800000000,1.800000000,3.000000000,0.000000000
92.999624940,-581.155689474,174.123104766,4.933373334,0.237419257,-0.007615380,1.800000000,1.800000000,3.000000000,0.000000000
93.499617551,-580.669722561,174.240700560,4.936021786,0.233645052,-0.007548516,1.800000000,1.800000000,3.000000000,0.000000000
93.999610164,-580.183315278,174.356461382,4.938586043,0.229880103,-0.007530005,1.800000000,1.800000000,3.000000000,0.000000000
94.499602774,-579.696475613,174.470390090,4.941072343,0.226158714,-0.007442881,1.800000000,1.800000000,3.000000000,0.000000000
94.999595611,-579.209215125,174.582506343,4.943554206,0.222448547,-0.007420435,1.800000000,1.800000000,3.000000000,0.000000000
95.499588516,-578.721541956,174.692814027,4.945985111,0.218758861,-0.007379473,1.800000000,1.800000000,3.000000000,0.000000000
95.999581544,-578.233464986,174.801321629,4.948362312,0.215096418,-0.007324983,1.800000000,1.800000000,3.000000000,0.000000000
96.499574607,-577.744993854,174.908040961,4.950704253,0.211460661,-0.007271611,1.800000000,1.800000000,3.000000000,0.000000000
96.999567639,-577.256137975,175.012983623,4.953001045,0.207827729,-0.007265960,1.800000000,1.800000000,3.000000000,0.000000000
97.499560859,-576.766903891,175.116149655,4.955223903,0.204252828,-0.007149895,1.800000000,1.800000000,3.000000000,0.000000000
97.999554193,-576.277304012,175.217566091,4.957391808,0.200702011,-0.007101723,1.800000000,1.800000000,3.000000000,0.000000000
98.499547656,-575.787346984,175.317243438,4.959500468,0.197209547,-0.006985016,1.800000000,1.800000000,3.000000000,0.000000000
98.999541283,-575.297044664,175.415209055,4.961609003,0.193726568,-0.006966043,1.800000000,1.800000000,3.000000000,0.000000000
99.499534904,-574.806404113,175.511466367,4.963700949,0.190280479,-0.006892262,1.800000000,1.800000000,3.000000000,0.000000000
99.999528639,-574.315434652,175.606032342,4.965734401,0.186868403,-0.006824234,1.800000000,1.800000000,3.000000000,0.000000000
100.499522526,-573.824145234,175.698922572,4.967700349,0.183511103,-0.006714678,1.800000000,1.800000000,3.000000000,0.000000000
100.999516610,-573.332546531,175.790162912,4.969649828,0.180150765,-0.006720751,1.800000000,1.800000000,3.000000000,0.000000000
101.499510873,-572.840643831,175.879750834,4.971532213,0.176857162,-0.006587277,1.800000000,1.800000000,3.000000000,0.000000000
101.999505173,-572.348448694,175.967718148,4.973367962,0.173610796,-0.006492803,1.800000000,1.800000000,3.000000000,0.000000000
102.499499650,-571.855970404,176.054087186,4.975152744,0.170388926,-0.006443807,1.800000000,1.800000000,3.000000000,0.000000000
102.999494278,-571.363216252,176.138869103,4.976902240,0.167177798,-0.006422320,1.800000000,1.800000000,3.000000000,0.000000000
103.499489061,-570.870192242,176.222068315,4.978616729,0.164048296,-0.006259066,1.800000000,1.800000000,3.000000000,0.000000000
103.999483976,-570.376910145,176.303724224,4.980279945,0.160959206,-0.006178240,1.800000000,1.800000000,3.000000000,0.000000000
104.499478996,-569.883378056,176.383855969,4.981896194,0.157868046,-0.006182380,1.800000000,1.800000000,3.000000000,0.000000000
104.999474128,-569.389600513,176.462461765,4.983505062,0.154853913,-0.006028321,1.800000000,1.800000000,3.000000000,0.000000000
105.499469421,-568.895588127,176.539578920,4.985082381,0.151890800,-0.005926278,1.800000000,1.800000000,3.000000000,0.000000000
105.999464805,-568.401349314,176.615231938,4.986610028,0.148955554,-0.005870543,1.800000000,1.800000000,3.000000000,0.000000000
106.499460364,-567.906890397,176.689433946,4.988072045,0.146063909,-0.005783339,1.800000000,1.800000000,3.000000000,0.000000000
106.999456077,-567.412218828,176.762205868,4.989489050,0.143213579,-0.005700706,1.800000000,1.800000000,3.000000000,0.000000000
107.499451791,-566.917341845,176.833567519,4.990850959,0.140396647,-0.005633911,1.800000000,1.800000000,3.000000000,0.000000000
107.999447659,-566.422265652,176.903534876,4.992172688,0.137628735,-0.005535867,1.800000000,1.800000000,3.000000000,0.000000000
108.499443674,-565.926997546,176.972131659,4.993431476,0.134889141,-0.005479230,1.800000000,1.800000000,3.000000000,0.000000000
108.999439834,-565.431543229,177.039371372,4.994691416,0.132185966,-0.005406387,1.800000000,1.800000000,3.000000000,0.000000000
109.499436118,-564.935908838,177.105271559,4.995891279,0.129535072,-0.005301827,1.800000000,1.800000000,3.000000000,0.000000000
109.999432430,-564.440101466,177.169857644,4.997023646,0.126912645,-0.005244891,1.800000000,1.800000000,3.000000000,0.000000000
110.499428856,-563.944126314,177.233143305,4.998120031,0.124336836,-0.005151652,1.800000000,1.800000000,3.000000000,0.000000000
110.999425450,-563.447989630,177.295151240,4.999207689,0.121792662,-0.005088382,1.800000000,1.800000000,3.000000000,0.000000000
111.499422143,-562.951696694,177.355896730,5.000224834,0.119283953,-0.005017449,1.800000000,1.800000000,3.000000000,0.000000000
111.999418911,-562.455252852,177.415396985,5.001190502,0.116816857,-0.004934222,1.800000000,1.800000000,3.000000000,0.000000000
112.499415724,-561.958663684,177.473672291,5.002115178,0.114380635,-0.004872473,1.800000000,1.800000000,3.000000000,0.000000000
112.999412617,-561.461933939,177.530737633,5.002962345,0.111978029,-0.004805241,1.800000000,1.800000000,3.000000000,0.000000000
113.499409667,-560.965068366,177.586609382,5.003772390,0.109609950,-0.004736184,1.800000000,1.800000000,3.000000000,0.000000000
113.999406803,-560.468071792,177.641304369,5.004550331,0.107273840,-0.004672246,1.800000000,1.800000000,3.000000000,0.000000000
114.499403991,-559.970948750,177.694838174,5.005287394,0.104974091,-0.004599522,1.800000000,1.800000000,3.000000000,0.000000000
114.999401236,-559.473703851,177.747228587,5.005985230,0.102707410,-0.004533386,1.800000000,1.800000000,3.000000000,0.000000000
115.499398563,-558.976341394,177.798491779,5.006632159,0.100447422,-0.004519998,1.800000000,1.800000000,3.000000000,0.000000000
115.999395979,-558.478864267,177.848630817,5.007176497,0.098233058,-0.004428750,1.800000000,1.800000000,3.000000000,0.000000000
116.499393463,-557.981277264,177.897668144,5.007668766,0.096054888,-0.004356361,1.800000000,1.800000000,3.000000000,0.000000000
116.999391010,-557.483584569,177.945621532,5.008112509,0.093884832,-0.004340133,1.800000000,1.800000000,3.000000000,0.000000000
117.499388583,-556.985788957,177.992494789,5.008528337,0.091751535,-0.004266613,1.800000000,1.800000000,3.000000000,0.000000000
117.999386240,-556.487894400,178.038306003,5.008918395,0.089651543,-0.004200002,1.800000000,1.800000000,3.000000000,0.000000000
118.499383942,-555.989904694,178.083071546,5.009288357,0.087577490,-0.004148124,1.800000000,1.800000000,3.000000000,0.000000000
118.999381719,-555.491823137,178.126804143,5.009591648,0.085514361,-0.004126276,1.800000000,1.800000000,3.000000000,0.000000000
119.499379549,-554.993652362,178.169509045,5.009856528,0.083488159,-0.004052420,1.800000000,1.800000000,3.000000000,0.000000000
119.999377381,-554.495396079,178.211204466,5.010091778,0.081483303,-0.004009729,1.800000000,1.800000000,3.000000000,0.000000000
120.499375287,-553.997057129,178.251900878,5.010268657,0.079492556,-0.003981511,1.800000000,1.800000000,3.000000000,0.000000000
120.999373235,-553.498638110,178.291605147,5.010390065,0.077524388,-0.003936351,1.800000000,1.800000000,3.000000000,0.000000000
121.499371253,-553.000141841,178.330328372,5.010510608,0.075580711,-0.003887369,1.800000000,1.800000000,3.000000000,0.000000000
121.999369293,-552.501571227,178.368082611,5.010600205,0.073660401,-0.003840635,1.800000000,1.800000000,3.000000000,0.000000000
122.499367350,-552.002929015,178.404879371,5.010656417,0.071758123,-0.003804570,1.800000000,1.800000000,3.000000000,0.000000000
122.999365485,-551.504217630,178.440727515,5.010706951,0.069873416,-0.003769427,1.800000000,1.800000000,3.000000000,0.000000000
123.499363637,-551.005439551,178.475635672,5.010716065,0.068011384,-0.003724078,1.800000000,1.800000000,3.000000000,0.000000000
123.999361847,-550.506597278,178.509615033,5.010709863,0.066173523,-0.003675733,1.800000000,1.800000000,3.000000000,0.000000000
124.499360092,-550.007693364,178.542677536,5.010707897,0.064340757,-0.003665545,1.800000000,1.800000000,3.000000000,0.000000000
124.999358336,-549.508729692,178.574825610,5.010609485,0.062528420,-0.003624685,1.800000000,1.800000000,3.000000000,0.000000000
125.499356643,-549.009708515,178.606069346,5.010529457,0.060748286,-0.003560279,1.800000000,1.800000000,3.000000000,0.000000000
125.999354981,-548.510632478,178.636424710,5.010461478,0.058973549,-0.003549486,1.799168205,1.800000000,3.000000000,0.000000000
126.499353366,-548.011503308,178.665894300,5.010382104,0.057214998,-0.003517113,1.791627502,1.800000000,3.000000000,0.000000000
126.999351789,-547.512323049,178.694486104,5.010274956,0.055480996,-0.003468015,1.783146858,1.800000000,3.000000000,0.000000000
127.499350201,-547.013093972,178.722212284,5.010179389,0.053760201,-0.003441600,1.773679256,1.800000000,3.000000000,0.000000000
127.999348655,-546.513817882,178.749079356,5.010056650,0.052063826,-0.003392760,1.763184261,1.800000000,3.000000000,0.000000000
128.499347169,-546.014496873,178.775099432,5.009967104,0.050376253,-0.003375156,1.800000000,1.800000000,3.000000000,0.000000000
128.999345713,-545.515132634,178.800276833,5.009853890,0.048710697,-0.003331120,1.800000000,1.800000000,3.000000000,0.000000000
129.499344280,-545.015727132,178.824622482,5.009759972,0.047070317,-0.003280770,1.800000000,1.800000000,3.000000000,0.000000000
129.999342858,-544.516282354,178.848148883,5.009688378,0.045440366,-0.003259911,1.800000000,1.800000000,3.000000000,0.000000000
130.499341469,-544.016799859,178.870861185,5.009647139,0.043817138,-0.003246464,1.693762207,1.800000000,3.000000000,0.000000000
130.999340124,-543.517281111,178.892762685,5.009581551,0.042232866,-0.003168552,1.800000000,1.800000000,3.000000000,0.000000000
131.499338817,-543.017728255,178.913872786,5.009555059,0.040662051,-0.003141638,1.800000000,1.800000000,3.000000000,0.000000000
131.999337541,-542.518142823,178.934198158,5.009526958,0.039100916,-0.003122278,1.800000000,1.800000000,3.000000000,0.000000000
132.499336278,-542.018526257,178.953743585,5.009517639,0.037570762,-0.003060314,1.800000000,1.800000000,3.000000000,0.000000000
132.999335059,-541.518880323,178.972524502,5.009507384,0.036053520,-0.003034493,1.800000000,1.800000000,3.000000000,0.000000000
133.499333857,-541.019206454,178.990547313,5.009524134,0.034556910,-0.002993226,1.800000000,1.800000000,3.000000000,0.000000000
133.999332706,-540.519506119,179.007822289,5.009507352,0.033083747,-0.002946332,1.800000000,1.800000000,3.000000000,0.000000000
134.499331595,-540.019780839,179.024361109,5.009478438,0.031627295,-0.002912911,1.800000000,1.800000000,3.000000000,0.000000000
134.999330483,-539.520032001,179.040172084,5.009496817,0.030198296,-0.002858003,1.800000000,1.800000000,3.000000000,0.000000000
135.499329431,-539.020261019,179.055268906,5.009469199,0.028786600,-0.002823397,1.800000000,1.800000000,3.000000000,0.000000000
135.999328393,-538.520469210,179.069660188,5.009440964,0.027395111,-0.002782983,1.800000000,1.800000000,3.000000000,0.000000000
136.499327400,-538.020657814,179.083356004,5.009425253,0.026029212,-0.002731804,1.800000000,1.800000000,3.000000000,0.000000000
136.999326450,-537.520828134,179.096369115,5.009438562,0.024687401,-0.002683627,1.800000000,1.800000000,3.000000000,0.000000000
137.499325501,-537.020981442,179.108711539,5.009448387,0.023366047,-0.002642713,1.800000000,1.800000000,3.000000000,0.000000000
137.999324614,-536.521118815,179.120393478,5.009476006,0.022071329,-0.002589441,1.800000000,1.800000000,3.000000000,0.000000000
138.499323744,-536.021241466,179.131428228,5.009481496,0.020798782,-0.002545099,1.800000000,1.800000000,3.000000000,0.000000000
138.999322912,-535.521350441,179.141826851,5.009506186,0.019550852,-0.002495863,1.800000000,1.800000000,3.000000000,0.000000000
139.499322121,-535.021446787,179.151601639,5.009541172,0.018331582,-0.002438544,1.800000000,1.800000000,3.000000000,0.000000000
139.999321340,-534.521531578,179.160766902,5.009527001,0.017134898,-0.002393372,1.800000000,1.800000000,3.000000000,0.000000000
140.499320615,-534.021605703,179.169333920,5.009555258,0.015964696,-0.002340407,1.800000000,1.800000000,3.000000000,0.000000000
140.999319908,-533.521670126,179.177315917,5.009577041,0.014820864,-0.002287667,1.800000000,1.800000000,3.000000000,0.000000000
141.499319237,-533.021725711,179.184726068,5.009596378,0.013705296,-0.002231139,1.800000000,1.800000000,3.000000000,0.000000000
141.999318605,-532.521773300,179.191578493,5.009588077,0.012615389,-0.002179817,1.800000000,1.800000000,3.000000000,0.000000000
142.499317986,-532.021813706,179.197886012,5.009572524,0.011552732,-0.002125316,1.800000000,1.800000000,3.000000000,0.000000000
142.999317417,-531.521847641,179.203662244,5.009537205,0.010519313,-0.002066842,1.800000000,1.800000000,3.000000000,0.000000000
143.499316867,-531.021875855,179.208921797,5.009531036,0.009513215,-0.002012197,1.800000000,1.800000000,3.000000000,0.000000000
143.999316349,-530.521898998,179.213678328,5.009508707,0.008534949,-0.001956534,1.800000000,1.800000000,3.000000000,0.000000000
144.499315867,-530.021917691,179.217945747,5.009469137,0.007588963,-0.001891974,1.800000000,1.800000000,3.000000000,0.000000000
144.999315401,-529.521932555,179.221740188,5.009465069,0.006664616,-0.001848697,1.800000000,1.800000000,3.000000000,0.000000000
145.499314974,-529.021944086,179.225072469,5.009452314,0.005774196,-0.001780842,1.800000000,1.800000000,3.000000000,0.000000000
145.999314566,-528.521952829,179.227959548,5.009431979,0.004911224,-0.001725944,1.800000000,1.800000000,3.000000000,0.000000000
146.499314187,-528.021959238,179.230415149,5.009421112,0.004077933,-0.001666584,1.800000000,1.800000000,3.000000000,0.000000000
146.999313839,-527.521963744,179.232454108,5.009423784,0.003273576,-0.001608714,1.800000000,1.800000000,3.000000000,0.000000000
147.499313507,-527.021966754,179.234090892,5.009448407,0.002498735,-0.001549684,1.800000000,1.800000000,3.000000000,0.000000000
147.999313206,-526.521968617,179.235340257,5.009451832,0.001752825,-0.001491821,1.800000000,1.800000000,3.000000000,0.000000000
148.499312922,-526.021969669,179.236216669,5.009459204,0.001035254,-0.001435142,1.800000000,1.800000000,3.000000000,0.000000000
148.999312660,-525.521970198,179.236734295,5.009452171,0.000346355,-0.001377798,1.800000000,1.800000000,3.000000000,0.000000000
149.499312424,-525.021970464,179.236907473,5.009470773,-0.000312511,-0.001317732,1.800000000,1.800000000,3.000000000,0.000000000
149.999312202,-524.521970711,179.236751218,5.009483844,-0.000944837,-0.001264653,1.800000000,1.800000000,3.000000000,0.000000000
150.499312004,-524.021971132,179.236278799,5.009508890,-0.001547705,-0.001205737,1.800000000,1.800000000,3.000000000,0.000000000
150.999311820,-523.521971915,179.235504948,5.009515853,-0.002123526,-0.001151643,1.800000000,1.800000000,3.000000000,0.000000000
151.499311652,-523.021973210,179.234443185,5.009516311,-0.002671884,-0.001096716,1.800000000,1.800000000,3.000000000,0.000000000
151.999311504,-522.521975143,179.233107245,5.009540165,-0.003191788,-0.001039808,1.800000000,1.800000000,3.000000000,0.000000000
152.499311367,-522.021977827,179.231511354,5.009536476,-0.003685812,-0.000988048,1.800000000,1.800000000,3.000000000,0.000000000
152.999311247,-521.521981343,179.229668453,5.009538474,-0.004152303,-0.000932982,1.800000000,1.800000000,3.000000000,0.000000000
153.499311138,-521.021985763,179.227592308,5.009539014,-0.004592959,-0.000881314,1.800000000,1.800000000,3.000000000,0.000000000
153.999311041,-520.521991133,179.225295837,5.009558606,-0.005008325,-0.000830731,1.800000000,1.800000000,3.000000000,0.000000000
154.499310957,-520.021997488,179.222791685,5.009568451,-0.005397013,-0.000777377,1.800000000,1.800000000,3.000000000,0.000000000
154.999310881,-519.522004846,179.220093192,5.009563548,-0.005762843,-0.000731660,1.800000000,1.800000000,3.000000000,0.000000000
155.499310817,-519.022013213,179.217211787,5.009566118,-0.006102565,-0.000679445,1.800000000,1.800000000,3.000000000,0.000000000
155.999310759,-518.522022581,179.214160524,5.009568211,-0.006419039,-0.000632948,1.800000000,1.800000000,3.000000000,0.000000000
156.499310710,-518.022032931,179.210951026,5.009588557,-0.006712703,-0.000587328,1.800000000,1.800000000,3.000000000,0.000000000
156.999310669,-517.522044237,179.207594700,5.009574815,-0.006982126,-0.000538845,1.800000000,1.800000000,3.000000000,0.000000000
157.499310633,-517.022056460,179.204103666,5.009549139,-0.007230389,-0.000496527,1.800000000,1.800000000,3.000000000,0.000000000
157.999310604,-516.522069559,179.200488503,5.009534004,-0.007455589,-0.000450399,1.800000000,1.800000000,3.000000000,0.000000000
158.499310579,-516.022083480,179.196760743,5.009526741,-0.007659596,-0.000408014,1.800000000,1.800000000,3.000000000,0.000000000
158.999310559,-515.522098167,179.192930983,5.009504029,-0.007843017,-0.000366842,1.800000000,1.800000000,3.000000000,0.000000000
159.499310544,-515.022113561,179.189009515,5.009474329,-0.008004876,-0.000323719,1.800000000,1.800000000,3.000000000,0.000000000
159.999310532,-514.522129593,179.185007120,5.009466095,-0.008147212,-0.000284671,1.800000000,1.800000000,3.000000000,0.000000000
160.499310522,-514.022146196,179.180933559,5.009435289,-0.008269015,-0.000243606,1.800000000,1.800000000,3.000000000,0.000000000
160.999310516,-513.522163297,179.176799099,5.009432958,-0.008371670,-0.000205310,1.800000000,1.800000000,3.000000000,0.000000000
161.499310511,-513.022180823,179.172613313,5.009427666,-0.008455535,-0.000167731,1.800000000,1.800000000,3.000000000,0.000000000
161.999310508,-512.522198700,179.168385596,5.009414043,-0.008520148,-0.000129225,1.800000000,1.800000000,3.000000000,0.000000000
162.499310506,-512.022216849,179.164125574,5.009422759,-0.008566288,-0.000092282,1.800000000,1.800000000,3.000000000,0.000000000
162.999310506,-511.522235195,179.159842482,5.009427188,-0.008593882,-0.000055187,1.800000000,1.800000000,3.000000000,0.000000000
163.499310505,-511.022253659,179.155545594,5.009436244,-0.008603694,-0.000019625,1.800000000,1.800000000,3.000000000,0.000000000
163.999310505,-510.522272165,179.151243799,5.009440984,-0.008595781,0.000015828,1.800000000,1.800000000,3.000000000,0.000000000
164.499310505,-510.022290637,179.146945962,5.009463783,-0.008570414,0.000050733,1.800000000,1.800000000,3.000000000,0.000000000
164.999310504,-509.522309001,179.142660807,5.009463724,-0.008527238,0.000086353,1.800000000,1.800000000,3.000000000,0.000000000
165.499310503,-509.022327180,179.138397240,5.009491365,-0.008466817,0.000120842,1.800000000,1.800000000,3.000000000,0.000000000
165.999310500,-508.522345105,179.134163882,5.009504649,-0.008388359,0.000156916,1.800000000,1.800000000,3.000000000,0.000000000
166.499310496,-508.022362700,179.129969752,5.009500436,-0.008292971,0.000190776,1.800000000,1.800000000,3.000000000,0.000000000
166.999310490,-507.522379899,179.125823314,5.009512930,-0.008180161,0.000225620,1.800000000,1.800000000,3.000000000,0.000000000
167.499310483,-507.022396635,179.121733280,5.009545933,-0.008049623,0.000261075,1.800000000,1.800000000,3.000000000,0.000000000
167.999310472,-506.522412844,179.117708511,5.009561369,-0.007900900,0.000297447,1.800000000,1.800000000,3.000000000,0.000000000
168.499310459,-506.022428463,179.113758103,5.009565970,-0.007733630,0.000334539,1.800000000,1.800000000,3.000000000,0.000000000
168.999310443,-505.522443432,179.109891326,5.009574530,-0.007548085,0.000371091,1.800000000,1.800000000,3.000000000,0.000000000
169.499310423,-505.022457696,179.106117320,5.009560591,-0.007344087,0.000407995,1.800000000,1.800000000,3.000000000,0.000000000
169.999310399,-504.522471203,179.102445309,5.009559755,-0.007119611,0.000448953,1.800000000,1.800000000,3.000000000,0.000000000
170.499310370,-504.022483904,179.098885534,5.009545887,-0.006875455,0.000488312,1.800000000,1.800000000,3.000000000,0.000000000
170.999310336,-503.522495756,179.095447834,5.009514870,-0.006609395,0.000532119,1.800000000,1.800000000,3.000000000,0.000000000
171.499310296,-503.022506717,179.092143161,5.009510199,-0.006322297,0.000574197,1.800000000,1.800000000,3.000000000,0.000000000
171.999310249,-502.522516757,179.088982033,5.009512113,-0.006011917,0.000620761,1.800000000,1.800000000,3.000000000,0.000000000
172.499310195,-502.022525847,179.085976094,5.009489678,-0.005678973,0.000665888,1.800000000,1.800000000,3.000000000,0.000000000
172.999310132,-501.522533972,179.083136623,5.009474965,-0.005319367,0.000719212,1.800000000,1.800000000,3.000000000,0.000000000
173.499310060,-501.022541118,179.080476952,5.009462097,-0.004934894,0.000768945,1.800000000,1.800000000,3.000000000,0.000000000
173.999309976,-500.522547291,179.078009516,5.009468910,-0.004521780,0.000826228,1.800000000,1.800000000,3.000000000,0.000000000
174.499309879,-500.022552499,179.075748634,5.009474970,-0.004080301,0.000882958,1.800000000,1.800000000,3.000000000,0.000000000
174.999309770,-499.522556771,179.073708489,5.009462379,-0.003607358,0.000945888,1.800000000,1.800000000,3.000000000,0.000000000
175.499309645,-499.022560149,179.071904815,5.009454099,-0.003102125,0.001010465,1.800000000,1.800000000,3.000000000,0.000000000
175.999309503,-498.522562697,179.070353755,5.009451480,-0.002559937,0.001084377,1.800000000,1.800000000,3.000000000,0.000000000
176.499309337,-498.022564500,179.069073789,5.009450352,-0.001983316,0.001153241,1.800000000,1.800000000,3.000000000,0.000000000
176.999309150,-497.522565672,179.068082131,5.009450253,-0.001366992,0.001232650,1.800000000,1.800000000,3.000000000,0.000000000
177.499308937,-497.022566351,179.067398636,5.009450938,-0.000712360,0.001309263,1.800000000,1.800000000,3.000000000,0.000000000
177.999308699,-496.522566716,179.067042456,5.009461837,-0.000012968,0.001398786,1.800000000,1.800000000,3.000000000,0.000000000
178.499308429,-496.022566987,179.067035972,5.009490230,0.000729040,0.001484016,1.800000000,1.800000000,3.000000000,0.000000000
178.999308119,-495.522567430,179.067400492,5.009485382,0.001512603,0.001567127,1.800000000,1.800000000,3.000000000,0.000000000
179.499307775,-495.022568346,179.068156793,5.009493670,0.002352482,0.001679760,1.800000000,1.800000000,3.000000000,0.000000000
179.999307384,-494.522570119,179.069333032,5.009505278,0.003236121,0.001767280,1.800000000,1.800000000,3.000000000,0.000000000
180.499306954,-494.022573168,179.070951088,5.009535300,0.004172384,0.001872527,1.800000000,1.800000000,3.000000000,0.000000000
180.999306470,-493.522578004,179.073037272,5.009560722,0.005165771,0.001986775,1.800000000,1.800000000,3.000000000,0.000000000
181.499305919,-493.022585226,179.075620143,5.009552957,0.006214327,0.002097115,1.800000000,1.800000000,3.000000000,0.000000000
181.999305314,-492.522595485,179.078727283,5.009543952,0.007311016,0.002193381,1.800000000,1.800000000,3.000000000,0.000000000
182.499304640,-492.022609522,179.082382753,5.009569402,0.008472871,0.002323712,1.800000000,1.800000000,3.000000000,0.000000000
182.999303903,-491.522628206,179.086619131,5.009556229,0.009693337,0.002440936,1.800000000,1.800000000,3.000000000,0.000000000
183.499303088,-491.022652512,179.091465716,5.009540733,0.010979185,0.002571701,1.800000000,1.800000000,3.000000000,0.000000000
183.999302166,-490.522683569,179.096955188,5.009548593,0.012328865,0.002699366,1.800000000,1.800000000,3.000000000,0.000000000
184.499301154,-490.022722580,179.103119452,5.009534195,0.013739120,0.002820515,1.800000000,1.800000000,3.000000000,0.000000000
184.999300059,-489.522770866,179.109988781,5.009496596,0.015223260,0.002968287,1.800000000,1.800000000,3.000000000,0.000000000
185.499298864,-489.022829996,179.117600099,5.009471697,0.016775158,0.003103803,1.800000000,1.800000000,3.000000000,0.000000000
185.999297556,-488.522901654,179.125987262,5.009448661,0.018392142,0.003233976,1.800000000,1.800000000,3.000000000,0.000000000
186.499296104,-488.022987671,179.135182788,5.009448730,0.020077897,0.003371520,1.800000000,1.800000000,3.000000000,0.000000000
186.999294534,-487.523090018,179.145221031,5.009452536,0.021837117,0.003518451,1.800000000,1.800000000,3.000000000,0.000000000
187.499292858,-487.023210903,179.156138685,5.009447052,0.023664990,0.003655758,1.800000000,1.800000000,3.000000000,0.000000000
187.999291051,-486.523352712,179.167970032,5.009445607,0.025566061,0.003802156,1.800000000,1.800000000,3.000000000,0.000000000
188.499289092,-486.023518067,179.180751620,5.009443095,0.027536064,0.003940021,1.800000000,1.800000000,3.000000000,0.000000000
188.999286954,-485.523709751,179.194517854,5.009441197,0.029561909,0.004051707,1.800000000,1.800000000,3.000000000,0.000000000
189.499284709,-485.023930455,179.209296589,5.009433273,0.031674822,0.004225844,1.800000000,1.800000000,3.000000000,0.000000000
189.999282317,-484.524183649,179.225131276,5.009443541,0.033841745,0.004333867,1.800000000,1.800000000,3.000000000,0.000000000
190.499279789,-484.024472464,179.242048834,5.009429468,0.036078852,0.004474236,1.800000000,1.800000000,3.000000000,0.000000000
190.999277082,-483.524800555,179.260084249,5.009431993,0.038381750,0.004605820,1.800000000,1.800000000,3.000000000,0.000000000
191.499274169,-483.025171710,179.279270301,5.009434895,0.040746699,0.004729925,1.800000000,1.800000000,3.000000000,0.000000000
191.999271179,-482.525589713,179.299637891,5.009440643,0.043180254,0.004867140,1.800000000,1.800000000,3.000000000,0.000000000
192.499267993,-482.026058958,179.321221172,5.009453164,0.045660075,0.004959672,1.800000000,1.800000000,3.000000000,0.000000000
192.999264707,-481.526583360,179.344043127,5.009464051,0.048194118,0.005068120,1.800000000,1.800000000,3.000000000,0.000000000
193.499261272,-481.027167347,179.368130694,5.009467034,0.050790699,0.005193196,1.800000000,1.800000000,3.000000000,0.000000000
193.999257630,-480.527815770,179.393514941,5.009485677,0.053441971,0.005302582,1.800000000,1.800000000,3.000000000,0.000000000
194.499253912,-480.028533323,179.420223011,5.009507154,0.056094550,0.005305196,1.800000000,1.800000000,3.000000000,0.000000000
194.999250103,-479.529323570,179.448255365,5.009515648,0.058819949,0.005450837,1.800000000,1.800000000,3.000000000,0.000000000
195.499246231,-479.030192133,179.477648156,5.009557941,0.061573830,0.005507804,1.800000000,1.800000000,3.000000000,0.000000000
195.999242259,-478.531143631,179.508415377,5.009555498,0.064339052,0.005530488,1.800000000,1.800000000,3.000000000,0.000000000
196.499238145,-478.032182259,179.540562448,5.009546202,0.067116981,0.005555902,1.800000000,1.800000000,3.000000000,0.000000000
196.999234021,-477.533312123,179.574095473,5.009575147,0.069941201,0.005648484,1.800000000,1.800000000,3.000000000,0.000000000
197.499229901,-477.034538677,179.609037281,5.009571521,0.072742019,0.005601680,1.800000000,1.800000000,3.000000000,0.000000000
197.999225801,-476.535865033,179.645375926,5.009584502,0.075558664,0.005633334,1.800000000,1.800000000,3.000000000,0.000000000
198.499221639,-476.037295782,179.683119006,5.009599869,0.078348549,0.005579815,1.800000000,1.800000000,3.000000000,0.000000000
198.999217484,-475.538833764,179.722252889,5.009591884,0.081151332,0.005605610,1.800000000,1.800000000,3.000000000,0.000000000
199.499213412,-475.040483304,179.762783704,5.009558907,0.083892650,0.005482678,1.800000000,1.800000000,3.000000000,0.000000000
199.999209454,-474.542245710,179.804680512,5.009598272,0.086636021,0.005486783,1.800000000,1.800000000,3.000000000,0.000000000
200.499205620,-474.044124807,179.847944021,5.009597728,0.089317264,0.005362526,1.800000000,1.800000000,3.000000000,0.000000000
200.999201859,-473.546121621,179.892542963,5.009626213,0.091980989,0.005327488,1.800000000,1.800000000,3.000000000,0.000000000
201.499198212,-473.048238886,179.938468300,5.009628932,0.094567944,0.005173945,1.800000000,1.800000000,3.000000000,0.000000000
201.999194719,-472.550476472,179.985681496,5.009644171,0.097122351,0.005108849,1.800000000,1.800000000,3.000000000,0.000000000
202.499191446,-472.052836065,180.034166046,5.009616064,0.099572976,0.004901279,1.800000000,1.800000000,3.000000000,0.000000000
202.999188393,-471.555315750,180.083870001,5.009612220,0.101959426,0.004772927,1.800000000,1.800000000,3.000000000,0.000000000
203.499185536,-471.057915272,180.134761140,5.009603824,0.104244547,0.004570268,1.800000000,1.800000000,3.000000000,0.000000000
203.999182861,-470.560632205,180.186788785,5.009594230,0.106441915,0.004394757,1.800000000,1.800000000,3.000000000,0.000000000
204.499180439,-470.063464410,180.239909045,5.009570897,0.108530235,0.004176659,1.800000000,1.800000000,3.000000000,0.000000000
204.999178239,-469.566408411,180.294067457,5.009560549,0.110510159,0.003959864,1.800000000,1.800000000,3.000000000,0.000000000
205.499176323,-469.069460333,180.349209927,5.009539015,0.112362405,0.003704505,1.800000000,1.800000000,3.000000000,0.000000000
205.999174634,-468.572615019,180.405272797,5.009520898,0.114078459,0.003432118,1.800000000,1.800000000,3.000000000,0.000000000
206.499173185,-468.075866406,180.462188226,5.009509997,0.115654353,0.003151797,1.800000000,1.800000000,3.000000000,0.000000000
206.999171991,-467.579207848,180.519886435,5.009490574,0.117079109,0.002849517,1.800000000,1.800000000,3.000000000,0.000000000
207.499171023,-467.082631777,180.578292230,5.009469041,0.118349439,0.002540665,1.800000000,1.800000000,3.000000000,0.000000000
207.999170285,-466.586130072,180.637328819,5.009430583,0.119439625,0.002180374,1.800000000,1.800000000,3.000000000,0.000000000
208.499169740,-466.089692831,180.696906676,5.009395273,0.120358846,0.001838445,1.800000000,1.800000000,3.000000000,0.000000000
208.999169369,-465.593310393,180.756940864,5.009409879,0.121092579,0.001467465,1.800000000,1.800000000,3.000000000,0.000000000
209.499169149,-465.096971987,180.817339266,5.009414778,0.121628480,0.001071803,1.800000000,1.800000000,3.000000000,0.000000000
209.999169038,-464.600665912,180.878003661,5.009426245,0.121969293,0.000681626,1.800000000,1.800000000,3.000000000,0.000000000
210.499168999,-464.104380469,180.938837209,5.009459527,0.122109261,0.000279937,1.800000000,1.800000000,3.000000000,0.000000000
210.999168989,-463.608103517,180.999740224,5.009480384,0.122046922,-0.000124679,1.800000000,1.800000000,3.000000000,0.000000000
211.499168967,-463.111822782,181.060612299,5.009499910,0.121793877,-0.000506089,1.800000000,1.800000000,3.000000000,0.000000000
211.999168894,-462.615526710,181.121358786,5.009537830,0.121347758,-0.000892239,1.800000000,1.800000000,3.000000000,0.000000000
212.499168732,-462.119203675,181.181883848,5.009537800,0.120728021,-0.001239473,1.800000000,1.800000000,3.000000000,0.000000000
212.999168460,-461.622843336,181.242101296,5.009559211,0.119938098,-0.001579849,1.800000000,1.800000000,3.000000000,0.000000000
213.499168053,-461.126435717,181.301926622,5.009581541,0.118985136,-0.001905925,1.800000000,1.800000000,3.000000000,0.000000000
213.999167490,-460.629971468,181.361278845,5.009565184,0.117888325,-0.002193625,1.800000000,1.800000000,3.000000000,0.000000000
214.499166767,-460.133442578,181.420086487,5.009555094,0.116644590,-0.002487474,1.800000000,1.800000000,3.000000000,0.000000000
214.999165852,-459.636841122,181.478276510,5.009556197,0.115270503,-0.002748178,1.800000000,1.800000000,3.000000000,0.000000000
215.499164761,-459.140160352,181.535784085,5.009543375,0.113765559,-0.003009896,1.800000000,1.800000000,3.000000000,0.000000000
215.999163471,-458.643393795,181.592544095,5.009534914,0.112152407,-0.003226311,1.800000000,1.800000000,3.000000000,0.000000000
216.499161986,-458.146536517,181.648502651,5.009511213,0.110418007,-0.003468812,1.800000000,1.800000000,3.000000000,0.000000000
216.999160317,-457.649583115,181.703599352,5.009469091,0.108572807,-0.003690411,1.800000000,1.800000000,3.000000000,0.000000000
217.499158411,-457.152529129,181.757778957,5.009458666,0.106622095,-0.003901440,1.800000000,1.800000000,3.000000000,0.000000000
217.999156307,-456.655370598,181.810988829,5.009433298,0.104570920,-0.004102366,1.800000000,1.800000000,3.000000000,0.000000000
218.499153968,-456.158104202,181.863178806,5.009433080,0.102426754,-0.004288352,1.800000000,1.800000000,3.000000000,0.000000000
218.999151438,-455.660727238,181.914302423,5.009462938,0.100198948,-0.004455635,1.800000000,1.800000000,3.000000000,0.000000000
219.499148738,-455.163237782,181.964317837,5.009480371,0.097898468,-0.004600985,1.800000000,1.800000000,3.000000000,0.000000000
219.999145831,-454.665634790,182.013188636,5.009499013,0.095526764,-0.004743436,1.800000000,1.800000000,3.000000000,0.000000000
220.499142773,-454.167917439,182.060879116,5.009504311,0.093108825,-0.004835907,1.800000000,1.800000000,3.000000000,0.000000000
220.999139581,-453.670086366,182.107365996,5.009469807,0.090617046,-0.004983590,1.800000000,1.800000000,3.000000000,0.000000000
221.499136248,-453.172141143,182.152612234,5.009447383,0.088087644,-0.005058836,1.800000000,1.800000000,3.000000000,0.000000000
221.999132823,-452.674083159,182.196598818,5.009452962,0.085504094,-0.005167136,1.800000000,1.800000000,3.000000000,0.000000000
222.499129231,-452.175913362,182.239298484,5.009468147,0.082868108,-0.005272008,1.800000000,1.800000000,3.000000000,0.000000000
222.999125487,-451.677632892,182.280684822,5.009485500,0.080153589,-0.005429079,1.800000000,1.800000000,3.000000000,0.000000000
223.499121544,-451.179242112,182.320718402,5.009529797,0.077376114,-0.005554992,1.800000000,1.800000000,3.000000000,0.000000000
223.999117327,-450.680742336,182.359367540,5.009583532,0.074494612,-0.005763053,1.800000000,1.800000000,3.000000000,0.000000000
224.499112848,-450.182133523,182.396580072,5.009643836,0.071516908,-0.005955461,1.800000000,1.800000000,3.000000000,0.000000000
224.999108012,-449.683416468,182.432307706,5.009656664,0.068446781,-0.006140312,1.800000000,1.800000000,3.000000000,0.000000000
225.499102903,-449.184592348,182.466504031,5.009697274,0.065304006,-0.006285613,1.800000000,1.800000000,3.000000000,0.000000000
225.999097555,-448.685663459,182.499132482,5.009739391,0.062144398,-0.006319281,1.800000000,1.800000000,3.000000000,0.000000000
226.499092214,-448.186633961,182.530184353,5.009759240,0.059005987,-0.006276885,1.800000000,1.800000000,3.000000000,0.000000000
226.999087082,-447.687509258,182.559669927,5.009783532,0.055966950,-0.006078133,1.800000000,1.800000000,3.000000000,0.000000000
227.499082338,-447.188296866,182.587638530,5.009855260,0.053063239,-0.005807472,1.800000000,1.800000000,3.000000000,0.000000000
227.999078152,-446.689004807,182.614157478,5.010117703,0.050356579,-0.005413360,1.800000000,1.800000000,3.000000000,0.000000000
228.499074536,-446.189642231,182.639324946,5.010814982,0.047821165,-0.005070859,1.800000000,1.800000000,3.000000000,0.000000000
228.999071447,-445.690216924,182.663226269,5.011891008,0.045469078,-0.004704200,1.800000000,1.800000000,3.000000000,0.000000000
229.499068762,-445.190736376,182.685952853,5.013196317,0.043230408,-0.004477363,1.800000000,1.800000000,3.000000000,0.000000000
229.999066296,-444.691205984,182.707561218,5.014598522,0.041096307,-0.004268222,1.800000000,1.800000000,3.000000000,0.000000000
230.499063968,-444.191630477,182.728103492,5.015851820,0.039019759,-0.004153113,1.800000000,1.800000000,3.000000000,0.000000000
230.999061741,-443.692013289,182.747608334,5.016682627,0.036966802,-0.004105932,1.800000000,1.800000000,3.000000000,0.000000000
231.499059550,-443.192357076,182.766087445,5.017256728,0.034895103,-0.004143414,1.800000000,1.800000000,3.000000000,0.000000000
231.999057337,-442.692663674,182.783531379,5.018111219,0.032789951,-0.004210324,1.800000000,1.800000000,3.000000000,0.000000000
232.499054930,-442.192934851,182.799923337,5.019706381,0.030536676,-0.004506572,1.800000000,1.800000000,3.000000000,0.000000000
232.999052109,-441.693170774,182.815189216,5.022068576,0.028002329,-0.005068725,1.800000000,1.800000000,3.000000000,0.000000000
233.499048425,-441.193370477,182.829188448,5.024953553,0.025108207,-0.005788293,1.800000000,1.800000000,3.000000000,0.000000000
233.999043369,-440.693533128,182.841741106,5.027981286,0.021666809,-0.006882878,1.800000000,1.800000000,3.000000000,0.000000000
234.499036065,-440.193657789,182.852573504,5.030507910,0.017586915,-0.008159926,1.800000000,1.800000000,3.000000000,0.000000000
234.999025732,-439.693745443,182.861366327,5.031982828,0.012694932,-0.009784200,1.800000000,1.800000000,3.000000000,0.000000000
235.499011086,-439.193800378,182.867713437,5.032254891,0.006856544,-0.011677178,1.800000000,1.800000000,3.000000000,0.000000000
235.998990020,-438.693833196,182.871141537,5.031487520,-0.000067572,-0.013848903,1.800000000,1.800000000,3.000000000,0.000000000
236.498960616,-438.193862601,182.871107753,5.029934619,-0.008287861,-0.016441698,1.800000000,1.800000000,3.000000000,0.000000000
236.998919030,-437.693921358,182.866964215,5.027865736,-0.018111539,-0.019649250,1.800000000,1.800000000,3.000000000,0.000000000
237.498860276,-437.194062107,182.857910004,5.025546289,-0.029873026,-0.023526210,1.800000000,1.800000000,3.000000000,0.000000000
237.998775702,-436.694369726,182.842978239,5.023235011,-0.043983384,-0.028226353,1.800000000,1.800000000,3.000000000,0.000000000
238.498652249,-436.194976616,182.820999065,5.021118001,-0.060992346,-0.034027808,1.800000000,1.800000000,3.000000000,0.000000000
238.998473181,-435.696085080,182.790532712,5.019365865,-0.081501570,-0.041035769,1.800000000,1.800000000,3.000000000,0.000000000
239.498212648,-435.198004456,182.749848236,5.018105377,-0.105764823,-0.048555613,1.800000000,1.800000000,3.000000000,0.000000000
239.997849201,-434.701159815,182.697102730,5.017353965,-0.134144024,-0.056805006,1.800000000,1.800000000,3.000000000,0.000000000
240.497358692,-434.206137830,182.630297295,5.017057281,-0.166633744,-0.065049583,1.800000000,1.800000000,3.000000000,0.000000000
240.996726971,-433.713686455,182.547470242,5.017116480,-0.203301605,-0.073435565,1.800000000,1.800000000,3.000000000,0.000000000
241.495943163,-433.224751465,182.446676478,5.017151849,-0.244131449,-0.081796914,1.800000000,1.800000000,3.000000000,0.000000000
241.994979978,-432.740512274,182.326052484,5.016868369,-0.289007517,-0.089934750,1.800000000,1.800000000,3.000000000,0.000000000
242.493828924,-432.262351987,182.183880013,5.016254643,-0.337603577,-0.097425641,1.800000000,1.800000000,3.000000000,0.000000000
242.992484907,-431.791844569,182.018711739,5.015403215,-0.389882270,-0.104846741,1.800000000,1.800000000,3.000000000,0.000000000
243.490955565,-431.330782234,181.829253249,5.014399387,-0.445376971,-0.111334112,1.800000000,1.800000000,3.000000000,0.000000000
243.989260810,-430.881087497,181.614584293,5.013489515,-0.503345456,-0.116332215,1.800000000,1.800000000,3.000000000,0.000000000
244.487418483,-430.444714449,181.374293573,5.012810416,-0.563385555,-0.120519748,1.800000000,1.800000000,3.000000000,0.000000000
244.985464047,-430.023640881,181.108311554,5.012294541,-0.624999931,-0.123702129,1.800000000,1.800000000,3.000000000,0.000000000
245.483434150,-429.619805472,180.816950632,5.011838251,-0.687352850,-0.125198167,1.800000000,1.800000000,3.000000000,0.000000000
245.981370307,-429.234936515,180.501013452,5.011375192,-0.749838766,-0.125468094,1.800000000,1.800000000,3.000000000,0.000000000
246.479316826,-428.870539868,180.161652552,5.010870710,-0.811846944,-0.124500860,1.800000000,1.800000000,3.000000000,0.000000000
246.977319163,-428.527834810,179.800322274,5.010303683,-0.872768155,-0.122300634,1.800000000,1.800000000,3.000000000,0.000000000
247.475416159,-428.207703737,179.418724694,5.009634594,-0.931807816,-0.118498117,1.800000000,1.800000000,3.000000000,0.000000000
247.973640263,-427.910570940,179.018800502,5.008815238,-0.988791083,-0.114340958,1.800000000,1.800000000,3.000000000,0.000000000
248.472006680,-427.636618848,178.602484112,5.007816760,-1.043256909,-0.109258525,1.800000000,1.800000000,3.000000000,0.000000000
248.970525287,-427.385660192,178.171739925,5.006631926,-1.094916084,-0.103597677,1.800000000,1.800000000,3.000000000,0.000000000
249.469199528,-427.157207018,177.728473475,5.005256529,-1.143555245,-0.097512277,1.800000000,1.800000000,3.000000000,0.000000000
249.968027707,-426.950511847,177.274483763,5.003710620,-1.189314066,-0.091710648,1.800000000,1.800000000,3.000000000,0.000000000
250.467007966,-426.764743201,176.811373291,5.002027915,-1.231956824,-0.085441734,1.800000000,1.800000000,3.000000000,0.000000000
250.966123714,-426.598840718,176.340636744,5.000244580,-1.271674219,-0.079560808,1.800000000,1.800000000,3.000000000,0.000000000
251.465358415,-426.451725532,175.863570283,4.998391499,-1.308511984,-0.073776353,1.800000000,1.800000000,3.000000000,0.000000000
251.964700648,-426.322252360,175.381305456,4.996504890,-1.342861847,-0.068780637,1.800000000,1.800000000,3.000000000,0.000000000
252.464132957,-426.209397683,174.894790859,4.994632364,-1.374598430,-0.063537548,1.800000000,1.800000000,3.000000000,0.000000000
252.963645415,-426.112021931,174.404861621,4.992796035,-1.404094457,-0.059043507,1.800000000,1.800000000,3.000000000,0.000000000
253.463225303,-426.029126216,173.912207213,4.990983681,-1.431088503,-0.054028280,1.800000000,1.800000000,3.000000000,0.000000000
253.962871262,-425.959548622,173.417429442,4.989180052,-1.456026943,-0.049907940,1.800000000,1.800000000,3.000000000,0.000000000
254.462577067,-425.902323517,172.921011092,4.987362293,-1.478529796,-0.045028888,1.800000000,1.800000000,3.000000000,0.000000000
254.962335303,-425.856277955,172.423378596,4.985493056,-1.498960287,-0.040878091,1.800000000,1.800000000,3.000000000,0.000000000
255.462141188,-425.820404751,171.924861760,4.983546887,-1.517188106,-0.036467946,1.800000000,1.800000000,3.000000000,0.000000000
255.961983938,-425.793621903,171.425737073,4.981521855,-1.533433391,-0.032499240,1.800000000,1.800000000,3.000000000,0.000000000
256.461863453,-425.774949282,170.926206430,4.979423211,-1.547567391,-0.028273775,1.800000000,1.800000000,3.000000000,0.000000000
256.961771358,-425.763337998,170.426433390,4.977262030,-1.559853681,-0.024576331,1.800000000,1.800000000,3.000000000,0.000000000
257.461704563,-425.757867515,169.926530116,4.975043782,-1.570214719,-0.020724332,1.800000000,1.800000000,3.000000000,0.000000000
257.961658041,-425.757576738,169.426576722,4.972772755,-1.578798871,-0.017169599,1.800000000,1.800000000,3.000000000,0.000000000
258.461626073,-425.761577712,168.926624700,4.970451293,-1.585867291,-0.014137553,1.800000000,1.800000000,3.000000000,0.000000000
258.961605480,-425.769112599,168.426702073,4.968079588,-1.591503055,-0.011271891,1.800000000,1.800000000,3.000000000,0.000000000
259.461592535,-425.779464955,167.926822203,4.965655014,-1.595879128,-0.008752320,1.800000000,1.800000000,3.000000000,0.000000000
259.961584772,-425.792004846,167.426987242,4.963182642,-1.599233981,-0.006709784,1.800000000,1.800000000,3.000000000,0.000000000
260.461580541,-425.806221636,166.927193633,4.960672403,-1.601651565,-0.004835198,1.800000000,1.800000000,3.000000000,0.000000000
260.961578416,-425.821646742,166.427433749,4.958135501,-1.603293085,-0.003283049,1.800000000,1.800000000,3.000000000,0.000000000
261.461577517,-425.837892232,165.927698634,4.955578831,-1.604272359,-0.001958551,1.800000000,1.800000000,3.000000000,0.000000000
261.961577221,-425.854627112,165.427979066,4.953004122,-1.604723065,-0.000901412,1.800000000,1.800000000,3.000000000,0.000000000
262.461577164,-425.871587226,164.928266851,4.950409228,-1.604720181,0.000005767,1.800000000,1.800000000,3.000000000,0.000000000
262.961577109,-425.888545898,164.428554585,4.947800443,-1.604359649,0.000721065,1.800000000,1.800000000,3.000000000,0.000000000
263.461576941,-425.905324403,163.928836351,4.945886956,-1.603724855,0.001269589,1.800000000,1.800000000,3.000000000,0.000000000
263.961576616,-425.921785681,163.429107723,4.944970119,-1.602862645,0.001724421,1.800000000,1.800000000,3.000000000,0.000000000
264.461576120,-425.937816076,162.929365259,4.944813007,-1.601831115,0.002063062,1.800000000,1.800000000,3.000000000,0.000000000
264.961575467,-425.953330959,162.429606682,4.945111019,-1.600639434,0.002383364,1.800000000,1.800000000,3.000000000,0.000000000
265.461574631,-425.968250273,161.929830154,4.945630819,-1.599339512,0.002599850,1.800000000,1.800000000,3.000000000,0.000000000
265.961573640,-425.982519899,161.430034809,4.945558509,-1.597954755,0.002769519,1.800000000,1.800000000,3.000000000,0.000000000
266.461572551,-425.996097415,160.930220281,4.944538764,-1.596511544,0.002886427,1.800000000,1.800000000,3.000000000,0.000000000
266.961571402,-426.008953577,160.430386739,4.942737745,-1.595053503,0.002916090,1.800000000,1.800000000,3.000000000,0.000000000
267.461570288,-426.021080948,159.930534947,4.940474117,-1.593633025,0.002840962,1.800000000,1.800000000,3.000000000,0.000000000
267.961569226,-426.032498281,159.430666382,4.937958857,-1.592251857,0.002762340,1.800000000,1.800000000,3.000000000,0.000000000
268.461568251,-426.043225202,158.930782437,4.935305801,-1.590939000,0.002625718,1.800000000,1.800000000,3.000000000,0.000000000
268.961567398,-426.053295841,158.430884719,4.932564832,-1.589702406,0.002473193,1.800000000,1.800000000,3.000000000,0.000000000
269.461566632,-426.062748302,157.930974842,4.929763093,-1.588543338,0.002318139,1.800000000,1.800000000,3.000000000,0.000000000
269.961565970,-426.071621330,157.431054242,4.926909647,-1.587473194,0.002140290,1.800000000,1.800000000,3.000000000,0.000000000
270.461565408,-426.079959368,156.931124331,4.923981195,-1.586481130,0.001984130,1.800000000,1.800000000,3.000000000,0.000000000
270.961564930,-426.087801441,156.431186311,4.920963682,-1.585562050,0.001838161,1.800000000,1.800000000,3.000000000,0.000000000
271.461564534,-426.095184029,155.931241213,4.917851372,-1.584728343,0.001667415,1.800000000,1.800000000,3.000000000,0.000000000
271.961564195,-426.102149807,155.431290076,4.914687145,-1.583957595,0.001541498,1.800000000,1.800000000,3.000000000,0.000000000
272.461563909,-426.108730247,154.931333666,4.911448325,-1.583249377,0.001416436,1.800000000,1.800000000,3.000000000,0.000000000
272.961563672,-426.114956609,154.431372672,4.908149737,-1.582606919,0.001284917,1.800000000,1.800000000,3.000000000,0.000000000
273.461563474,-426.120861765,153.931407742,4.904803317,-1.582014732,0.001184374,1.800000000,1.800000000,3.000000000,0.000000000
273.961563308,-426.126470848,153.431439371,4.901405179,-1.581469949,0.001089567,1.800000000,1.800000000,3.000000000,0.000000000
274.461563167,-426.131807556,152.931467994,4.897967168,-1.580968335,0.001003228,1.800000000,1.800000000,3.000000000,0.000000000
274.961563043,-426.136893472,152.431493985,4.894480146,-1.580504438,0.000927795,1.800000000,1.800000000,3.000000000,0.000000000
275.461562937,-426.141747450,151.931517652,4.890939529,-1.580068170,0.000872534,1.800000000,1.800000000,3.000000000,0.000000000
275.961562846,-426.146383304,151.431539235,4.887366859,-1.579661965,0.000812412,1.800000000,1.800000000,3.000000000,0.000000000
276.461562766,-426.150816064,150.931558965,4.883740714,-1.579279422,0.000765085,1.800000000,1.800000000,3.000000000,0.000000000
276.961562694,-426.155057560,150.431577027,4.880055191,-1.578915388,0.000728068,1.800000000,1.800000000,3.000000000,0.000000000
277.461562627,-426.159117046,149.931593574,4.876336364,-1.578563684,0.000703408,1.800000000,1.800000000,3.000000000,0.000000000
277.961562565,-426.163000685,149.431608719,4.872562430,-1.578226120,0.000675128,1.800000000,1.800000000,3.000000000,0.000000000
278.461562507,-426.166715547,148.931622577,4.868719757,-1.577893323,0.000665594,1.800000000,1.800000000,3.000000000,0.000000000
278.961562450,-426.170264015,148.431635226,4.864835027,-1.577562830,0.000660988,1.800000000,1.800000000,3.000000000,0.000000000
279.461562394,-426.173647241,147.931646728,4.860911454,-1.577233618,0.000658424,1.800000000,1.800000000,3.000000000,0.000000000
279.961562337,-426.176865864,147.431657145,4.856930108,-1.576897873,0.000671490,1.800000000,1.800000000,3.000000000,0.000000000
280.461562277,-426.179916617,146.931666512,4.852944834,-1.576556978,0.000681790,1.800000000,1.800000000,3.000000000,0.000000000
280.961562215,-426.182796927,146.431674871,4.848893527,-1.576206135,0.000701686,1.800000000,1.800000000,3.000000000,0.000000000
281.461562149,-426.185501817,145.931682253,4.844780873,-1.575841988,0.000728294,1.800000000,1.800000000,3.000000000,0.000000000
281.961562077,-426.188024637,145.431688689,4.840634949,-1.575461705,0.000760566,1.800000000,1.800000000,3.000000000,0.000000000
282.461561998,-426.190357317,144.931694210,4.836441648,-1.575065972,0.000791465,1.800000000,1.800000000,3.000000000,0.000000000
282.961561911,-426.192492133,144.431698855,4.832157832,-1.574645493,0.000840958,1.800000000,1.800000000,3.000000000,0.000000000
283.461561814,-426.194416712,143.931702656,4.827849370,-1.574203755,0.000883476,1.800000000,1.800000000,3.000000000,0.000000000
283.961561706,-426.196120422,143.431705666,4.823500405,-1.573735926,0.000935659,1.800000000,1.800000000,3.000000000,0.000000000
284.461561585,-426.197590219,142.931707947,4.819106590,-1.573240441,0.000990971,1.800000000,1.800000000,3.000000000,0.000000000
284.961561448,-426.198812275,142.431709578,4.814660445,-1.572712845,0.001055192,1.800000000,1.800000000,3.000000000,0.000000000
285.461561294,-426.199770533,141.931710651,4.810193042,-1.572158941,0.001107809,1.800000000,1.800000000,3.000000000,0.000000000
285.961561122,-426.200451840,141.431711286,4.805646163,-1.571563998,0.001189886,1.800000000,1.800000000,3.000000000,0.000000000
286.461560928,-426.200835675,140.931711628,4.801084867,-1.570933512,0.001260972,1.800000000,1.800000000,3.000000000,0.000000000
286.961560706,-426.200904268,140.431711854,4.796460436,-1.570263576,0.001339872,1.800000000,1.800000000,3.000000000,0.000000000
287.461560454,-426.200637893,139.931712177,4.791807182,-1.569558566,0.001410021,1.800000000,1.800000000,3.000000000,0.000000000
287.961560173,-426.200019013,139.431712841,4.787072226,-1.568795350,0.001526433,1.800000000,1.800000000,3.000000000,0.000000000
288.461559855,-426.199018526,138.931714160,4.782351087,-1.567998372,0.001593957,1.800000000,1.800000000,3.000000000,0.000000000
288.961559500,-426.197619551,138.431716472,4.777565563,-1.567148074,0.001700598,1.800000000,1.800000000,3.000000000,0.000000000
289.461559098,-426.195795430,137.931720202,4.772717650,-1.566241532,0.001813085,1.800000000,1.800000000,3.000000000,0.000000000
289.961558637,-426.193518043,137.431725849,4.767823777,-1.565283951,0.001915163,1.800000000,1.800000000,3.000000000,0.000000000
290.461558133,-426.190761872,136.931733950,4.762903807,-1.564277246,0.002013412,1.800000000,1.800000000,3.000000000,0.000000000
290.961557564,-426.187502358,136.431745144,4.757920670,-1.563208256,0.002137983,1.800000000,1.800000000,3.000000000,0.000000000
291.461556939,-426.183708364,135.931760163,4.752900506,-1.562080486,0.002255542,1.800000000,1.800000000,3.000000000,0.000000000
291.961556242,-426.179350504,135.431779851,4.747842437,-1.560891477,0.002378021,1.800000000,1.800000000,3.000000000,0.000000000
292.461555449,-426.174398168,134.931805171,4.742756675,-1.559644679,0.002493600,1.800000000,1.800000000,3.000000000,0.000000000
292.961554589,-426.168822470,134.431837120,4.737604164,-1.558322075,0.002645213,1.800000000,1.800000000,3.000000000,0.000000000
293.461553627,-426.162585517,133.931876983,4.732413886,-1.556944989,0.002754177,1.800000000,1.800000000,3.000000000,0.000000000
293.961552589,-426.155660084,133.431925986,4.727160330,-1.555493082,0.002903820,1.800000000,1.800000000,3.000000000,0.000000000
294.461551439,-426.148008778,132.931985681,4.721889831,-1.553973973,0.003038225,1.800000000,1.800000000,3.000000000,0.000000000
294.961550154,-426.139598019,132.432057713,4.716554169,-1.552375449,0.003197057,1.800000000,1.800000000,3.000000000,0.000000000
295.461548766,-426.130388127,131.932143929,4.711208575,-1.550716480,0.003317947,1.800000000,1.800000000,3.000000000,0.000000000
295.961547235,-426.120348909,131.432246257,4.705806125,-1.548972086,0.003488798,1.800000000,1.800000000,3.000000000,0.000000000
296.461545594,-426.109437690,130.932366968,4.700363021,-1.547148494,0.003647197,1.800000000,1.800000000,3.000000000,0.000000000
296.961543779,-426.097614919,130.432508580,4.694884664,-1.545259246,0.003778510,1.800000000,1.800000000,3.000000000,0.000000000
297.461541795,-426.084847817,129.932673591,4.689346910,-1.543287925,0.003942657,1.800000000,1.800000000,3.000000000,0.000000000
297.961539660,-426.071095409,129.432864891,4.683772239,-1.541229737,0.004116393,1.800000000,1.800000000,3.000000000,0.000000000
298.461537339,-426.056314336,128.933085741,4.678166251,-1.539099627,0.004260239,1.800000000,1.800000000,3.000000000,0.000000000
298.961534874,-426.040468718,128.433339354,4.672533305,-1.536882310,0.004434656,1.800000000,1.800000000,3.000000000,0.000000000
299.461532166,-426.023515052,127.933629572,4.666830543,-1.534577132,0.004610382,1.800000000,1.800000000,3.000000000,0.000000000
299.961529249,-426.005409519,127.433960410,4.661124769,-1.532202626,0.004749038,1.800000000,1.800000000,3.000000000,0.000000000
300.461526176,-425.986117578,126.934335803,4.655339952,-1.529722286,0.004960711,1.800000000,1.800000000,3.000000000,0.000000000
300.961522825,-425.965586469,126.434760860,4.649512248,-1.527163286,0.005118034,1.800000000,1.800000000,3.000000000,0.000000000
301.461519301,-425.943777024,125.935240266,4.643653472,-1.524527371,0.005271867,1.800000000,1.800000000,3.000000000,0.000000000
301.961515514,-425.920650975,125.435779158,4.637775869,-1.521785930,0.005482923,1.800000000,1.800000000,3.000000000,0.000000000
302.461511422,-425.896155786,124.936383629,4.631825362,-1.518949331,0.005673245,1.800000000,1.800000000,3.000000000,0.000000000
302.961507128,-425.870244123,124.437059795,4.625882552,-1.516046194,0.005806323,1.800000000,1.800000000,3.000000000,0.000000000
303.461502503,-425.842882984,123.937813620,4.619916850,-1.513050100,0.005992244,1.800000000,1.800000000,3.000000000,0.000000000
303.961497678,-425.814026193,123.438651862,4.613915120,-1.509957916,0.006184426,1.800000000,1.800000000,3.000000000,0.000000000
304.461492559,-425.783626061,122.939582014,4.607911075,-1.506796560,0.006322776,1.800000000,1.800000000,3.000000000,0.000000000
304.961487111,-425.751648367,122.440611094,4.601936469,-1.503546132,0.006500927,1.800000000,1.800000000,3.000000000,0.000000000
305.461481408,-425.718048992,121.941747005,4.595931497,-1.500198419,0.006695502,1.800000000,1.800000000,3.000000000,0.000000000
305.961475333,-425.682779781,121.442998564,4.589887486,-1.496771578,0.006853763,1.800000000,1.800000000,3.000000000,0.000000000
306.461469046,-425.645801665,120.944374124,4.583805518,-1.493259092,0.007025060,1.800000000,1.800000000,3.000000000,0.000000000
306.961462388,-425.607072398,120.445883015,4.577664948,-1.489670013,0.007178251,1.800000000,1.800000000,3.000000000,0.000000000
307.461455424,-425.566554285,119.947534424,4.571489185,-1.485998616,0.007342895,1.800000000,1.800000000,3.000000000,0.000000000
307.961448230,-425.524206833,119.449338178,4.565288815,-1.482234566,0.007528206,1.800000000,1.800000000,3.000000000,0.000000000
308.461440583,-425.479984490,118.951305310,4.559040502,-1.478379806,0.007709637,1.800000000,1.800000000,3.000000000,0.000000000
308.961432652,-425.433842710,118.453446891,4.552742829,-1.474444232,0.007871271,1.800000000,1.800000000,3.000000000,0.000000000
309.461424272,-425.385741976,117.955774369,4.546405562,-1.470451604,0.007985385,1.800000000,1.800000000,3.000000000,0.000000000
309.961415686,-425.335654631,117.458298066,4.540020720,-1.466334976,0.008233394,1.800000000,1.800000000,3.000000000,0.000000000
310.461406787,-425.283519823,116.961032480,4.533582443,-1.462181131,0.008307835,1.800000000,1.800000000,3.000000000,0.000000000
310.961397511,-425.229319948,116.463988118,4.527108860,-1.457916047,0.008530324,1.800000000,1.800000000,3.000000000,0.000000000
311.461387837,-425.173000681,115.967179839,4.520615245,-1.453615510,0.008601237,1.800000000,1.800000000,3.000000000,0.000000000
311.961377827,-425.114545438,115.470618690,4.514089713,-1.449182300,0.008866593,1.800000000,1.800000000,3.000000000,0.000000000
312.461367560,-425.053889449,114.974321819,4.507531166,-1.444717445,0.008929889,1.800000000,1.800000000,3.000000000,0.000000000
312.961356911,-424.991018225,114.478301094,4.500939474,-1.440161277,0.009112525,1.800000000,1.800000000,3.000000000,0.000000000
313.461345916,-424.925887754,113.982572310,4.494331136,-1.435574059,0.009174633,1.800000000,1.800000000,3.000000000,0.000000000
313.961334576,-424.858484006,113.487147850,4.487665482,-1.430886304,0.009375717,1.800000000,1.800000000,3.000000000,0.000000000
314.461322974,-424.788758615,112.992045065,4.480953671,-1.426165356,0.009442109,1.800000000,1.800000000,3.000000000,0.000000000
314.961311053,-424.716696701,112.497277282,4.474183930,-1.421375317,0.009580301,1.800000000,1.800000000,3.000000000,0.000000000
315.461298849,-424.642265709,112.002860632,4.467409785,-1.416518849,0.009713168,1.800000000,1.800000000,3.000000000,0.000000000
315.961286229,-424.565434548,111.508811694,4.460586123,-1.411605759,0.009826420,1.800000000,1.800000000,3.000000000,0.000000000
316.461273410,-424.486177050,111.015146392,4.453734694,-1.406644929,0.009921907,1.800000000,1.800000000,3.000000000,0.000000000
316.961260290,-424.404471596,110.521880644,4.446854894,-1.401652491,0.009985129,1.800000000,1.800000000,3.000000000,0.000000000
317.461247082,-424.320304587,110.029029037,4.439919379,-1.396596965,0.010111309,1.800000000,1.800000000,3.000000000,0.000000000
317.961233670,-424.233647076,109.536609435,4.432930943,-1.391496817,0.010200563,1.800000000,1.800000000,3.000000000,0.000000000
318.461219844,-424.144479363,109.044638609,4.425935865,-1.386363385,0.010267138,1.800000000,1.800000000,3.000000000,0.000000000
318.961205850,-424.052787369,108.553132165,4.418925540,-1.381192357,0.010342338,1.800000000,1.800000000,3.000000000,0.000000000
319.461191597,-423.958555066,108.062106687,4.411884212,-1.375991904,0.010401189,1.800000000,1.800000000,3.000000000,0.000000000
319.961177439,-423.861770477,107.571577804,4.404795150,-1.370760984,0.010462127,1.800000000,1.800000000,3.000000000,0.000000000
320.461163128,-423.762421336,107.081562052,4.397698082,-1.365506679,0.010508902,1.800000000,1.800000000,3.000000000,0.000000000
320.961148461,-423.660498958,106.592075420,4.390547178,-1.360218399,0.010576859,1.800000000,1.800000000,3.000000000,0.000000000
321.461133661,-423.555989504,106.103134755,4.383368036,-1.354915370,0.010606362,1.800000000,1.800000000,3.000000000,0.000000000
321.961118669,-423.448888706,105.614755366,4.376168698,-1.349598147,0.010634751,1.800000000,1.800000000,3.000000000,0.000000000
322.461103897,-423.339192563,105.126952143,4.368923235,-1.344257216,0.010682166,1.800000000,1.800000000,3.000000000,0.000000000
322.961089037,-423.226892694,104.639741840,4.361641017,-1.338912879,0.010688981,1.800000000,1.800000000,3.000000000,0.000000000
323.461073955,-423.111990676,104.153138876,4.354320621,-1.333549150,0.010727768,1.800000000,1.800000000,3.000000000,0.000000000
323.961058753,-422.994480345,103.667159329,4.346992426,-1.328184717,0.010729181,1.800000000,1.800000000,3.000000000,0.000000000
324.461043444,-422.874364739,103.181817251,4.339601971,-1.322818256,0.010733234,1.800000000,1.800000000,3.000000000,0.000000000
324.961028481,-422.751646220,102.697126419,4.332204883,-1.317441397,0.010754028,1.800000000,1.800000000,3.000000000,0.000000000
325.461013435,-422.626323395,102.213102511,4.324773524,-1.312082784,0.010717536,1.800000000,1.800000000,3.000000000,0.000000000
325.960998346,-422.498408695,101.729757147,4.317319610,-1.306721521,0.010722838,1.800000000,1.800000000,3.000000000,0.000000000
326.460983211,-422.367904517,101.247104555,4.309791257,-1.301362719,0.010717915,1.800000000,1.800000000,3.000000000,0.000000000
326.960968051,-422.234815792,100.765158260,4.302252631,-1.295971720,0.010782310,1.800000000,1.800000000,3.000000000,0.000000000
327.460953099,-422.099130784,100.283936246,4.294709963,-1.290642072,0.010659601,1.800000000,1.800000000,3.000000000,0.000000000
327.960938187,-421.960882961,99.803444177,4.287123849,-1.285286976,0.010710499,1.800000000,1.800000000,3.000000000,0.000000000
328.460923244,-421.820064061,99.323699356,4.279525713,-1.279968988,0.010636281,1.800000000,1.800000000,3.000000000,0.000000000
328.960908365,-421.676695868,98.844710126,4.271901943,-1.274687203,0.010563871,1.800000000,1.800000000,3.000000000,0.000000000
329.460893724,-421.530799698,98.366484585,4.264245426,-1.269411128,0.010552446,1.800000000,1.800000000,3.000000000,0.000000000
329.960879151,-421.382382397,97.889035392,4.256549505,-1.264126806,0.010568938,1.800000000,1.800000000,3.000000000,0.000000000
330.460864705,-421.231444147,97.412377025,4.248833376,-1.258895315,0.010463274,1.800000000,1.800000000,3.000000000,0.000000000
330.960850234,-421.078014347,96.936514834,4.241064260,-1.253671264,0.010448390,1.800000000,1.800000000,3.000000000,0.000000000
331.460835930,-420.922100671,96.461460498,4.233288864,-1.248419408,0.010503999,1.800000000,1.800000000,3.000000000,0.000000000
331.960821733,-420.763694206,95.987231445,4.225460495,-1.243253157,0.010332781,1.800000000,1.800000000,3.000000000,0.000000000
332.460807830,-420.602839785,95.513826805,4.217601488,-1.238111745,0.010283097,1.800000000,1.800000000,3.000000000,0.000000000
332.960794064,-420.439553488,95.041255308,4.209724804,-1.232979889,0.010263981,1.800000000,1.800000000,3.000000000,0.000000000
333.460780421,-420.273844142,94.569527876,4.201832738,-1.227857540,0.010244966,1.800000000,1.800000000,3.000000000,0.000000000
333.960766848,-420.105720605,94.098655385,4.193871143,-1.222807804,0.010099736,1.800000000,1.800000000,3.000000000,0.000000000
334.460753259,-419.935221445,93.628637888,4.185912031,-1.217769031,0.010077805,1.800000000,1.800000000,3.000000000,0.000000000
334.960740097,-419.762356000,93.159485060,4.177928576,-1.212749260,0.010039794,1.800000000,1.800000000,3.000000000,0.000000000
335.460727122,-419.587137638,92.691205709,4.169909387,-1.207768112,0.009962543,1.800000000,1.800000000,3.000000000,0.000000000
335.960714261,-419.409588850,92.223804845,4.161848212,-1.202816341,0.009903788,1.800000000,1.800000000,3.000000000,0.000000000
336.460701347,-419.229727804,91.757288939,4.153778817,-1.197901028,0.009830867,1.800000000,1.800000000,3.000000000,0.000000000
336.960688589,-419.047575813,91.291662593,4.145670408,-1.193006708,0.009788876,1.800000000,1.800000000,3.000000000,0.000000000
337.460676236,-418.863146939,90.826932954,4.137540197,-1.188152957,0.009707731,1.800000000,1.800000000,3.000000000,0.000000000
337.960664044,-418.676464504,90.363103808,4.129379036,-1.183317455,0.009671232,1.800000000,1.800000000,3.000000000,0.000000000
338.460651906,-418.487541392,89.900182734,4.121192511,-1.178538421,0.009558291,1.800000000,1.800000000,3.000000000,0.000000000
338.960639779,-418.296408128,89.438169804,4.112962389,-1.173801559,0.009473941,1.800000000,1.800000000,3.000000000,0.000000000
339.460627959,-418.103088405,88.977067142,4.104724119,-1.169053950,0.009495432,1.800000000,1.800000000,3.000000000,0.000000000
339.960616372,-417.907581643,88.516887265,4.096427806,-1.164354236,0.009399636,1.800000000,1.800000000,3.000000000,0.000000000
340.460604926,-417.709914278,88.057631164,4.088109257,-1.159704786,0.009299104,1.800000000,1.800000000,3.000000000,0.000000000
340.960593528,-417.510113750,87.599299022,4.079769503,-1.155070177,0.009269420,1.800000000,1.800000000,3.000000000,0.000000000
341.460582195,-417.308191160,87.141897739,4.071432979,-1.150447873,0.009244808,1.800000000,1.800000000,3.000000000,0.000000000
341.960571148,-417.104156369,86.685434424,4.063072563,-1.145903918,0.009088099,1.800000000,1.800000000,3.000000000,0.000000000
342.460560335,-416.898049446,86.229902731,4.054684778,-1.141371214,0.009065595,1.800000000,1.800000000,3.000000000,0.000000000
342.960549641,-416.689879808,85.775309827,4.046267233,-1.136862835,0.009016942,1.800000000,1.800000000,3.000000000,0.000000000
343.460539055,-416.479662771,85.321659950,4.037799787,-1.132370446,0.008984962,1.800000000,1.800000000,3.000000000,0.000000000
343.960528432,-416.267409905,84.868959058,4.029326704,-1.127919996,0.008901080,1.800000000,1.800000000,3.000000000,0.000000000
344.460517961,-416.053144360,84.417207129,4.020822429,-1.123489241,0.008861686,1.800000000,1.800000000,3.000000000,0.000000000
344.960507815,-415.836879182,83.966408696,4.012297790,-1.119085245,0.008808162,1.800000000,1.800000000,3.000000000,0.000000000
345.460497787,-415.618630741,83.516566957,4.003752605,-1.114706018,0.008758623,1.800000000,1.800000000,3.000000000,0.000000000
345.960487839,-415.398414406,83.067685216,3.995219506,-1.110369195,0.008673811,1.800000000,1.800000000,3.000000000,0.000000000
346.460477832,-415.176253452,82.619762785,3.986615081,-1.106065451,0.008607651,1.800000000,1.800000000,3.000000000,0.000000000
346.960468079,-414.952166706,82.172800396,3.977985851,-1.101735443,0.008660179,1.800000000,1.800000000,3.000000000,0.000000000
347.460458446,-414.726146660,81.726812385,3.969320174,-1.097467189,0.008536664,1.800000000,1.800000000,3.000000000,0.000000000
347.960448944,-414.498225030,81.281793027,3.960642194,-1.093217916,0.008498700,1.800000000,1.800000000,3.000000000,0.000000000
348.460439502,-414.268414427,80.837746133,3.951913212,-1.088969113,0.008497761,1.800000000,1.800000000,3.000000000,0.000000000
348.960429996,-414.036719265,80.394679720,3.943220187,-1.084730824,0.008476732,1.800000000,1.800000000,3.000000000,0.000000000
349.460420725,-413.803148237,79.952599067,3.934499699,-1.080549608,0.008362580,1.800000000,1.800000000,3.000000000,0.000000000
349.960411491,-413.567730804,79.511498854,3.925741635,-1.076369890,0.008359583,1.800000000,1.800000000,3.000000000,0.000000000
350.460402430,-413.330471676,79.071386317,3.916953699,-1.072198563,0.008342798,1.800000000,1.800000000,3.000000000,0.000000000
350.960393436,-413.091378731,78.632267232,3.908172390,-1.068049325,0.008298620,1.800000000,1.800000000,3.000000000,0.000000000
351.460384304,-412.850465908,78.194144099,3.899328323,-1.063923438,0.008251918,1.800000000,1.800000000,3.000000000,0.000000000
351.960375334,-412.607747415,77.757018530,3.890443998,-1.059781150,0.008284720,1.800000000,1.800000000,3.000000000,0.000000000
352.460366398,-412.363220292,77.320902088,3.881591512,-1.055671059,0.008220322,1.800000000,1.800000000,3.000000000,0.000000000
352.960357646,-412.116902671,76.885794196,3.872676182,-1.051574071,0.008194112,1.800000000,1.800000000,3.000000000,0.000000000
353.460348938,-411.868804469,76.451699075,3.863740640,-1.047478923,0.008190436,1.800000000,1.800000000,3.000000000,0.000000000
353.960340078,-411.618930744,76.018623722,3.854823046,-1.043384577,0.008188828,1.800000000,1.800000000,3.000000000,0.000000000
354.460331366,-411.367285884,75.586574937,3.845895786,-1.039325997,0.008117297,1.800000000,1.800000000,3.000000000,0.000000000
354.960322646,-411.113889601,75.155551036,3.836921765,-1.035254999,0.008142131,1.800000000,1.800000000,3.000000000,0.000000000
355.460314077,-410.858740648,74.725562149,3.827957993,-1.031185616,0.008138900,1.800000000,1.800000000,3.000000000,0.000000000
355.960305505,-410.601844024,74.296615121,3.818949986,-1.027137663,0.008096041,1.800000000,1.800000000,3.000000000,0.000000000
356.460296778,-410.343213232,73.868711642,3.809910105,-1.023091806,0.008091850,1.800000000,1.800000000,3.000000000,0.000000000
356.960288139,-410.082853280,73.441857972,3.800855817,-1.019037332,0.008109081,1.800000000,1.800000000,3.000000000,0.000000000
357.460279524,-409.820764794,73.016063409,3.791773334,-1.014994090,0.008086617,1.800000000,1.800000000,3.000000000,0.000000000
357.960271034,-409.556956797,72.591331904,3.782688035,-1.010953239,0.008081834,1.800000000,1.800000000,3.000000000,0.000000000
358.460262507,-409.291434702,72.167669905,3.773598263,-1.006907102,0.008092407,1.800000000,1.800000000,3.000000000,0.000000000
358.960253819,-409.024200677,71.745085845,3.764452903,-1.002854452,0.008105435,1.800000000,1.800000000,3.000000000,0.000000000
359.460245177,-408.755256241,71.323588219,3.755272652,-0.998837760,0.008033517,1.800000000,1.800000000,3.000000000,0.000000000
359.960236643,-408.484620894,70.903174166,3.746129367,-0.994779403,0.008116847,1.800000000,1.800000000,3.000000000,0.000000000
360.460228147,-408.212281570,70.483861877,3.736930879,-0.990741850,0.008075239,1.800000000,1.800000000,3.000000000,0.000000000
360.960219633,-407.938251483,70.065652601,3.727718622,-0.986691287,0.008101259,1.800000000,1.800000000,3.000000000,0.000000000
361.460210915,-407.662529780,69.648556899,3.718478663,-0.982643771,0.008095168,1.800000000,1.800000000,3.000000000,0.000000000
361.960202183,-407.385122146,69.232580611,3.709224478,-0.978571077,0.008145525,1.800000000,1.800000000,3.000000000,0.000000000
362.460193562,-407.106022611,68.817737473,3.699930107,-0.974540225,0.008061835,1.800000000,1.800000000,3.000000000,0.000000000
362.960185024,-406.825253131,68.404022643,3.690659775,-0.970476929,0.008126726,1.800000000,1.800000000,3.000000000,0.000000000
363.460176485,-406.542804927,67.991452076,3.681352260,-0.966412447,0.008129099,1.800000000,1.800000000,3.000000000,0.000000000
363.960167708,-406.258682310,67.580033114,3.672040534,-0.962346177,0.008132678,1.800000000,1.800000000,3.000000000,0.000000000
364.460158930,-405.972889107,67.169772871,3.662715136,-0.958266888,0.008158715,1.800000000,1.800000000,3.000000000,0.000000000
364.960150126,-405.685424731,66.760681892,3.653358009,-0.954188036,0.008157841,1.800000000,1.800000000,3.000000000,0.000000000
365.460141522,-405.396294015,66.352766675,3.643969289,-0.950097874,0.008180460,1.800000000,1.800000000,3.000000000,0.000000000
365.960132856,-405.105497317,65.946037508,3.634576676,-0.946016665,0.008162555,1.800000000,1.800000000,3.000000000,0.000000000
366.460123984,-404.813043220,65.540498695,3.625170476,-0.941921916,0.008189637,1.800000000,1.800000000,3.000000000,0.000000000
366.960115120,-404.518930996,65.136160798,3.615762794,-0.937823511,0.008196950,1.800000000,1.800000000,3.000000000,0.000000000
367.460106209,-404.223164133,64.733031721,3.606329273,-0.933712257,0.008222648,1.800000000,1.800000000,3.000000000,0.000000000
367.960097468,-403.925742307,64.331121885,3.596880196,-0.929598175,0.008228302,1.800000000,1.800000000,3.000000000,0.000000000
368.460088620,-403.626669577,63.930439149,3.587396594,-0.925485579,0.008225334,1.800000000,1.800000000,3.000000000,0.000000000
368.960079632,-403.325951619,63.530989877,3.577914694,-0.921368023,0.008235253,1.800000000,1.800000000,3.000000000,0.000000000
369.460070678,-403.023591440,63.132782182,3.568412721,-0.917230409,0.008275372,1.800000000,1.800000000,3.000000000,0.000000000
369.960061645,-402.719586271,62.735829005,3.558882278,-0.913097047,0.008266865,1.800000000,1.800000000,3.000000000,0.000000000
370.460052763,-402.413942861,62.340135660,3.549347328,-0.908956942,0.008280352,1.800000000,1.800000000,3.000000000,0.000000000
370.960043761,-402.106663937,61.945711192,3.539776358,-0.904822043,0.008269941,1.800000000,1.800000000,3.000000000,0.000000000
371.460034688,-401.797756782,61.552560715,3.530214443,-0.900676473,0.008291285,1.800000000,1.800000000,3.000000000,0.000000000
371.960025695,-401.487222404,61.160694147,3.520640867,-0.896524778,0.008303535,1.800000000,1.800000000,3.000000000,0.000000000
372.460016574,-401.175063876,60.770120296,3.511052786,-0.892365588,0.008318524,1.800000000,1.800000000,3.000000000,0.000000000
372.960007584,-400.861283501,60.380848045,3.501442939,-0.888209832,0.008311657,1.800000000,1.800000000,3.000000000,0.000000000
373.459998476,-400.545888192,59.992883237,3.491843433,-0.884050833,0.008318143,1.800000000,1.800000000,3.000000000,0.000000000
373.959989350,-400.228882084,59.606233525,3.482209610,-0.879886224,0.008329364,1.800000000,1.800000000,3.000000000,0.000000000
374.459980309,-399.910268429,59.220907302,3.472540556,-0.875714854,0.008342885,1.800000000,1.800000000,3.000000000,0.000000000
374.959971116,-399.590050310,58.836913599,3.462869291,-0.871549203,0.008331449,1.800000000,1.800000000,3.000000000,0.000000000
375.459962052,-399.268235307,58.454257043,3.453187827,-0.867391651,0.008315248,1.800000000,1.800000000,3.000000000,0.000000000
375.959952955,-398.944832197,58.072941778,3.443507553,-0.863210431,0.008362586,1.800000000,1.800000000,3.000000000,0.000000000
376.459943802,-398.619837592,57.692982103,3.433802865,-0.859035640,0.008349729,1.800000000,1.800000000,3.000000000,0.000000000
376.959934721,-398.293259525,57.314382467,3.424097067,-0.854871242,0.008328942,1.800000000,1.800000000,3.000000000,0.000000000
377.459925497,-397.965107748,56.937146218,3.414369088,-0.850697794,0.008347043,1.800000000,1.800000000,3.000000000,0.000000000
377.959916404,-397.635384371,56.561282676,3.404624154,-0.846519596,0.008356543,1.800000000,1.800000000,3.000000000,0.000000000
378.459907300,-397.304093453,56.186800069,3.394834048,-0.842363198,0.008312941,1.800000000,1.800000000,3.000000000,0.000000000
378.959898161,-396.971248924,55.813697695,3.385058693,-0.838204012,0.008318518,1.800000000,1.800000000,3.000000000,0.000000000
379.459889116,-396.636855414,55.441982838,3.375284526,-0.834030649,0.008346872,1.800000000,1.800000000,3.000000000,0.000000000
379.959879926,-396.300913617,55.071666866,3.365493112,-0.829871688,0.008318067,1.800000000,1.800000000,3.000000000,0.000000000
380.459870867,-395.963434512,54.702751165,3.355687137,-0.825718364,0.008306794,1.800000000,1.800000000,3.000000000,0.000000000
380.959861779,-395.624426115,54.335240323,3.345894342,-0.821566530,0.008303813,1.800000000,1.800000000,3.000000000,0.000000000
381.459852723,-395.283894778,53.969140128,3.336069951,-0.817412161,0.008308882,1.800000000,1.800000000,3.000000000,0.000000000
381.959843775,-394.941845395,53.604457702,3.326217851,-0.813273145,0.008278175,1.800000000,1.800000000,3.000000000,0.000000000
382.459834661,-394.598289634,53.241194264,3.316357755,-0.809131475,0.008283484,1.800000000,1.800000000,3.000000000,0.000000000
382.959825682,-394.253232214,52.879356735,3.306490315,-0.805002173,0.008258746,1.800000000,1.800000000,3.000000000,0.000000000
383.459816719,-393.906683592,52.518947122,3.296617351,-0.800880847,0.008242793,1.800000000,1.800000000,3.000000000,0.000000000
383.959807827,-393.558652502,52.159968753,3.286728157,-0.796751830,0.008258175,1.800000000,1.800000000,3.000000000,0.000000000
384.459798964,-393.209142135,51.802430447,3.276819121,-0.792645389,0.008213022,1.800000000,1.800000000,3.000000000,0.000000000
384.959789998,-392.858166582,51.446330467,3.266910170,-0.788542560,0.008205798,1.800000000,1.800000000,3.000000000,0.000000000
385.459781154,-392.505732883,51.091673388,3.256994249,-0.784458889,0.008167481,1.800000000,1.800000000,3.000000000,0.000000000
385.959772407,-392.151853756,50.738458416,3.247072060,-0.780353143,0.008211630,1.800000000,1.800000000,3.000000000,0.000000000
386.459763658,-391.796527406,50.386699356,3.237123280,-0.776291437,0.008123549,1.800000000,1.800000000,3.000000000,0.000000000
386.959754973,-391.439775203,50.036386381,3.227184092,-0.772220670,0.008141670,1.800000000,1.800000000,3.000000000,0.000000000
387.459746194,-391.081599985,49.687528625,3.217233896,-0.768160504,0.008120468,1.800000000,1.800000000,3.000000000,0.000000000
387.959737529,-390.722011221,49.340127911,3.207273033,-0.764115313,0.008090515,1.800000000,1.800000000,3.000000000,0.000000000
388.459729029,-390.361019981,48.994184527,3.197301051,-0.760079711,0.008071338,1.800000000,1.800000000,3.000000000,0.000000000
388.959720437,-389.998635661,48.649700837,3.187319595,-0.756056604,0.008046345,1.800000000,1.800000000,3.000000000,0.000000000
389.459711999,-389.634868271,48.306677735,3.177325080,-0.752043024,0.008027290,1.800000000,1.800000000,3.000000000,0.000000000
389.959703458,-389.269727139,47.965117473,3.167321594,-0.748035881,0.008014418,1.800000000,1.800000000,3.000000000,0.000000000
390.459694996,-388.903220204,47.625023068,3.157308610,-0.744050371,0.007971147,1.800000000,1.800000000,3.000000000,0.000000000
390.959686738,-388.535360583,47.286391939,3.147286241,-0.740068952,0.007962965,1.800000000,1.800000000,3.000000000,0.000000000
391.459678384,-388.166155720,46.949228157,3.137249676,-0.736105801,0.007926429,1.800000000,1.800000000,3.000000000,0.000000000
391.959670213,-387.795617394,46.613530113,3.127219685,-0.732153119,0.007905489,1.800000000,1.800000000,3.000000000,0.000000000
392.459661948,-387.423755127,46.279299369,3.117183808,-0.728212588,0.007881185,1.800000000,1.800000000,3.000000000,0.000000000
392.959653742,-387.050578661,45.946536512,3.107129111,-0.724283650,0.007857998,1.800000000,1.800000000,3.000000000,0.000000000
393.459645750,-386.676097514,45.615242265,3.097069116,-0.720379282,0.007808857,1.800000000,1.800000000,3.000000000,0.000000000
393.959637693,-386.300325777,45.285412694,3.087005310,-0.716468668,0.007821347,1.800000000,1.800000000,3.000000000,0.000000000
394.459629783,-385.923266971,44.957055044,3.076921316,-0.712582829,0.007771797,1.800000000,1.800000000,3.000000000,0.000000000
394.959621791,-385.544935132,44.630165112,3.066837446,-0.708708124,0.007749529,1.800000000,1.800000000,3.000000000,0.000000000
395.459613850,-385.165339495,44.304743522,3.056748198,-0.704848764,0.007718835,1.800000000,1.800000000,3.000000000,0.000000000
395.959606116,-384.784490611,43.980789213,3.046643051,-0.700999594,0.007698455,1.800000000,1.800000000,3.000000000,0.000000000
396.459598358,-384.402397616,43.658303269,3.036535246,-0.697172868,0.007653566,1.800000000,1.800000000,3.000000000,0.000000000
396.959590721,-384.019073262,43.337281769,3.026421263,-0.693353703,0.007638441,1.800000000,1.800000000,3.000000000,0.000000000
397.459583008,-383.634525732,43.017726635,3.016302533,-0.689547131,0.007613258,1.800000000,1.800000000,3.000000000,0.000000000
397.959575331,-383.248764553,42.699637597,3.006183439,-0.685758975,0.007576422,1.800000000,1.800000000,3.000000000,0.000000000
398.459567872,-382.861801005,42.383012023,2.996059594,-0.681984147,0.007549765,1.800000000,1.800000000,3.000000000,0.000000000
398.959560380,-382.473645036,42.067849444,2.985919608,-0.678218872,0.007530658,1.800000000,1.800000000,3.000000000,0.000000000
399.459553021,-382.084305043,41.754150525,2.975777074,-0.674472111,0.007493628,1.800000000,1.800000000,3.000000000,0.000000000
399.959545594,-381.693792485,41.441912612,2.965635486,-0.670736304,0.007471721,1.800000000,1.800000000,3.000000000,0.000000000
400.459538189,-381.302116176,41.131135740,2.955476101,-0.667011850,0.007449011,1.800000000,1.800000000,3.000000000,0.000000000
400.959530992,-380.909284949,40.821819671,2.945303858,-0.663313404,0.007396994,1.800000000,1.800000000,3.000000000,0.000000000
401.459523812,-380.515312409,40.513958570,2.935146864,-0.659609165,0.007408579,1.800000000,1.800000000,3.000000000,0.000000000
401.959516708,-380.120202124,40.207558899,2.924981941,-0.655930215,0.007358000,1.800000000,1.800000000,3.000000000,0.000000000
402.459509552,-379.723967327,39.902614921,2.914801350,-0.652262050,0.007336431,1.800000000,1.800000000,3.000000000,0.000000000
402.959502410,-379.326616603,39.599126437,2.904625836,-0.648600810,0.007322579,1.800000000,1.800000000,3.000000000,0.000000000
403.459495427,-378.928157272,39.297094685,2.894456779,-0.644969527,0.007262663,1.800000000,1.800000000,3.000000000,0.000000000
403.959488552,-378.528603723,38.996511774,2.884274463,-0.641339094,0.007260961,1.800000000,1.800000000,3.000000000,0.000000000
404.459481693,-378.127961550,38.697381384,2.874075238,-0.637722162,0.007233959,1.800000000,1.800000000,3.000000000,0.000000000
404.959474784,-377.726240106,38.399702073,2.863882098,-0.634120223,0.007203975,1.800000000,1.800000000,3.000000000,0.000000000
405.459467888,-377.323449037,38.103471658,2.853688185,-0.630538242,0.007164055,1.800000000,1.800000000,3.000000000,0.000000000
405.959461152,-376.919599334,37.808685836,2.843478946,-0.626954456,0.007167663,1.800000000,1.800000000,3.000000000,0.000000000
406.459454529,-376.514695685,37.515349148,2.833265195,-0.623386767,0.007135470,1.800000000,1.800000000,3.000000000,0.000000000
406.959447900,-376.108748086,37.223458898,2.823056314,-0.619835831,0.007101962,1.800000000,1.800000000,3.000000000,0.000000000
407.459441225,-375.701766603,36.933012006,2.812848773,-0.616291189,0.007089376,1.800000000,1.800000000,3.000000000,0.000000000
407.959434549,-375.293758148,36.644009540,2.802640067,-0.612761667,0.007059133,1.800000000,1.800000000,3.000000000,0.000000000
408.459428067,-374.884732039,36.356448834,2.792425724,-0.609245114,0.007033193,1.800000000,1.800000000,3.000000000,0.000000000
408.959421679,-374.474697160,36.070328211,2.782208622,-0.605736184,0.007017946,1.800000000,1.800000000,3.000000000,0.000000000
409.459415265,-374.063660852,35.785648146,2.771988227,-0.602238504,0.006995448,1.800000000,1.800000000,3.000000000,0.000000000
409.959408808,-373.651631377,35.502407517,2.761772736,-0.598754745,0.006967604,1.800000000,1.800000000,3.000000000,0.000000000
410.459402340,-373.238617670,35.220604021,2.751549702,-0.595281625,0.006946325,1.800000000,1.800000000,3.000000000,0.000000000
410.959396066,-372.824627558,34.940236559,2.741311657,-0.591815890,0.006931553,1.800000000,1.800000000,3.000000000,0.000000000
411.459389881,-372.409668182,34.661305508,2.731084093,-0.588373289,0.006885284,1.800000000,1.800000000,3.000000000,0.000000000
411.959383707,-371.993751009,34.383804641,2.720850553,-0.584942215,0.006862230,1.800000000,1.800000000,3.000000000,0.000000000
412.459377521,-371.576884170,34.107732454,2.710608720,-0.581495357,0.006893800,1.800000000,1.800000000,3.000000000,0.000000000
412.959371264,-371.159068287,33.833098824,2.700376522,-0.578059761,0.006871273,1.800000000,1.800000000,3.000000000,0.000000000
413.459365138,-370.740311232,33.559902187,2.690152703,-0.574652145,0.006815310,1.800000000,1.800000000,3.000000000,0.000000000
413.959359098,-370.320625587,33.288134049,2.679929028,-0.571251610,0.006801149,1.800000000,1.800000000,3.000000000,0.000000000
414.459353108,-369.900018173,33.017794609,2.669701414,-0.567848088,0.006807123,1.800000000,1.800000000,3.000000000,0.000000000
414.959347111,-369.478493096,32.748888283,2.659480905,-0.564483950,0.006728355,1.800000000,1.800000000,3.000000000,0.000000000
415.459341048,-369.056065824,32.481401579,2.649238606,-0.561106168,0.006755642,1.800000000,1.800000000,3.000000000,0.000000000
415.959335034,-368.632737410,32.215343239,2.639016145,-0.557744327,0.006723760,1.800000000,1.800000000,3.000000000,0.000000000
416.459329137,-368.208516845,31.950709501,2.628779966,-0.554396667,0.006695395,1.800000000,1.800000000,3.000000000,0.000000000
416.959323317,-367.783412690,31.687497350,2.618545512,-0.551049403,0.006694602,1.800000000,1.800000000,3.000000000,0.000000000
417.459317422,-367.357429940,31.425709645,2.608316130,-0.547716690,0.006665501,1.800000000,1.800000000,3.000000000,0.000000000
417.959311551,-366.930577074,31.165343057,2.598080777,-0.544385009,0.006663438,1.800000000,1.800000000,3.000000000,0.000000000
418.459305680,-366.502859121,30.906400049,2.587853367,-0.541078613,0.006612865,1.800000000,1.800000000,3.000000000,0.000000000
418.959299965,-366.074287205,30.648872578,2.577618101,-0.537759463,0.006638374,1.800000000,1.800000000,3.000000000,0.000000000
419.459294309,-365.644862828,30.392768988,2.567391709,-0.534468165,0.006582667,1.800000000,1.800000000,3.000000000,0.000000000
419.959288598,-365.214597914,30.138080174,2.557150798,-0.531165137,0.006606128,1.800000000,1.800000000,3.000000000,0.000000000
420.459282872,-364.783494116,29.884813931,2.546932310,-0.527910617,0.006509111,1.800000000,1.800000000,3.000000000,0.000000000
420.959277233,-364.351568268,29.632952019,2.536682354,-0.524606752,0.006607803,1.800000000,1.800000000,3.000000000,0.000000000
421.459271662,-363.918812602,29.382518470,2.526477823,-0.521351621,0.006510330,1.800000000,1.800000000,3.000000000,0.000000000
421.959266137,-363.485243997,29.133494899,2.516261733,-0.518098979,0.006505354,1.800000000,1.800000000,3.000000000,0.000000000
422.459260603,-363.050867709,28.885882890,2.506043115,-0.514851033,0.006495961,1.800000000,1.800000000,3.000000000,0.000000000
422.959254987,-362.615689555,28.639683056,2.495831683,-0.511597752,0.006506631,1.800000000,1.800000000,3.000000000,0.000000000
423.459249504,-362.179712632,28.394900214,2.485645220,-0.508395338,0.006404897,1.800000000,1.800000000,3.000000000,0.000000000
423.959244070,-361.742954007,28.151514780,2.475422453,-0.505170237,0.006450268,1.800000000,1.800000000,3.000000000,0.000000000
424.459238691,-361.305412664,27.909539173,2.465202436,-0.501960309,0.006419923,1.800000000,1.800000000,3.000000000,0.000000000
424.959233311,-360.867096853,27.668969287,2.454995983,-0.498757164,0.006406355,1.800000000,1.800000000,3.000000000,0.000000000
425.459227843,-360.428012790,27.429804664,2.444796287,-0.495580933,0.006352528,1.800000000,1.800000000,3.000000000,0.000000000
425.959222502,-359.988171188,27.192035817,2.434575962,-0.492374754,0.006412424,1.800000000,1.800000000,3.000000000,0.000000000
426.459217218,-359.547569469,26.955678373,2.424378557,-0.489207421,0.006334731,1.800000000,1.800000000,3.000000000,0.000000000
426.959211997,-359.106221283,26.720717616,2.414186478,-0.486038800,0.006337304,1.800000000,1.800000000,3.000000000,0.000000000
427.459206769,-358.664130818,26.487156503,2.404005820,-0.482883078,0.006311509,1.800000000,1.800000000,3.000000000,0.000000000
427.959201443,-358.221305588,26.254991712,2.393827469,-0.479737382,0.006291455,1.800000000,1.800000000,3.000000000,0.000000000
428.459196314,-357.777752057,26.024220971,2.383643622,-0.476606016,0.006262794,1.800000000,1.800000000,3.000000000,0.000000000
428.959191181,-357.333478077,25.794840288,2.373463820,-0.473475043,0.006262007,1.800000000,1.800000000,3.000000000,0.000000000
429.459186123,-356.888488024,25.566851703,2.363295587,-0.470356428,0.006237290,1.800000000,1.800000000,3.000000000,0.000000000
429.959181042,-356.442789148,25.340251988,2.353124031,-0.467246585,0.006219747,1.800000000,1.800000000,3.000000000,0.000000000
430.459175866,-355.996387824,25.115039462,2.342956228,-0.464147933,0.006197365,1.800000000,1.800000000,3.000000000,0.000000000
430.959170890,-355.549290610,24.891211168,2.332805086,-0.461055121,0.006185684,1.800000000,1.800000000,3.000000000,0.000000000
431.459165918,-355.101503273,24.668766728,2.322662653,-0.457979423,0.006151454,1.800000000,1.800000000,3.000000000,0.000000000
431.959161025,-354.653033811,24.447700562,2.312514909,-0.454908711,0.006141482,1.800000000,1.800000000,3.000000000,0.000000000
432.459156107,-354.203887658,24.228012568,2.302382249,-0.451850383,0.006116714,1.800000000,1.800000000,3.000000000,0.000000000
432.959151095,-353.754071813,24.009699276,2.292251450,-0.448800856,0.006099112,1.800000000,1.800000000,3.000000000,0.000000000
433.459146283,-353.303592128,23.792758636,2.282120624,-0.445761127,0.006079514,1.800000000,1.800000000,3.000000000,0.000000000
433.959141462,-352.852455092,23.577188336,2.271993189,-0.442731944,0.006058422,1.800000000,1.800000000,3.000000000,0.000000000
434.459136734,-352.400667041,23.362985559,2.261884104,-0.439718570,0.006026802,1.800000000,1.800000000,3.000000000,0.000000000
434.959131995,-351.948235580,23.150145165,2.251769500,-0.436707586,0.006022024,1.800000000,1.800000000,3.000000000,0.000000000
435.459127161,-351.495165397,22.938668037,2.241664960,-0.433710290,0.005994647,1.800000000,1.800000000,3.000000000,0.000000000
435.959122524,-351.041463213,22.728549760,2.231576946,-0.430717452,0.005985728,1.800000000,1.800000000,3.000000000,0.000000000
436.459117854,-350.587134241,22.519790292,2.221490794,-0.427743098,0.005948761,1.800000000,1.800000000,3.000000000,0.000000000
436.959113282,-350.132186266,22.312383041,2.211410685,-0.424777764,0.005930721,1.800000000,1.800000000,3.000000000,0.000000000
437.459108721,-349.676625250,22.106325767,2.201352629,-0.421823336,0.005908907,1.800000000,1.800000000,3.000000000,0.000000000
437.959104056,-349.220457537,21.901615356,2.191283872,-0.418880851,0.005885023,1.800000000,1.800000000,3.000000000,0.000000000
438.459099589,-348.763689261,21.698248015,2.181232141,-0.415949413,0.005862925,1.800000000,1.800000000,3.000000000,0.000000000
438.959095073,-348.306326835,21.496220554,2.171190036,-0.413027498,0.005843881,1.800000000,1.800000000,3.000000000,0.000000000
439.459090656,-347.848375964,21.295530288,2.161150491,-0.410122596,0.005809852,1.800000000,1.800000000,3.000000000,0.000000000
439.959086267,-347.389844015,21.096171158,2.151115625,-0.407224755,0.005795733,1.800000000,1.800000000,3.000000000,0.000000000
440.459081778,-346.930736372,20.898141655,2.141088135,-0.404333631,0.005782297,1.800000000,1.800000000,3.000000000,0.000000000
440.959077474,-346.471057952,20.701440243,2.131073336,-0.401456429,0.005754452,1.800000000,1.800000000,3.000000000,0.000000000
441.459073121,-346.010815530,20.506062249,2.121062254,-0.398591396,0.005730113,1.800000000,1.800000000,3.000000000,0.000000000
441.959068863,-345.550015146,20.312003628,2.111068561,-0.395741791,0.005699256,1.800000000,1.800000000,3.000000000,0.000000000
442.459064664,-345.088663589,20.119258871,2.101085240,-0.392899898,0.005683832,1.800000000,1.800000000,3.000000000,0.000000000
442.959060369,-344.626766225,19.927826038,2.091104332,-0.390068331,0.005663180,1.800000000,1.800000000,3.000000000,0.000000000
443.459056235,-344.164328509,19.737701802,2.081138583,-0.387251038,0.005634630,1.800000000,1.800000000,3.000000000,0.000000000
443.959052052,-343.701357038,19.548881161,2.071173777,-0.384443054,0.005616014,1.800000000,1.800000000,3.000000000,0.000000000
444.459047954,-343.237857109,19.361361247,2.061228695,-0.381650718,0.005584714,1.800000000,1.800000000,3.000000000,0.000000000
444.959043933,-342.773835298,19.175136281,2.051296268,-0.378868126,0.005565229,1.800000000,1.800000000,3.000000000,0.000000000
445.459039819,-342.309297183,18.990203253,2.041366278,-0.376095118,0.005546059,1.800000000,1.800000000,3.000000000,0.000000000
445.959035850,-341.844247898,18.806559048,2.031451453,-0.373337701,0.005514876,1.800000000,1.800000000,3.000000000,0.000000000
446.459031843,-341.378694034,18.624197889,2.021546083,-0.370587440,0.005500564,1.800000000,1.800000000,3.000000000,0.000000000
446.959027906,-340.912640325,18.443117787,2.011648500,-0.367850081,0.005474758,1.800000000,1.800000000,3.000000000,0.000000000
447.459024048,-340.446092608,18.263314089,2.001754280,-0.365130782,0.005438639,1.800000000,1.800000000,3.000000000,0.000000000
447.959020116,-339.979057745,18.084779764,1.991870621,-0.362413558,0.005434489,1.800000000,1.800000000,3.000000000,0.000000000
448.459016306,-339.511539375,17.907515092,1.982000842,-0.359712913,0.005401328,1.800000000,1.800000000,3.000000000,0.000000000
448.959012466,-339.043544011,17.731513676,1.972143248,-0.357024460,0.005376947,1.800000000,1.800000000,3.000000000,0.000000000
449.459008687,-338.575077109,17.556771057,1.962301471,-0.354349354,0.005350251,1.800000000,1.800000000,3.000000000,0.000000000
449.959004988,-338.106144353,17.383282233,1.952472993,-0.351680501,0.005337743,1.800000000,1.800000000,3.000000000,0.000000000
450.459001223,-337.636750315,17.211045560,1.942634160,-0.349031132,0.005298775,1.800000000,1.800000000,3.000000000,0.000000000
450.958997576,-337.166901495,17.040053048,1.932826735,-0.346387498,0.005287307,1.800000000,1.800000000,3.000000000,0.000000000
451.458993894,-336.696602308,16.870303252,1.923029261,-0.343755125,0.005264783,1.800000000,1.800000000,3.000000000,0.000000000
451.958990268,-336.225857854,16.701792027,1.913245359,-0.341137786,0.005234713,1.800000000,1.800000000,3.000000000,0.000000000
452.458986733,-335.754673876,16.534513445,1.903470147,-0.338534674,0.005206261,1.800000000,1.800000000,3.000000000,0.000000000
452.958983135,-335.283056110,16.368461995,1.893708443,-0.335931297,0.005206788,1.800000000,1.800000000,3.000000000,0.000000000
453.458979642,-334.811007548,16.203638869,1.883953082,-0.333348675,0.005165279,1.800000000,1.800000000,3.000000000,0.000000000
453.958976116,-334.338534917,16.040035426,1.874216096,-0.330775502,0.005146381,1.800000000,1.800000000,3.000000000,0.000000000
454.458972639,-333.865642824,15.877648260,1.864493800,-0.328211325,0.005128389,1.800000000,1.800000000,3.000000000,0.000000000
454.958969247,-333.392335816,15.716474179,1.854774871,-0.325662433,0.005097818,1.800000000,1.800000000,3.000000000,0.000000000
455.458965814,-332.918619569,15.556507043,1.845068702,-0.323124360,0.005076178,1.800000000,1.800000000,3.000000000,0.000000000
455.958962465,-332.444498762,15.397742719,1.835383008,-0.320596217,0.005056318,1.800000000,1.800000000,3.000000000,0.000000000
456.458959090,-331.969978115,15.240177555,1.825718606,-0.318077493,0.005037482,1.800000000,1.800000000,3.000000000,0.000000000
456.958955759,-331.495062069,15.083808063,1.816052918,-0.315571098,0.005012820,1.800000000,1.800000000,3.000000000,0.000000000
457.458952505,-331.019755518,14.928629363,1.806401360,-0.313079134,0.004983961,1.800000000,1.800000000,3.000000000,0.000000000
457.958949224,-330.544063769,14.774635599,1.796773469,-0.310591359,0.004975581,1.800000000,1.800000000,3.000000000,0.000000000
458.458946020,-330.067990318,14.621825702,1.787147511,-0.308117472,0.004947804,1.800000000,1.800000000,3.000000000,0.000000000
458.958942790,-329.591540314,14.470194030,1.777537617,-0.305652975,0.004929025,1.800000000,1.800000000,3.000000000,0.000000000
459.458939592,-329.114718032,14.319737018,1.767954578,-0.303204832,0.004896315,1.800000000,1.800000000,3.000000000,0.000000000
459.958936481,-328.637528755,14.170447758,1.758373656,-0.300762873,0.004883949,1.800000000,1.800000000,3.000000000,0.000000000
460.458933352,-328.159976359,14.022324224,1.748810133,-0.298329726,0.004866322,1.800000000,1.800000000,3.000000000,0.000000000
460.958930280,-327.682064917,13.875363067,1.739259233,-0.295910639,0.004838202,1.800000000,1.800000000,3.000000000,0.000000000
461.458927185,-327.203799385,13.729558453,1.729737902,-0.293501887,0.004817534,1.800000000,1.800000000,3.000000000,0.000000000
461.958924119,-326.725184005,13.584906277,1.720224493,-0.291098762,0.004806278,1.800000000,1.800000000,3.000000000,0.000000000
462.458921134,-326.246222312,13.441404667,1.710723074,-0.288711575,0.004774401,1.800000000,1.800000000,3.000000000,0.000000000
462.958918137,-325.766919431,13.299046839,1.701242073,-0.286333989,0.004755199,1.800000000,1.800000000,3.000000000,0.000000000
463.458915191,-325.287279389,13.157828982,1.691773488,-0.283964103,0.004739800,1.800000000,1.800000000,3.000000000,0.000000000
463.958912222,-324.807306045,13.017748219,1.682332937,-0.281604674,0.004718884,1.800000000,1.800000000,3.000000000,0.000000000
464.458909280,-324.327003501,12.878800300,1.672904952,-0.279258919,0.004691536,1.800000000,1.800000000,3.000000000,0.000000000
464.958906417,-323.846376264,12.740979413,1.663488642,-0.276918997,0.004679870,1.800000000,1.800000000,3.000000000,0.000000000
465.458903542,-323.365427866,12.604283535,1.654099965,-0.274591807,0.004654405,1.800000000,1.800000000,3.000000000,0.000000000
465.958900723,-322.884162598,12.468707270,1.644721418,-0.272273780,0.004636079,1.800000000,1.800000000,3.000000000,0.000000000
466.458897879,-322.402584380,12.334246961,1.635355059,-0.269963396,0.004620794,1.800000000,1.800000000,3.000000000,0.000000000
466.958895053,-321.920696774,12.200899635,1.626001725,-0.267664776,0.004597264,1.800000000,1.800000000,3.000000000,0.000000000
467.458892311,-321.438503845,12.068660315,1.616671832,-0.265375760,0.004578057,1.800000000,1.800000000,3.000000000,0.000000000
467.958889553,-320.956009498,11.937525093,1.607373290,-0.263097864,0.004555814,1.800000000,1.800000000,3.000000000,0.000000000
468.458886856,-320.473217631,11.807489265,1.598087068,-0.260828503,0.004538746,1.800000000,1.800000000,3.000000000,0.000000000
468.958884134,-319.990131934,11.678549406,1.588824297,-0.258566921,0.004523187,1.800000000,1.800000000,3.000000000,0.000000000
469.458881419,-319.506755857,11.550702413,1.579572869,-0.256319298,0.004495269,1.800000000,1.800000000,3.000000000,0.000000000
469.958878794,-319.023093563,11.423942166,1.570348327,-0.254089170,0.004460279,1.800000000,1.800000000,3.000000000,0.000000000
470.458876176,-318.539149774,11.298260860,1.561130729,-0.251846804,0.004484756,1.800000000,1.800000000,3.000000000,0.000000000
470.958873590,-318.054925347,11.173665041,1.551950740,-0.249635911,0.004421806,1.800000000,1.800000000,3.000000000,0.000000000
471.458871007,-317.570426633,11.050140093,1.542770034,-0.247419158,0.004433529,1.800000000,1.800000000,3.000000000,0.000000000
471.958868412,-317.085655296,10.927689464,1.533623748,-0.245203275,0.004431787,1.800000000,1.800000000,3.000000000,0.000000000
472.458865871,-316.600613761,10.806313318,1.524517875,-0.243014694,0.004377184,1.800000000,1.800000000,3.000000000,0.000000000
472.958863379,-316.115307699,10.685999004,1.515416488,-0.240831747,0.004365915,1.800000000,1.800000000,3.000000000,0.000000000
473.458860888,-315.629740154,10.566744372,1.506345766,-0.238655123,0.004353268,1.800000000,1.800000000,3.000000000,0.000000000
473.958858422,-315.143914160,10.448546914,1.497301670,-0.236497062,0.004316143,1.800000000,1.800000000,3.000000000,0.000000000
474.458855949,-314.657834230,10.331398174,1.488253389,-0.234341467,0.004311211,1.800000000,1.800000000,3.000000000,0.000000000
474.958853492,-314.171502887,10.215297494,1.479215373,-0.232197890,0.004287174,1.800000000,1.800000000,3.000000000,0.000000000
475.458851102,-313.684923726,10.100239553,1.470193118,-0.230060302,0.004275194,1.800000000,1.800000000,3.000000000,0.000000000
475.958848710,-313.198099732,9.986221979,1.461200656,-0.227934571,0.004251482,1.800000000,1.800000000,3.000000000,0.000000000
476.458846339,-312.711034447,9.873239515,1.452235155,-0.225814106,0.004240950,1.800000000,1.800000000,3.000000000,0.000000000
476.958843968,-312.223730681,9.761290109,1.443271643,-0.223716036,0.004196159,1.800000000,1.800000000,3.000000000,0.000000000
477.458841640,-311.736193069,9.650363336,1.434349267,-0.221610469,0.004211153,1.800000000,1.800000000,3.000000000,0.000000000
477.958839365,-311.248422923,9.540463341,1.425475835,-0.219521199,0.004178558,1.800000000,1.800000000,3.000000000,0.000000000
478.458837083,-310.760424237,9.431582669,1.416576065,-0.217435602,0.004171211,1.800000000,1.800000000,3.000000000,0.000000000
478.958834811,-310.272199522,9.323720000,1.407710304,-0.215364940,0.004141343,1.800000000,1.800000000,3.000000000,0.000000000
479.458832532,-309.783752513,9.216868511,1.398868369,-0.213306153,0.004117591,1.800000000,1.800000000,3.000000000,0.000000000
479.958830327,-309.295086483,9.111022840,1.390047112,-0.211251107,0.004110110,1.800000000,1.800000000,3.000000000,0.000000000
480.458828149,-308.806203941,9.006181618,1.381227583,-0.209215193,0.004071846,1.800000000,1.800000000,3.000000000,0.000000000
480.958825980,-308.317108955,8.902335934,1.372461527,-0.207181713,0.004066976,1.800000000,1.800000000,3.000000000,0.000000000
481.458823805,-307.827803819,8.799485029,1.363687487,-0.205157281,0.004048880,1.800000000,1.800000000,3.000000000,0.000000000
481.958821620,-307.338291481,8.697624902,1.354970533,-0.203143621,0.004027338,1.800000000,1.800000000,3.000000000,0.000000000
482.458819513,-306.848574947,8.596750676,1.346262457,-0.201142440,0.004002378,1.800000000,1.800000000,3.000000000,0.000000000
482.958817429,-306.358657504,8.496856658,1.337599353,-0.199144286,0.003996324,1.800000000,1.800000000,3.000000000,0.000000000
483.458815364,-305.868541416,8.397941766,1.328923288,-0.197157873,0.003972841,1.800000000,1.800000000,3.000000000,0.000000000
483.958813288,-305.378229821,8.300000643,1.320298784,-0.195184965,0.003945832,1.800000000,1.800000000,3.000000000,0.000000000
484.458811207,-304.887725955,8.203027051,1.311695789,-0.193217813,0.003934319,1.800000000,1.800000000,3.000000000,0.000000000
484.958809201,-304.397032205,8.107018527,1.303119555,-0.191259990,0.003915662,1.800000000,1.800000000,3.000000000,0.000000000
485.458807222,-303.906151400,8.011970874,1.294551996,-0.189312926,0.003894144,1.800000000,1.800000000,3.000000000,0.000000000
485.958805254,-303.415086451,7.917879174,1.286016181,-0.187376606,0.003872654,1.800000000,1.800000000,3.000000000,0.000000000
486.458803275,-302.923840242,7.824738510,1.277509459,-0.185446131,0.003860965,1.800000000,1.800000000,3.000000000,0.000000000
486.958801293,-302.432415146,7.732546359,1.269011072,-0.183528549,0.003835178,1.800000000,1.800000000,3.000000000,0.000000000
487.458799383,-301.940814096,7.641296711,1.260522437,-0.181621962,0.003813188,1.800000000,1.800000000,3.000000000,0.000000000
487.958797505,-301.449039933,7.550984503,1.252050853,-0.179721896,0.003800146,1.800000000,1.800000000,3.000000000,0.000000000
488.458795635,-300.957095051,7.461606859,1.243621914,-0.177832660,0.003778485,1.800000000,1.800000000,3.000000000,0.000000000
488.958793758,-300.464982199,7.373158776,1.235224327,-0.175953139,0.003759056,1.800000000,1.800000000,3.000000000,0.000000000
489.458791873,-299.972703984,7.285635786,1.226873093,-0.174083517,0.003739257,1.800000000,1.800000000,3.000000000,0.000000000
489.958790059,-299.480262924,7.199033311,1.218550855,-0.172222217,0.003722613,1.800000000,1.800000000,3.000000000,0.000000000
490.458788277,-298.987661493,7.113347560,1.210237412,-0.170372961,0.003698525,1.800000000,1.800000000,3.000000000,0.000000000
490.958786503,-298.494902441,7.028572899,1.201966705,-0.168532636,0.003680662,1.800000000,1.800000000,3.000000000,0.000000000
491.458784722,-298.001988218,6.944705220,1.193711709,-0.166700843,0.003663599,1.800000000,1.800000000,3.000000000,0.000000000
491.958782931,-297.508921203,6.861740600,1.185460662,-0.164879558,0.003642581,1.800000000,1.800000000,3.000000000,0.000000000
492.458781212,-297.015703834,6.779674120,1.177251117,-0.163068145,0.003622838,1.800000000,1.800000000,3.000000000,0.000000000
492.958779522,-296.522338588,6.698501190,1.169079868,-0.161266983,0.003602337,1.800000000,1.800000000,3.000000000,0.000000000
493.458777844,-296.028827926,6.618217021,1.160932223,-0.159477673,0.003578630,1.800000000,1.800000000,3.000000000,0.000000000
493.958776164,-295.535174402,6.538816023,1.152759338,-0.157696743,0.003561872,1.800000000,1.800000000,3.000000000,0.000000000
494.458774477,-295.041380261,6.460294314,1.144663472,-0.155919106,0.003555286,1.800000000,1.800000000,3.000000000,0.000000000
494.958772847,-294.547447260,6.382650506,1.136572423,-0.154153014,0.003532194,1.800000000,1.800000000,3.000000000,0.000000000
495.458771235,-294.053377886,6.305879147,1.128529755,-0.152406455,0.003493129,1.800000000,1.800000000,3.000000000,0.000000000
495.958769648,-293.559175154,6.229970823,1.120516044,-0.150667385,0.003478152,1.800000000,1.800000000,3.000000000,0.000000000
496.458768076,-293.064841146,6.154922064,1.112534008,-0.148931774,0.003471232,1.800000000,1.800000000,3.000000000,0.000000000
496.958766490,-292.570377641,6.080731391,1.104567200,-0.147208128,0.003447303,1.800000000,1.800000000,3.000000000,0.000000000
497.458764945,-292.075786951,6.007393102,1.096633568,-0.145492073,0.003432120,1.800000000,1.800000000,3.000000000,0.000000000
497.958763406,-291.581071132,5.934903665,1.088721918,-0.143790587,0.003402982,1.800000000,1.800000000,3.000000000,0.000000000
498.458761908,-291.086232648,5.863256078,1.080848238,-0.142095956,0.003389272,1.800000000,1.800000000,3.000000000,0.000000000
498.958760429,-290.591273439,5.792447160,1.073030411,-0.140410627,0.003370666,1.800000000,1.800000000,3.000000000,0.000000000
499.458758927,-290.096195620,5.722472514,1.065185772,-0.138742906,0.003335452,1.800000000,1.800000000,3.000000000,0.000000000
499.958757479,-289.601001738,5.653323609,1.057410637,-0.137079346,0.003327128,1.800000000,1.800000000,3.000000000,0.000000000
500.458756030,-289.105693509,5.584998584,1.049669806,-0.135422958,0.003312786,1.800000000,1.800000000,3.000000000,0.000000000
500.958754619,-288.610272748,5.517494070,1.041928535,-0.133774295,0.003297335,1.800000000,1.800000000,3.000000000,0.000000000
501.458753216,-288.114741361,5.450806429,1.034197022,-0.132141038,0.003266523,1.800000000,1.800000000,3.000000000,0.000000000
501.958751790,-287.619101740,5.384928209,1.026514130,-0.130516787,0.003248509,1.800000000,1.800000000,3.000000000,0.000000000
502.458750429,-287.123355705,5.319855110,1.018842413,-0.128903110,0.003227363,1.800000000,1.800000000,3.000000000,0.000000000
502.958749070,-286.627505307,5.255582069,1.011221951,-0.127298913,0.003208403,1.800000000,1.800000000,3.000000000,0.000000000
503.458747746,-286.131552406,5.192104549,1.003619145,-0.125703668,0.003190498,1.800000000,1.800000000,3.000000000,0.000000000
503.958746420,-285.635498875,5.129418275,0.996054197,-0.124118110,0.003171123,1.800000000,1.800000000,3.000000000,0.000000000
504.458745075,-285.139346595,5.067518604,0.988533686,-0.122542331,0.003151565,1.800000000,1.800000000,3.000000000,0.000000000
504.958743792,-284.643097329,5.006400827,0.981043183,-0.120975664,0.003133342,1.800000000,1.800000000,3.000000000,0.000000000
505.458742512,-284.146752916,4.946060583,0.973577787,-0.119419926,0.003111483,1.800000000,1.800000000,3.000000000,0.000000000
505.958741269,-283.650315195,4.886492589,0.966154583,-0.117872544,0.003094771,1.800000000,1.800000000,3.000000000,0.000000000
506.458740023,-283.153785898,4.827692844,0.958756894,-0.116343937,0.003057221,1.800000000,1.800000000,3.000000000,0.000000000
506.958738772,-282.657167302,4.769652167,0.951390970,-0.114806965,0.003073952,1.800000000,1.800000000,3.000000000,0.000000000
507.458737563,-282.160460045,4.712374843,0.944054319,-0.113289082,0.003035772,1.800000000,1.800000000,3.000000000,0.000000000
507.958736354,-281.663666420,4.655851527,0.936751134,-0.111784295,0.003009581,1.800000000,1.800000000,3.000000000,0.000000000
508.458735187,-281.166788261,4.600075839,0.929489845,-0.110291740,0.002985117,1.800000000,1.800000000,3.000000000,0.000000000
508.958734023,-280.669827403,4.545041831,0.922281408,-0.108797826,0.002987835,1.800000000,1.800000000,3.000000000,0.000000000
509.458732860,-280.172784883,4.490750301,0.915085772,-0.107321523,0.002952613,1.800000000,1.800000000,3.000000000,0.000000000
509.958731722,-279.675662729,4.437192612,0.907939127,-0.105856729,0.002929594,1.800000000,1.800000000,3.000000000,0.000000000
510.458730591,-279.178462650,4.384363161,0.900812643,-0.104392215,0.002929036,1.800000000,1.800000000,3.000000000,0.000000000
510.958729495,-278.681185701,4.332261919,0.893728611,-0.102940673,0.002903090,1.800000000,1.800000000,3.000000000,0.000000000
511.458728409,-278.183833638,4.280882550,0.886661079,-0.101508354,0.002864643,1.800000000,1.800000000,3.000000000,0.000000000
511.958727325,-277.686408492,4.230215599,0.879661043,-0.100074481,0.002867753,1.800000000,1.800000000,3.000000000,0.000000000
512.458726262,-277.188911186,4.180261943,0.872651753,-0.098656353,0.002836262,1.800000000,1.800000000,3.000000000,0.000000000
512.958725216,-276.691343523,4.131013850,0.865702594,-0.097241841,0.002829028,1.800000000,1.800000000,3.000000000,0.000000000
513.458724187,-276.193706679,4.082469619,0.858758837,-0.095842011,0.002799667,1.800000000,1.800000000,3.000000000,0.000000000
513.958723166,-275.696002361,4.034622042,0.851849124,-0.094446106,0.002791814,1.800000000,1.800000000,3.000000000,0.000000000
514.458722154,-275.198231728,3.987469259,0.844974842,-0.093070209,0.002751799,1.800000000,1.800000000,3.000000000,0.000000000
514.958721166,-274.700396664,3.941001398,0.838154949,-0.091695189,0.002750047,1.800000000,1.800000000,3.000000000,0.000000000
515.458720195,-274.202498161,3.895218114,0.831360556,-0.090331134,0.002728113,1.800000000,1.800000000,3.000000000,0.000000000
515.958719232,-273.704537662,3.850114032,0.824596953,-0.088977531,0.002707212,1.800000000,1.800000000,3.000000000,0.000000000
516.458718278,-273.206516557,3.805684031,0.817888058,-0.087636568,0.002681931,1.800000000,1.800000000,3.000000000,0.000000000
516.958717331,-272.708436314,3.761921897,0.811198602,-0.086296146,0.002680849,1.800000000,1.800000000,3.000000000,0.000000000
517.458716409,-272.210297834,3.718827437,0.804551195,-0.084972399,0.002647498,1.800000000,1.800000000,3.000000000,0.000000000
517.958715501,-271.712102729,3.676392423,0.797925328,-0.083655893,0.002633017,1.800000000,1.800000000,3.000000000,0.000000000
518.458714601,-271.213852184,3.634613323,0.791360690,-0.082350405,0.002610979,1.800000000,1.800000000,3.000000000,0.000000000
518.958713713,-270.715547508,3.593484716,0.784820900,-0.081048119,0.002604578,1.800000000,1.800000000,3.000000000,0.000000000
519.458712829,-270.217189689,3.553005079,0.778291346,-0.079765059,0.002566124,1.800000000,1.800000000,3.000000000,0.000000000
519.958711970,-269.718780319,3.513164897,0.771809883,-0.078480442,0.002569238,1.800000000,1.800000000,3.000000000,0.000000000
520.458711120,-269.220320171,3.473965012,0.765345708,-0.077216799,0.002527289,1.800000000,1.800000000,3.000000000,0.000000000
520.958710285,-268.721810871,3.435395031,0.758938412,-0.075954860,0.002523882,1.800000000,1.800000000,3.000000000,0.000000000
521.458709463,-268.223253283,3.397454169,0.752568353,-0.074698933,0.002511858,1.800000000,1.800000000,3.000000000,0.000000000
521.958708631,-267.724648447,3.360139490,0.746240331,-0.073460928,0.002476014,1.800000000,1.800000000,3.000000000,0.000000000
522.458707838,-267.225997759,3.323442111,0.739965831,-0.072227085,0.002467690,1.800000000,1.800000000,3.000000000,0.000000000
522.958707043,-266.727302172,3.287360016,0.733731756,-0.070999802,0.002454570,1.800000000,1.800000000,3.000000000,0.000000000
523.458706268,-266.228562659,3.251889989,0.727514618,-0.069784399,0.002430809,1.800000000,1.800000000,3.000000000,0.000000000
523.958705501,-265.729780395,3.217026156,0.721341365,-0.068585360,0.002398082,1.800000000,1.800000000,3.000000000,0.000000000
524.458704727,-265.230956695,3.182760407,0.715224892,-0.067384040,0.002402643,1.800000000,1.800000000,3.000000000,0.000000000
524.958703990,-264.732092153,3.149093928,0.709097424,-0.066199875,0.002368334,1.800000000,1.800000000,3.000000000,0.000000000
525.458703254,-264.233188093,3.116018210,0.703028244,-0.065019427,0.002360898,1.800000000,1.800000000,3.000000000,0.000000000
525.958702530,-263.734245325,3.083531445,0.696995103,-0.063853038,0.002332783,1.800000000,1.800000000,3.000000000,0.000000000
526.458701817,-263.235264993,3.051626662,0.691012059,-0.062695003,0.002316073,1.800000000,1.800000000,3.000000000,0.000000000
526.958701110,-262.736248043,3.020299737,0.685058350,-0.061542867,0.002304275,1.800000000,1.800000000,3.000000000,0.000000000
527.458700427,-262.237195306,2.989547767,0.679154567,-0.060402314,0.002281110,1.800000000,1.800000000,3.000000000,0.000000000
527.958699751,-261.738107813,2.959365012,0.673299502,-0.059273716,0.002257198,1.800000000,1.800000000,3.000000000,0.000000000
528.458699087,-261.238986563,2.929745544,0.667468683,-0.058148751,0.002249933,1.800000000,1.800000000,3.000000000,0.000000000
528.958698434,-260.739832296,2.900687589,0.661668131,-0.057027970,0.002241564,1.800000000,1.800000000,3.000000000,0.000000000
529.458697778,-260.240645778,2.872189094,0.655933938,-0.055926731,0.002202481,1.800000000,1.800000000,3.000000000,0.000000000
529.958697149,-259.741428152,2.844240338,0.650241862,-0.054828507,0.002196452,1.800000000,1.800000000,3.000000000,0.000000000
530.458696525,-259.242180128,2.816839852,0.644590769,-0.053739380,0.002178256,1.800000000,1.800000000,3.000000000,0.000000000
530.958695914,-258.742902544,2.789983126,0.639004877,-0.052663093,0.002152577,1.800000000,1.800000000,3.000000000,0.000000000
531.458695313,-258.243596335,2.763663781,0.633458959,-0.051606607,0.002112974,1.800000000,1.800000000,3.000000000,0.000000000
531.958694716,-257.744262594,2.737871960,0.627921950,-0.050535692,0.002141834,1.800000000,1.800000000,3.000000000,0.000000000
532.458694134,-257.244901503,2.712614897,0.622437448,-0.049489605,0.002092175,1.800000000,1.800000000,3.000000000,0.000000000
532.958693558,-256.745514258,2.687880223,0.616988337,-0.048446254,0.002086704,1.800000000,1.800000000,3.000000000,0.000000000
533.458692989,-256.246101472,2.663666597,0.611569945,-0.047416195,0.002060120,1.800000000,1.800000000,3.000000000,0.000000000
533.958692433,-255.746663996,2.639967409,0.606190070,-0.046387722,0.002056950,1.800000000,1.800000000,3.000000000,0.000000000
534.458691891,-255.247202396,2.616781890,0.600864120,-0.045380858,0.002013729,1.800000000,1.800000000,3.000000000,0.000000000
534.958691357,-254.747717697,2.594099273,0.595573724,-0.044371998,0.002017723,1.800000000,1.800000000,3.000000000,0.000000000
535.458690829,-254.248210362,2.571920577,0.590324057,-0.043378994,0.001986009,1.800000000,1.800000000,3.000000000,0.000000000
535.958690308,-253.748681243,2.550237904,0.585120942,-0.042393047,0.001971896,1.800000000,1.800000000,3.000000000,0.000000000
536.458689803,-253.249130973,2.529047750,0.579947203,-0.041414820,0.001956455,1.800000000,1.800000000,3.000000000,0.000000000
536.958689303,-252.749560208,2.508346280,0.574828331,-0.040444052,0.001941539,1.800000000,1.800000000,3.000000000,0.000000000
537.458688817,-252.249969569,2.488129786,0.569749251,-0.039484911,0.001918284,1.800000000,1.800000000,3.000000000,0.000000000
537.958688333,-251.750359766,2.468392480,0.564719810,-0.038532360,0.001905103,1.800000000,1.800000000,3.000000000,0.000000000
538.458687856,-251.250731382,2.449131085,0.559726240,-0.037593263,0.001878196,1.800000000,1.800000000,3.000000000,0.000000000
538.958687400,-250.751085110,2.430338898,0.554774811,-0.036662394,0.001861738,1.800000000,1.800000000,3.000000000,0.000000000
539.458686950,-250.251421555,2.412011824,0.549888891,-0.035736505,0.001851780,1.800000000,1.800000000,3.000000000,0.000000000
539.958686509,-249.751741236,2.394147390,0.545040813,-0.034821109,0.001830795,1.800000000,1.800000000,3.000000000,0.000000000
540.458686071,-249.252044771,2.376740369,0.540232519,-0.033915616,0.001810986,1.800000000,1.800000000,3.000000000,0.000000000
540.958685638,-248.752332742,2.359785826,0.535461474,-0.033014796,0.001801642,1.800000000,1.800000000,3.000000000,0.000000000
541.458685224,-248.252605626,2.343281441,0.530743570,-0.032125982,0.001777629,1.800000000,1.800000000,3.000000000,0.000000000
541.958684818,-247.752864030,2.327221225,0.526077841,-0.031246590,0.001758785,1.800000000,1.800000000,3.000000000,0.000000000
542.458684418,-247.253108496,2.311600485,0.521459524,-0.030376399,0.001740383,1.800000000,1.800000000,3.000000000,0.000000000
542.958684021,-246.753339557,2.296414633,0.516881882,-0.029514068,0.001724664,1.800000000,1.800000000,3.000000000,0.000000000
543.458683630,-246.253557702,2.281659753,0.512336227,-0.028663254,0.001701629,1.800000000,1.800000000,3.000000000,0.000000000
543.958683255,-245.753763458,2.267330099,0.507846402,-0.027819422,0.001687665,1.800000000,1.800000000,3.000000000,0.000000000
544.458682888,-245.253957293,2.253422192,0.503368716,-0.026984711,0.001669424,1.800000000,1.800000000,3.000000000,0.000000000
544.958682527,-244.754139686,2.239931484,0.498945523,-0.026157979,0.001653465,1.800000000,1.800000000,3.000000000,0.000000000
545.458682169,-244.254311094,2.226853996,0.494582549,-0.025340495,0.001634969,1.800000000,1.800000000,3.000000000,0.000000000
545.958681817,-243.754471973,2.214185113,0.490275991,-0.024529186,0.001622618,1.800000000,1.800000000,3.000000000,0.000000000
546.458681479,-243.254622724,2.201921758,0.486020070,-0.023728102,0.001602170,1.800000000,1.800000000,3.000000000,0.000000000
546.958681147,-242.754763804,2.190058828,0.481822754,-0.022937641,0.001580922,1.800000000,1.800000000,3.000000000,0.000000000
547.458680824,-242.254895655,2.178591021,0.477656713,-0.022154584,0.001566115,1.800000000,1.800000000,3.000000000,0.000000000
547.958680503,-241.755018677,2.167514642,0.473528727,-0.021381379,0.001546412,1.800000000,1.800000000,3.000000000,0.000000000
548.458680189,-241.255133279,2.156824774,0.469449734,-0.020613222,0.001536315,1.800000000,1.800000000,3.000000000,0.000000000
548.958679883,-240.755239806,2.146518899,0.465417596,-0.019860357,0.001505731,1.800000000,1.800000000,3.000000000,0.000000000
549.458679587,-240.255338708,2.136589379,0.461406817,-0.019111054,0.001498607,1.800000000,1.800000000,3.000000000,0.000000000
549.958679299,-239.755430301,2.127034439,0.457459457,-0.018370472,0.001481164,1.800000000,1.800000000,3.000000000,0.000000000
550.458679012,-239.255514954,2.117849725,0.453572694,-0.017638048,0.001464849,1.800000000,1.800000000,3.000000000,0.000000000
550.958678731,-238.755593009,2.109031164,0.449717046,-0.016918332,0.001439433,1.800000000,1.800000000,3.000000000,0.000000000
551.458678459,-238.255664836,2.100572406,0.445916712,-0.016200499,0.001435666,1.800000000,1.800000000,3.000000000,0.000000000
551.958678196,-237.755730712,2.092472515,0.442194034,-0.015494768,0.001411463,1.800000000,1.800000000,3.000000000,0.000000000
552.458677940,-237.255790988,2.084725445,0.438500347,-0.014798120,0.001393297,1.800000000,1.800000000,3.000000000,0.000000000
552.958677685,-236.755845988,2.077326658,0.434830177,-0.014110608,0.001375025,1.800000000,1.800000000,3.000000000,0.000000000
553.458677436,-236.255896014,2.070271592,0.431229316,-0.013426986,0.001367244,1.800000000,1.800000000,3.000000000,0.000000000
553.958677195,-235.755941325,2.063558304,0.427671292,-0.012758445,0.001337082,1.800000000,1.800000000,3.000000000,0.000000000
554.458676963,-235.255982251,2.057179257,0.424158051,-0.012093149,0.001330593,1.800000000,1.800000000,3.000000000,0.000000000
554.958676736,-234.756019039,2.051132833,0.420707348,-0.011438215,0.001309868,1.800000000,1.800000000,3.000000000,0.000000000
555.458676510,-234.256051972,2.045413853,0.417294749,-0.010791037,0.001294357,1.800000000,1.800000000,3.000000000,0.000000000
555.958676291,-233.756081303,2.040018441,0.413934052,-0.010155161,0.001271753,1.800000000,1.800000000,3.000000000,0.000000000
556.458676080,-233.256107296,2.034940950,0.410640578,-0.009521635,0.001267052,1.800000000,1.800000000,3.000000000,0.000000000
556.958675877,-232.756130164,2.030180206,0.407389634,-0.008899277,0.001244717,1.800000000,1.800000000,3.000000000,0.000000000
557.458675678,-232.256150162,2.025730628,0.404175674,-0.008285378,0.001227800,1.800000000,1.800000000,3.000000000,0.000000000
557.958675480,-231.756167521,2.021587988,0.401014656,-0.007679545,0.001211665,1.800000000,1.800000000,3.000000000,0.000000000
558.458675288,-231.256182457,2.017748255,0.397907541,-0.007081669,0.001195752,1.800000000,1.800000000,3.000000000,0.000000000
558.958675106,-230.756195177,2.014207451,0.394853467,-0.006491754,0.001179830,1.800000000,1.800000000,3.000000000,0.000000000
559.458674928,-230.256205890,2.010961598,0.391852077,-0.005911161,0.001161187,1.800000000,1.800000000,3.000000000,0.000000000
559.958674754,-229.756214799,2.008006036,0.388896522,-0.005337996,0.001146330,1.800000000,1.800000000,3.000000000,0.000000000
560.458674583,-229.256222095,2.005337051,0.385981060,-0.004771959,0.001132074,1.800000000,1.800000000,3.000000000,0.000000000
560.958674415,-228.756227955,2.002951081,0.383111291,-0.004215313,0.001113293,1.800000000,1.800000000,3.000000000,0.000000000
561.458674257,-228.256232556,2.000843432,0.380297200,-0.003666030,0.001098567,1.800000000,1.800000000,3.000000000,0.000000000
561.958674102,-227.756236070,1.999010422,0.377534925,-0.003125384,0.001081292,1.800000000,1.800000000,3.000000000,0.000000000
562.458673952,-227.256238662,1.997447733,0.374832296,-0.002594220,0.001062327,1.800000000,1.800000000,3.000000000,0.000000000
562.958673805,-226.756240492,1.996150625,0.372203135,-0.002067167,0.001054106,1.800000000,1.800000000,3.000000000,0.000000000
563.458673660,-226.256241705,1.995117042,0.369611050,-0.001549854,0.001034626,1.800000000,1.800000000,3.000000000,0.000000000
563.958673524,-225.756242442,1.994342116,0.367049134,-0.001040390,0.001018928,1.800000000,1.800000000,3.000000000,0.000000000
564.458673391,-225.256242845,1.993821921,0.364538839,-0.000538812,0.001003156,1.800000000,1.800000000,3.000000000,0.000000000
564.958673262,-224.756243047,1.993552515,0.362076172,-0.000043991,0.000989643,1.800000000,1.800000000,3.000000000,0.000000000
565.458673136,-224.256243173,1.993530520,0.359658614,0.000441023,0.000970028,1.800000000,1.800000000,3.000000000,0.000000000
565.958673012,-223.756243346,1.993751031,0.357324790,0.000918560,0.000955075,1.800000000,1.800000000,3.000000000,0.000000000
566.458672895,-223.256243674,1.994210311,0.355025573,0.001389221,0.000941322,1.800000000,1.800000000,3.000000000,0.000000000
566.958672781,-222.756244270,1.994904921,0.352781446,0.001849445,0.000920447,1.800000000,1.800000000,3.000000000,0.000000000
567.458672672,-222.256245234,1.995829643,0.350586760,0.002303223,0.000907557,1.800000000,1.800000000,3.000000000,0.000000000
567.958672565,-221.756246667,1.996981253,0.348441397,0.002750152,0.000893858,1.800000000,1.800000000,3.000000000,0.000000000
568.458672460,-221.256248664,1.998356327,0.346370190,0.003189566,0.000878827,1.800000000,1.800000000,3.000000000,0.000000000
568.958672361,-220.756251306,1.999951107,0.344334658,0.003618901,0.000858670,1.800000000,1.800000000,3.000000000,0.000000000
569.458672266,-220.256254675,2.001760553,0.342348375,0.004043895,0.000849990,1.800000000,1.800000000,3.000000000,0.000000000
569.958672174,-219.756258855,2.003782495,0.340427924,0.004460029,0.000832267,1.800000000,1.800000000,3.000000000,0.000000000
570.458672085,-219.256263917,2.006012502,0.338582341,0.004866969,0.000813880,1.800000000,1.800000000,3.000000000,0.000000000
570.958671997,-218.756269927,2.008445976,0.336786533,0.005267267,0.000800596,1.800000000,1.800000000,3.000000000,0.000000000
571.458671915,-218.256276945,2.011079597,0.335046278,0.005660533,0.000786532,1.800000000,1.800000000,3.000000000,0.000000000
571.958671837,-217.756285034,2.013909848,0.333365618,0.006044939,0.000768813,1.800000000,1.800000000,3.000000000,0.000000000
572.458671761,-217.256294244,2.016932298,0.331753559,0.006420873,0.000751868,1.800000000,1.800000000,3.000000000,0.000000000
572.958671688,-216.756304624,2.020142712,0.330203681,0.006791443,0.000741140,1.800000000,1.800000000,3.000000000,0.000000000
573.458671616,-216.256316227,2.023538407,0.328723760,0.007153931,0.000724978,1.800000000,1.800000000,3.000000000,0.000000000
573.958671550,-215.756329088,2.027115342,0.327340408,0.007508306,0.000708750,1.800000000,1.800000000,3.000000000,0.000000000
574.458671486,-215.256343246,2.030869459,0.326030450,0.007855877,0.000695141,1.800000000,1.800000000,3.000000000,0.000000000
574.958671425,-214.756358736,2.034797357,0.324796005,0.008195422,0.000679089,1.800000000,1.800000000,3.000000000,0.000000000
575.458671366,-214.256375585,2.038895021,0.323589159,0.008526650,0.000662457,1.800000000,1.800000000,3.000000000,0.000000000
575.958671309,-213.756393819,2.043158294,0.322432499,0.008851738,0.000650176,1.800000000,1.800000000,3.000000000,0.000000000
576.458671255,-213.256413460,2.047584104,0.321348554,0.009169118,0.000634761,1.800000000,1.800000000,3.000000000,0.000000000
576.958671205,-212.756434529,2.052168599,0.320320908,0.009477766,0.000617297,1.800000000,1.800000000,3.000000000,0.000000000
577.458671156,-212.256457034,2.056907411,0.319358363,0.009780604,0.000605675,1.800000000,1.800000000,3.000000000,0.000000000
577.958671110,-211.756480995,2.061797634,0.318466137,0.010073447,0.000585686,1.800000000,1.800000000,3.000000000,0.000000000
578.458671065,-211.256506408,2.066834272,0.317595944,0.010360753,0.000574612,1.800000000,1.800000000,3.000000000,0.000000000
578.958671023,-210.756533286,2.072014555,0.316784985,0.010639877,0.000558249,1.800000000,1.800000000,3.000000000,0.000000000
579.458670984,-210.256561627,2.077334393,0.316020254,0.010911336,0.000542917,1.800000000,1.800000000,3.000000000,0.000000000
579.958670947,-209.756591429,2.082789953,0.315284589,0.011175413,0.000528155,1.800000000,1.800000000,3.000000000,0.000000000
580.458670911,-209.256622687,2.088377543,0.314581896,0.011432359,0.000513890,1.800000000,1.800000000,3.000000000,0.000000000
580.958670877,-208.756655395,2.094093597,0.313943282,0.011682261,0.000499805,1.800000000,1.800000000,3.000000000,0.000000000
581.458670845,-208.256689545,2.099934594,0.313328724,0.011923784,0.000483046,1.800000000,1.800000000,3.000000000,0.000000000
581.958670815,-207.756725118,2.105896345,0.312773720,0.012158139,0.000468710,1.800000000,1.800000000,3.000000000,0.000000000
582.458670788,-207.256762101,2.111975265,0.312260595,0.012384974,0.000453670,1.800000000,1.800000000,3.000000000,0.000000000
582.958670762,-206.756800473,2.118167593,0.311796233,0.012604342,0.000438735,1.800000000,1.800000000,3.000000000,0.000000000
583.458670737,-206.256840215,2.124469597,0.311368921,0.012816531,0.000424379,1.800000000,1.800000000,3.000000000,0.000000000
583.958670714,-205.756881303,2.130877687,0.310981082,0.013021547,0.000410031,1.800000000,1.800000000,3.000000000,0.000000000
584.458670693,-205.256923714,2.137388276,0.310619620,0.013218936,0.000394778,1.800000000,1.800000000,3.000000000,0.000000000
584.958670673,-204.756967418,2.143997551,0.310259457,0.013408260,0.000378648,1.800000000,1.800000000,3.000000000,0.000000000
585.458670655,-204.257012381,2.150701480,0.309938279,0.013592246,0.000367972,1.800000000,1.800000000,3.000000000,0.000000000
585.958670638,-203.757058584,2.157497393,0.309697785,0.013766335,0.000348179,1.800000000,1.800000000,3.000000000,0.000000000
586.458670623,-203.257105977,2.164380343,0.309442230,0.013934434,0.000336198,1.800000000,1.800000000,3.000000000,0.000000000
586.958670608,-202.757154532,2.171347335,0.309241333,0.014095099,0.000321329,1.800000000,1.800000000,3.000000000,0.000000000
587.458670596,-202.257204212,2.178394651,0.309064048,0.014248120,0.000306043,1.800000000,1.800000000,3.000000000,0.000000000
587.958670584,-201.757254975,2.185518469,0.308939214,0.014393554,0.000290867,1.800000000,1.800000000,3.000000000,0.000000000
588.458670573,-201.257306779,2.192714998,0.308827949,0.014532572,0.000278036,1.800000000,1.800000000,3.000000000,0.000000000
588.958670563,-200.757359586,2.199981028,0.308755797,0.014663825,0.000262506,1.800000000,1.800000000,3.000000000,0.000000000
589.458670555,-200.257413351,2.207312677,0.308684134,0.014788155,0.000248660,1.800000000,1.800000000,3.000000000,0.000000000
589.958670547,-199.757468030,2.214706485,0.308646715,0.014904977,0.000233644,1.800000000,1.800000000,3.000000000,0.000000000
590.458670541,-199.257523575,2.222158697,0.308631857,0.015014327,0.000218701,1.800000000,1.800000000,3.000000000,0.000000000
590.958670535,-198.757579938,2.229665579,0.308600870,0.015117216,0.000205777,1.800000000,1.800000000,3.000000000,0.000000000
591.458670529,-198.257637074,2.237223899,0.308621013,0.015212484,0.000190536,1.800000000,1.800000000,3.000000000,0.000000000
591.958670525,-197.757694933,2.244829847,0.308631231,0.015301175,0.000177381,1.800000000,1.800000000,3.000000000,0.000000000
592.458670521,-197.257753467,2.252480136,0.308691523,0.015382732,0.000163115,1.800000000,1.800000000,3.000000000,0.000000000
592.958670518,-196.757812626,2.260171199,0.308738331,0.015456462,0.000147460,1.800000000,1.800000000,3.000000000,0.000000000
593.458670515,-196.257872353,2.267899122,0.308772910,0.015524373,0.000135823,1.800000000,1.800000000,3.000000000,0.000000000
593.958670513,-195.757932605,2.275660997,0.308830299,0.015584701,0.000120655,1.800000000,1.800000000,3.000000000,0.000000000
594.458670511,-195.257993327,2.283453032,0.308889328,0.015638425,0.000107448,1.800000000,1.800000000,3.000000000,0.000000000
594.958670510,-194.758054467,2.291271926,0.308963434,0.015685137,0.000093423,1.800000000,1.800000000,3.000000000,0.000000000
595.458670509,-194.258115972,2.299114172,0.309033040,0.015725203,0.000080132,1.800000000,1.800000000,3.000000000,0.000000000
595.958670508,-193.758177792,2.306976450,0.309104705,0.015758738,0.000067071,1.800000000,1.800000000,3.000000000,0.000000000
596.458670508,-193.258239876,2.314855493,0.309158110,0.015785491,0.000053506,1.800000000,1.800000000,3.000000000,0.000000000
596.958670508,-192.758302170,2.322747911,0.309224828,0.015805838,0.000040692,1.800000000,1.800000000,3.000000000,0.000000000
597.458670507,-192.258364625,2.330650500,0.309278163,0.015819713,0.000027751,1.800000000,1.800000000,3.000000000,0.000000000
597.958670507,-191.758427190,2.338560027,0.309331621,0.015827164,0.000014903,1.800000000,1.800000000,3.000000000,0.000000000
598.458670507,-191.258489813,2.346473279,0.309376218,0.015828427,0.000002526,1.800000000,1.800000000,3.000000000,0.000000000
598.958670507,-190.758552447,2.354387162,0.309420926,0.015823348,-0.000010158,1.800000000,1.800000000,3.000000000,0.000000000
599.458670507,-190.258615040,2.362298506,0.309462791,0.015812336,-0.000022024,1.800000000,1.800000000,3.000000000,0.000000000
599.958670507,-189.758677547,2.370204345,0.309490496,0.015795195,-0.000034282,1.800000000,1.800000000,3.000000000,0.000000000
600.458670507,-189.258739918,2.378101614,0.309519648,0.015772221,-0.000045949,1.800000000,1.800000000,3.000000000,0.000000000
600.958670507,-188.758802107,2.385987397,0.309523353,0.015743522,-0.000057397,1.800000000,1.800000000,3.000000000,0.000000000
601.458670506,-188.258864071,2.393858833,0.309510588,0.015708929,-0.000069186,1.800000000,1.800000000,3.000000000,0.000000000
601.958670505,-187.758925763,2.401712975,0.309504033,0.015668868,-0.000080123,1.800000000,1.800000000,3.000000000,0.000000000
602.458670504,-187.258987141,2.409547088,0.309484687,0.015623224,-0.000091287,1.800000000,1.800000000,3.000000000,0.000000000
602.958670503,-186.759048163,2.417358382,0.309465884,0.015572332,-0.000101785,1.800000000,1.800000000,3.000000000,0.000000000
603.458670502,-186.259108787,2.425144234,0.309464007,0.015516022,-0.000112621,1.800000000,1.800000000,3.000000000,0.000000000
603.958670500,-185.759168975,2.432901933,0.309462266,0.015454478,-0.000123087,1.800000000,1.800000000,3.000000000,0.000000000
604.458670498,-185.259228686,2.440628864,0.309465541,0.015387999,-0.000132957,1.800000000,1.800000000,3.000000000,0.000000000
604.958670495,-184.759287885,2.448322560,0.309443940,0.015316843,-0.000142313,1.800000000,1.800000000,3.000000000,0.000000000
605.458670492,-184.259346538,2.455980682,0.309433206,0.015240114,-0.000153458,1.800000000,1.800000000,3.000000000,0.000000000
605.958670489,-183.759404605,2.463600445,0.309469764,0.015159470,-0.000161289,1.800000000,1.800000000,3.000000000,0.000000000
606.458670485,-183.259462060,2.471179889,0.309488830,0.015073889,-0.000171161,1.800000000,1.800000000,3.000000000,0.000000000
606.958670481,-182.759518869,2.478716548,0.309486110,0.014983712,-0.000180355,1.800000000,1.800000000,3.000000000,0.000000000
607.458670477,-182.259575000,2.486208124,0.309514071,0.014888874,-0.000189675,1.800000000,1.800000000,3.000000000,0.000000000
607.958670472,-181.759630424,2.493652286,0.309512064,0.014790801,-0.000196147,1.800000000,1.800000000,3.000000000,0.000000000
608.458670466,-181.259685120,2.501047417,0.309520226,0.014687189,-0.000207224,1.800000000,1.800000000,3.000000000,0.000000000
608.958670461,-180.759739053,2.508390747,0.309527300,0.014580068,-0.000214242,1.800000000,1.800000000,3.000000000,0.000000000
609.458670454,-180.259792203,2.515680523,0.309518221,0.014469089,-0.000221958,1.800000000,1.800000000,3.000000000,0.000000000
609.958670448,-179.759844548,2.522914814,0.309535275,0.014354684,-0.000228809,1.800000000,1.800000000,3.000000000,0.000000000
610.458670440,-179.259896068,2.530091910,0.309579581,0.014234310,-0.000240748,1.800000000,1.800000000,3.000000000,0.000000000
610.958670433,-178.759946729,2.537208825,0.309546678,0.014112330,-0.000243961,1.800000000,1.800000000,3.000000000,0.000000000
611.458670425,-178.259996526,2.544264755,0.309538342,0.013986192,-0.000252276,1.800000000,1.800000000,3.000000000,0.000000000
611.958670416,-177.760045437,2.551257623,0.309541177,0.013856182,-0.000260019,1.800000000,1.800000000,3.000000000,0.000000000
612.458670407,-177.260093444,2.558185492,0.309540191,0.013722566,-0.000267233,1.800000000,1.800000000,3.000000000,0.000000000
612.958670397,-176.760140530,2.565046560,0.309537840,0.013586359,-0.000272413,1.800000000,1.800000000,3.000000000,0.000000000
613.458670387,-176.260186687,2.571839530,0.309537702,0.013445864,-0.000280990,1.800000000,1.800000000,3.000000000,0.000000000
613.958670376,-175.760231895,2.578562260,0.309536965,0.013301681,-0.000288366,1.800000000,1.800000000,3.000000000,0.000000000
614.458670365,-175.260276139,2.585212904,0.309553225,0.013154594,-0.000294173,1.800000000,1.800000000,3.000000000,0.000000000
614.958670353,-174.760319411,2.591790011,0.309535427,0.013003709,-0.000301771,1.800000000,1.800000000,3.000000000,0.000000000
615.458670341,-174.260361696,2.598291682,0.309504196,0.012851177,-0.000305064,1.800000000,1.800000000,3.000000000,0.000000000
615.958670329,-173.760402997,2.604717094,0.309486657,0.012693531,-0.000315293,1.800000000,1.800000000,3.000000000,0.000000000
616.458670315,-173.260443291,2.611063689,0.309476670,0.012533697,-0.000319668,1.800000000,1.800000000,3.000000000,0.000000000
616.958670301,-172.760482578,2.617330373,0.309455271,0.012370666,-0.000326061,1.800000000,1.800000000,3.000000000,0.000000000
617.458670287,-172.260520850,2.623515548,0.309444002,0.012204509,-0.000332315,1.800000000,1.800000000,3.000000000,0.000000000
617.958670272,-171.760558102,2.629617651,0.309443032,0.012034634,-0.000339749,1.800000000,1.800000000,3.000000000,0.000000000
618.458670257,-171.260594325,2.635634822,0.309446137,0.011863113,-0.000343042,1.800000000,1.800000000,3.000000000,0.000000000
618.958670241,-170.760629523,2.641566240,0.309442122,0.011687734,-0.000350758,1.800000000,1.800000000,3.000000000,0.000000000
619.458670225,-170.260663690,2.647409973,0.309428858,0.011508495,-0.000358478,1.800000000,1.800000000,3.000000000,0.000000000
619.958670207,-169.760696819,2.653164094,0.309430203,0.011327804,-0.000361382,1.800000000,1.800000000,3.000000000,0.000000000
620.458670190,-169.260728916,2.658827875,0.309431085,0.011142254,-0.000371100,1.800000000,1.800000000,3.000000000,0.000000000
620.958670171,-168.760759971,2.664398886,0.309452295,0.010954992,-0.000374526,1.800000000,1.800000000,3.000000000,0.000000000
621.458670153,-168.260789992,2.669876272,0.309459029,0.010763968,-0.000382047,1.800000000,1.800000000,3.000000000,0.000000000
621.958670133,-167.760818977,2.675258152,0.309499359,0.010569960,-0.000388016,1.800000000,1.800000000,3.000000000,0.000000000
622.458670113,-167.260846928,2.680543034,0.309497547,0.010373176,-0.000393569,1.800000000,1.800000000,3.000000000,0.000000000
622.958670092,-166.760873849,2.685729528,0.309509357,0.010174180,-0.000397991,1.800000000,1.800000000,3.000000000,0.000000000
623.458670071,-166.260899749,2.690816530,0.309529683,0.009969856,-0.000408648,1.800000000,1.800000000,3.000000000,0.000000000
623.958670049,-165.760924620,2.695801376,0.309553249,0.009763733,-0.000412246,1.800000000,1.800000000,3.000000000,0.000000000
624.458670026,-165.260948475,2.700683164,0.309534820,0.009554800,-0.000417866,1.800000000,1.800000000,3.000000000,0.000000000
624.958670003,-164.760971323,2.705460491,0.309547424,0.009343072,-0.000423455,1.800000000,1.800000000,3.000000000,0.000000000
625.458669979,-164.260993169,2.710131959,0.309560446,0.009127722,-0.000430700,1.800000000,1.800000000,3.000000000,0.000000000
625.958669954,-163.761014023,2.714695757,0.309547831,0.008909618,-0.000436209,1.800000000,1.800000000,3.000000000,0.000000000
626.458669929,-163.261033893,2.719150506,0.309537342,0.008688465,-0.000442305,1.800000000,1.800000000,3.000000000,0.000000000
626.958669903,-162.761052792,2.723494684,0.309553657,0.008464152,-0.000448627,1.800000000,1.800000000,3.000000000,0.000000000
627.458669876,-162.261070729,2.727726709,0.309557969,0.008236005,-0.000456295,1.800000000,1.800000000,3.000000000,0.000000000
627.958669848,-161.761087714,2.731844665,0.309532068,0.008006620,-0.000458769,1.800000000,1.800000000,3.000000000,0.000000000
628.458669820,-161.261103769,2.735847932,0.309517569,0.007773292,-0.000466656,1.800000000,1.800000000,3.000000000,0.000000000
628.958669791,-160.761118903,2.739734538,0.309494881,0.007537088,-0.000472407,1.800000000,1.800000000,3.000000000,0.000000000
629.458669762,-160.261133135,2.743503047,0.309478589,0.007298666,-0.000476844,1.800000000,1.800000000,3.000000000,0.000000000
629.958669731,-159.761146484,2.747152347,0.309470925,0.007056644,-0.000484044,1.800000000,1.800000000,3.000000000,0.000000000
630.458669700,-159.261158964,2.750680640,0.309477029,0.006811455,-0.000490379,1.800000000,1.800000000,3.000000000,0.000000000
630.958669668,-158.761170594,2.754086341,0.309464497,0.006565199,-0.000492512,1.800000000,1.800000000,3.000000000,0.000000000
631.458669636,-158.261181402,2.757368917,0.309454159,0.006315129,-0.000500141,1.800000000,1.800000000,3.000000000,0.000000000
631.958669602,-157.761191406,2.760526460,0.309444698,0.006061235,-0.000507788,1.800000000,1.800000000,3.000000000,0.000000000
632.458669568,-157.261200625,2.763557059,0.309455244,0.005808337,-0.000505795,1.800000000,1.800000000,3.000000000,0.000000000
632.958669533,-156.761209094,2.766461211,0.309437018,0.005550788,-0.000515099,1.800000000,1.800000000,3.000000000,0.000000000
633.458669498,-156.261216831,2.769236590,0.309433817,0.005289908,-0.000521760,1.800000000,1.800000000,3.000000000,0.000000000
633.958669463,-155.761223862,2.771881532,0.309449648,0.005027776,-0.000524264,1.800000000,1.800000000,3.000000000,0.000000000
634.458669426,-155.261230219,2.774395409,0.309466290,0.004765358,-0.000524836,1.800000000,1.800000000,3.000000000,0.000000000
634.958669389,-154.761235933,2.776778079,0.309454770,0.004497843,-0.000535030,1.800000000,1.800000000,3.000000000,0.000000000
635.458669351,-154.261241028,2.779026992,0.309482363,0.004229883,-0.000535919,1.800000000,1.800000000,3.000000000,0.000000000
635.958669314,-153.761245539,2.781141928,0.309532397,0.003962405,-0.000534956,1.800000000,1.800000000,3.000000000,0.000000000
636.458669276,-153.261249502,2.783123125,0.309559252,0.003692420,-0.000539971,1.800000000,1.800000000,3.000000000,0.000000000
636.958669237,-152.761252949,2.784969331,0.309576556,0.003419617,-0.000545606,1.800000000,1.800000000,3.000000000,0.000000000
637.458669198,-152.261255912,2.786679135,0.309566591,0.003148513,-0.000542207,1.800000000,1.800000000,3.000000000,0.000000000
637.958669159,-151.761258429,2.788253389,0.309574360,0.002876131,-0.000544763,1.800000000,1.800000000,3.000000000,0.000000000
638.458669120,-151.261260536,2.789691453,0.309568655,0.002602306,-0.000547651,1.800000000,1.800000000,3.000000000,0.000000000
638.958669081,-150.761262268,2.790992604,0.309572692,0.002329951,-0.000544710,1.800000000,1.800000000,3.000000000,0.000000000
639.458669042,-150.261263664,2.792157579,0.309575196,0.002056895,-0.000546113,1.800000000,1.800000000,3.000000000,0.000000000
639.958669002,-149.761264762,2.793186025,0.309576859,0.001784600,-0.000544590,1.800000000,1.800000000,3.000000000,0.000000000
640.458668964,-149.261265597,2.794078324,0.309580446,0.001513015,-0.000543170,1.800000000,1.800000000,3.000000000,0.000000000
640.958668925,-148.761266207,2.794834831,0.309575123,0.001243355,-0.000539319,1.800000000,1.800000000,3.000000000,0.000000000
641.458668888,-148.261266631,2.795456509,0.309572348,0.000974855,-0.000537000,1.800000000,1.800000000,3.000000000,0.000000000
641.958668850,-147.761266906,2.795943936,0.309551878,0.000709140,-0.000531431,1.800000000,1.800000000,3.000000000,0.000000000
642.458668813,-147.261267069,2.796298506,0.309558817,0.000445653,-0.000526973,1.800000000,1.800000000,3.000000000,0.000000000
642.958668777,-146.761267155,2.796521333,0.309538985,0.000184813,-0.000521681,1.800000000,1.800000000,3.000000000,0.000000000
643.458668742,-146.261267198,2.796613739,0.309513552,-0.000071946,-0.000513517,1.800000000,1.800000000,3.000000000,0.000000000
643.958668708,-145.761267234,2.796577766,0.309490441,-0.000325423,-0.000506954,1.800000000,1.800000000,3.000000000,0.000000000
644.458668675,-145.261267293,2.796415054,0.309465906,-0.000574467,-0.000498088,1.800000000,1.800000000,3.000000000,0.000000000
644.958668642,-144.761267408,2.796127821,0.309480326,-0.000818944,-0.000488953,1.800000000,1.800000000,3.000000000,0.000000000
645.458668612,-144.261267607,2.795718349,0.309458843,-0.001058361,-0.000478834,1.800000000,1.800000000,3.000000000,0.000000000
645.958668582,-143.761267916,2.795189169,0.309445311,-0.001291730,-0.000466739,1.800000000,1.800000000,3.000000000,0.000000000
646.458668555,-143.261268361,2.794543304,0.309428748,-0.001519460,-0.000455460,1.800000000,1.800000000,3.000000000,0.000000000
646.958668528,-142.761268965,2.793783574,0.309442782,-0.001740794,-0.000442667,1.800000000,1.800000000,3.000000000,0.000000000
647.458668503,-142.261269748,2.792913178,0.309429437,-0.001954949,-0.000428312,1.800000000,1.800000000,3.000000000,0.000000000
647.958668479,-141.761270726,2.791935704,0.309447672,-0.002161228,-0.000412557,1.800000000,1.800000000,3.000000000,0.000000000
648.458668458,-141.261271916,2.790855091,0.309458198,-0.002361054,-0.000399652,1.800000000,1.800000000,3.000000000,0.000000000
648.958668438,-140.761273329,2.789674565,0.309470041,-0.002552130,-0.000382152,1.800000000,1.800000000,3.000000000,0.000000000
649.458668419,-140.261274976,2.788398502,0.309492110,-0.002733381,-0.000362502,1.800000000,1.800000000,3.000000000,0.000000000
649.958668402,-139.761276861,2.787031813,0.309502837,-0.002907925,-0.000349089,1.800000000,1.800000000,3.000000000,0.000000000
650.458668387,-139.261278990,2.785577853,0.309499199,-0.003072201,-0.000328553,1.800000000,1.800000000,3.000000000,0.000000000
650.958668374,-138.761281363,2.784041755,0.309530817,-0.003227560,-0.000310718,1.800000000,1.800000000,3.000000000,0.000000000
651.458668362,-138.261283979,2.782427977,0.309553819,-0.003372164,-0.000289208,1.800000000,1.800000000,3.000000000,0.000000000
651.958668352,-137.761286832,2.780741898,0.309570954,-0.003508012,-0.000271695,1.800000000,1.800000000,3.000000000,0.000000000
652.458668343,-137.261289918,2.778987896,0.309557122,-0.003632964,-0.000249904,1.800000000,1.800000000,3.000000000,0.000000000
652.958668335,-136.761293225,2.777171418,0.309579761,-0.003747725,-0.000229522,1.800000000,1.800000000,3.000000000,0.000000000
653.458668329,-136.261296743,2.775297560,0.309592938,-0.003851731,-0.000208013,1.800000000,1.800000000,3.000000000,0.000000000
653.958668324,-135.761300457,2.773371699,0.309617918,-0.003945528,-0.000187594,1.800000000,1.800000000,3.000000000,0.000000000
654.458668320,-135.261304352,2.771398941,0.309612574,-0.004028258,-0.000165461,1.800000000,1.800000000,3.000000000,0.000000000
654.958668317,-134.761308413,2.769384817,0.309604730,-0.004101133,-0.000145749,1.800000000,1.800000000,3.000000000,0.000000000
655.458668314,-134.261312620,2.767334256,0.309601111,-0.004163291,-0.000124316,1.800000000,1.800000000,3.000000000,0.000000000
655.958668312,-133.761316955,2.765252617,0.309585263,-0.004215175,-0.000103769,1.800000000,1.800000000,3.000000000,0.000000000
656.458668311,-133.261321398,2.763145035,0.309541132,-0.004256759,-0.000083168,1.800000000,1.800000000,3.000000000,0.000000000
656.958668311,-132.761325928,2.761016662,0.309508691,-0.004287884,-0.000062250,1.800000000,1.800000000,3.000000000,0.000000000
657.458668310,-132.261330525,2.758872727,0.309514278,-0.004310141,-0.000044513,1.800000000,1.800000000,3.000000000,0.000000000
657.958668310,-131.761335170,2.756717663,0.309472342,-0.004322202,-0.000024123,1.800000000,1.800000000,3.000000000,0.000000000
658.458668310,-131.261339840,2.754556568,0.309427097,-0.004325234,-0.000006063,1.800000000,1.800000000,3.000000000,0.000000000
658.958668310,-130.761344517,2.752393958,0.309407957,-0.004318854,0.000012759,1.800000000,1.800000000,3.000000000,0.000000000
659.458668310,-130.261349180,2.750234538,0.309383950,-0.004303595,0.000030518,1.800000000,1.800000000,3.000000000,0.000000000
659.958668310,-129.761353811,2.748082747,0.309405780,-0.004280534,0.000046123,1.800000000,1.800000000,3.000000000,0.000000000
660.458668309,-129.261358392,2.745942486,0.309409401,-0.004249000,0.000063068,1.800000000,1.800000000,3.000000000,0.000000000
660.958668309,-128.761362906,2.743817993,0.309429844,-0.004209857,0.000078286,1.800000000,1.800000000,3.000000000,0.000000000
661.458668308,-128.261367338,2.741713071,0.309431200,-0.004163048,0.000093617,1.800000000,1.800000000,3.000000000,0.000000000
661.958668306,-127.761371672,2.739631553,0.309446169,-0.004109632,0.000106833,1.800000000,1.800000000,3.000000000,0.000000000
662.458668304,-127.261375896,2.737576743,0.309435474,-0.004049571,0.000120121,1.800000000,1.800000000,3.000000000,0.000000000
662.958668302,-126.761379998,2.735551963,0.309437035,-0.003982966,0.000133209,1.800000000,1.800000000,3.000000000,0.000000000
663.458668300,-126.261383966,2.733560485,0.309444645,-0.003910812,0.000144309,1.800000000,1.800000000,3.000000000,0.000000000
663.958668297,-125.761387793,2.731605084,0.309455121,-0.003833277,0.000155071,1.800000000,1.800000000,3.000000000,0.000000000
664.458668293,-125.261391470,2.729688450,0.309481459,-0.003750674,0.000165206,1.800000000,1.800000000,3.000000000,0.000000000
664.958668290,-124.761394990,2.727813118,0.309494477,-0.003663286,0.000174776,1.800000000,1.800000000,3.000000000,0.000000000
665.458668285,-124.261398350,2.725981479,0.309518655,-0.003572105,0.000182363,1.800000000,1.800000000,3.000000000,0.000000000
665.958668281,-123.761401544,2.724195430,0.309525324,-0.003476815,0.000190580,1.800000000,1.800000000,3.000000000,0.000000000
666.458668276,-123.261404571,2.722457027,0.309563993,-0.003378462,0.000196706,1.800000000,1.800000000,3.000000000,0.000000000
666.958668271,-122.761407430,2.720767799,0.309584460,-0.003275873,0.000205178,1.800000000,1.800000000,3.000000000,0.000000000
667.458668265,-122.261410118,2.719129865,0.309548338,-0.003172064,0.000207619,1.800000000,1.800000000,3.000000000,0.000000000
667.958668259,-121.761412640,2.717543836,0.309572671,-0.003064660,0.000214807,1.800000000,1.800000000,3.000000000,0.000000000
668.458668253,-121.261414994,2.716011509,0.309569202,-0.002955705,0.000217909,1.800000000,1.800000000,3.000000000,0.000000000
668.958668247,-120.761417184,2.714533658,0.309568606,-0.002844633,0.000222145,1.800000000,1.800000000,3.000000000,0.000000000
669.458668240,-120.261419214,2.713111344,0.309561749,-0.002732537,0.000224192,1.800000000,1.800000000,3.000000000,0.000000000
669.958668233,-119.761421087,2.711745077,0.309585015,-0.002617300,0.000230473,1.800000000,1.800000000,3.000000000,0.000000000
670.458668226,-119.261422807,2.710436428,0.309579944,-0.002501964,0.000230673,1.800000000,1.800000000,3.000000000,0.000000000
670.958668219,-118.761424379,2.709185447,0.309602317,-0.002384321,0.000235287,1.800000000,1.800000000,3.000000000,0.000000000
671.458668212,-118.261425808,2.707993288,0.309599475,-0.002265712,0.000237218,1.800000000,1.800000000,3.000000000,0.000000000
671.958668204,-117.761427098,2.706860433,0.309588676,-0.002144370,0.000242683,1.800000000,1.800000000,3.000000000,0.000000000
672.458668197,-117.261428256,2.705788249,0.309577856,-0.002023675,0.000241391,1.800000000,1.800000000,3.000000000,0.000000000
672.958668189,-116.761429287,2.704776413,0.309555372,-0.001899354,0.000248641,1.800000000,1.800000000,3.000000000,0.000000000
673.458668181,-116.261430197,2.703826736,0.309536047,-0.001773985,0.000250737,1.800000000,1.800000000,3.000000000,0.000000000
673.958668172,-115.761430993,2.702939744,0.309512205,-0.001645867,0.000256236,1.800000000,1.800000000,3.000000000,0.000000000
674.458668163,-115.261431679,2.702116811,0.309481863,-0.001516546,0.000258643,1.800000000,1.800000000,3.000000000,0.000000000
674.958668154,-114.761432263,2.701358538,0.309469243,-0.001381814,0.000269463,1.800000000,1.800000000,3.000000000,0.000000000
675.458668145,-114.261432750,2.700667631,0.309455388,-0.001245126,0.000273377,1.800000000,1.800000000,3.000000000,0.000000000
675.958668134,-113.761433147,2.700045069,0.309426246,-0.001102801,0.000284649,1.800000000,1.800000000,3.000000000,0.000000000
676.458668124,-113.261433462,2.699493668,0.309394189,-0.000956409,0.000292784,1.800000000,1.800000000,3.000000000,0.000000000
676.958668112,-112.761433703,2.699015464,0.309387854,-0.000801678,0.000309461,1.800000000,1.800000000,3.000000000,0.000000000
677.458668099,-112.261433876,2.698614625,0.309430948,-0.000643468,0.000316421,1.800000000,1.800000000,3.000000000,0.000000000
677.958668085,-111.761433994,2.698292891,0.309426381,-0.000475498,0.000335940,1.800000000,1.800000000,3.000000000,0.000000000
678.458668070,-111.261434066,2.698055142,0.309437376,-0.000299058,0.000352879,1.800000000,1.800000000,3.000000000,0.000000000
678.958668052,-110.761434105,2.697905613,0.309458244,-0.000111911,0.000374295,1.800000000,1.800000000,3.000000000,0.000000000
679.458668033,-110.261434128,2.697849658,0.309487975,0.000087490,0.000398802,1.800000000,1.800000000,3.000000000,0.000000000
679.958668010,-109.761434153,2.697893403,0.309474992,0.000299655,0.000424329,1.800000000,1.800000000,3.000000000,0.000000000
680.458667985,-109.261434200,2.698043230,0.309516700,0.000528332,0.000457354,1.800000000,1.800000000,3.000000000,0.000000000
680.958667956,-108.761434299,2.698307396,0.309527752,0.000773428,0.000490191,1.800000000,1.800000000,3.000000000,0.000000000
681.458667922,-108.261434483,2.698694110,0.309555448,0.001036586,0.000526317,1.800000000,1.800000000,3.000000000,0.000000000
681.958667883,-107.761434790,2.699212403,0.309557174,0.001320117,0.000567063,1.800000000,1.800000000,3.000000000,0.000000000
682.458667836,-107.261435273,2.699872461,0.309528913,0.001624631,0.000609027,1.800000000,1.800000000,3.000000000,0.000000000
682.958667784,-106.761435985,2.700684776,0.309519566,0.001954562,0.000659862,1.800000000,1.800000000,3.000000000,0.000000000
683.458667722,-106.261437001,2.701662056,0.309535821,0.002309432,0.000709740,1.800000000,1.800000000,3.000000000,0.000000000
683.958667650,-105.761438407,2.702816771,0.309541519,0.002691226,0.000763589,1.800000000,1.800000000,3.000000000,0.000000000
684.458667568,-105.261440300,2.704162382,0.309536104,0.003107054,0.000831657,1.800000000,1.800000000,3.000000000,0.000000000
684.958667468,-104.761442813,2.705715906,0.309531740,0.003546157,0.000878205,1.800000000,1.800000000,3.000000000,0.000000000
685.458667359,-104.261446066,2.707488980,0.309514505,0.004018626,0.000944939,1.800000000,1.800000000,3.000000000,0.000000000
685.958667234,-103.761450229,2.709498287,0.309492482,0.004529116,0.001020980,1.800000000,1.800000000,3.000000000,0.000000000
686.458667087,-103.261455503,2.711762837,0.309486826,0.005070152,0.001082071,1.800000000,1.800000000,3.000000000,0.000000000
686.958666924,-102.761462093,2.714297901,0.309462916,0.005643531,0.001146758,1.800000000,1.800000000,3.000000000,0.000000000
687.458666733,-102.261470246,2.717119651,0.309467863,0.006258988,0.001230915,1.800000000,1.800000000,3.000000000,0.000000000
687.958666526,-101.761480247,2.720249123,0.309464226,0.006899742,0.001281508,1.800000000,1.800000000,3.000000000,0.000000000
688.458666302,-101.261492373,2.723698965,0.309443657,0.007567778,0.001336074,1.800000000,1.800000000,3.000000000,0.000000000
688.958666055,-100.761506937,2.727482816,0.309432330,0.008251664,0.001367771,1.800000000,1.800000000,3.000000000,0.000000000
689.458665804,-100.261524211,2.731608599,0.309438369,0.008951131,0.001398936,1.800000000,1.800000000,3.000000000,0.000000000
689.958665541,-99.761544505,2.736084103,0.309460691,0.009657578,0.001412893,1.800000000,1.800000000,3.000000000,0.000000000
690.458665277,-99.261568086,2.740912814,0.309449330,0.010381654,0.001448153,1.800000000,1.800000000,3.000000000,0.000000000
690.958665002,-98.761595305,2.746103545,0.309476357,0.011109648,0.001455990,1.800000000,1.800000000,3.000000000,0.000000000
691.458664710,-98.261626452,2.751658251,0.309455396,0.011856603,0.001493912,1.800000000,1.800000000,3.000000000,0.000000000
691.958664412,-97.761661895,2.757586411,0.309471326,0.012640459,0.001567713,1.800000000,1.800000000,3.000000000,0.000000000
692.458664076,-97.261702176,2.763906468,0.309475875,0.013473450,0.001665981,1.800000000,1.800000000,3.000000000,0.000000000
692.958663697,-96.761747937,2.770642984,0.309486246,0.014377844,0.001808791,1.800000000,1.800000000,3.000000000,0.000000000
693.458663228,-96.261800086,2.777831651,0.309504639,0.015368706,0.001981726,1.800000000,1.800000000,3.000000000,0.000000000
693.958662648,-95.761859715,2.785515693,0.309527519,0.016442122,0.002146835,1.800000000,1.800000000,3.000000000,0.000000000
694.458661985,-95.261927961,2.793736373,0.309571101,0.017603640,0.002323039,1.800000000,1.800000000,3.000000000,0.000000000
694.958661211,-94.762006205,2.802537725,0.309584037,0.018817639,0.002428001,1.800000000,1.800000000,2.815975497,-1.070283657
695.458660397,-94.262095542,2.811945974,0.309643688,0.020083246,0.002531218,1.800000000,1.800000000,2.535689343,-1.499999998
695.958659523,-93.762197247,2.821986904,0.309654437,0.021359648,0.002552809,1.800000000,1.800000000,2.220297968,-1.499999999
696.458658631,-93.262312193,2.832665897,0.309680786,0.021923404,0.001186854,1.800000000,1.800000000,1.851951873,-1.500000003
696.908659238,-92.812419725,2.842530652,0.309653653,0.023264918,0.002683031,1.800000000,1.800000000,1.442124793,-1.500000000
697.458657924,-92.262569877,2.855325172,0.309656508,0.024677671,0.004075787,1.800000000,1.800000000,0.655536315,-1.500000000
697.601900545,-92.119370871,2.858859708,0.309604675,0.024677671,0.000000000,1.800000000,1.800000000,0.000000000,-1.499999991
