s,x,y,z,yaw,curvature,left_offset,right_offset,target_velocity,target_acceleration
0.000000000,0.087506294,0.010224883,0.016363425,0.025977708,0.000000000,0.400000000,0.400000000,0.100000000,0.000000000
0.199683540,0.287122460,0.015411620,0.031815025,0.017851930,-0.040679995,0.400000000,0.400000000,0.412003437,0.400000000
0.399496373,0.486903455,0.018978475,0.054394837,0.029260121,0.057078336,0.400000000,0.400000000,0.500000000,0.200820856
0.599419383,0.686740888,0.024827412,0.077966004,0.042798803,0.067754844,0.400000000,0.400000000,0.500000000,0.000000000
0.799130642,0.886269267,0.033372205,0.104922042,0.072114065,0.146877510,0.400000000,0.400000000,0.500000000,0.000000000
0.998584812,1.085205036,0.047743193,0.114059473,0.102425861,0.151876496,0.400000000,0.400000000,0.500000000,0.000000000
1.198279116,1.283852754,0.068161309,0.125251300,0.128382058,0.129915399,0.400000000,0.400000000,0.500000000,0.000000000
1.398159749,1.482088437,0.093751963,0.136583622,0.139764671,0.056941427,0.400000000,0.400000000,0.500000000,0.000000000
1.598077724,1.680056973,0.121602553,0.140080174,0.141988673,0.011126595,0.400000000,0.400000000,0.500000000,0.000000000
1.797922892,1.877891005,0.149883053,0.151235256,0.133963942,-0.040154517,0.400000000,0.400000000,0.500000000,0.000000000
1.997769197,2.075946736,0.176575246,0.174788009,0.125156303,-0.044071019,0.400000000,0.400000000,0.500000000,0.000000000
2.197623677,2.274237988,0.201523044,0.222217103,0.124295633,-0.004305754,0.400000000,0.400000000,0.500000000,0.000000000
2.397545955,2.472617913,0.226308575,0.249906919,0.125761857,0.007333580,0.400000000,0.400000000,0.500000000,0.000000000
2.597489560,2.670982442,0.251387623,0.258355265,0.120432309,-0.026663113,0.400000000,0.400000000,0.500000000,0.000000000
2.797314914,2.869360419,0.275394920,0.270131060,0.127754245,0.036643154,0.400000000,0.400000000,0.500000000,0.000000000
2.997123262,3.067540434,0.300851905,0.287242192,0.130855246,0.015515481,0.400000000,0.400000000,0.500000000,0.000000000
3.197044682,3.265752658,0.326938077,0.318064481,0.126559109,-0.021490083,0.400000000,0.400000000,0.500000000,0.000000000
3.396948023,3.464057187,0.352170181,0.328046675,0.130831590,0.021370431,0.400000000,0.400000000,0.500000000,0.000000000
3.596894169,3.662294544,0.378254890,0.336773377,0.161579770,0.153789610,0.400000000,0.400000000,0.500000000,0.000000000
3.796805586,3.859601988,0.410416158,0.353613228,0.186757586,0.126177868,0.400000000,0.400000000,0.500000000,0.000000000
3.995968127,4.055301377,0.447395433,0.372423926,0.209846748,0.115827271,0.400000000,0.400000000,0.500000000,0.000000000
4.195479382,4.250435924,0.488955625,0.375724241,0.238330195,0.142577857,0.400000000,0.400000000,0.500000000,0.000000000
4.395504006,4.444806559,0.536177508,0.392603193,0.260577749,0.111288359,0.400000000,0.400000000,0.500000000,0.000000000
4.595289296,4.637847355,0.587649959,0.423661680,0.261891557,0.006573571,0.400000000,0.400000000,0.500000000,0.000000000
4.795228351,4.830968882,0.639415794,0.437905619,0.253976002,-0.039584212,0.400000000,0.400000000,0.500000000,0.000000000
4.995223181,5.024548095,0.689665373,0.443342751,0.258435450,0.022301507,0.400000000,0.400000000,0.500000000,0.000000000
5.195151465,5.217836963,0.740760700,0.456332868,0.264585086,0.030756544,0.400000000,0.400000000,0.500000000,0.000000000
5.395113739,5.410840767,0.793052597,0.470964568,0.261055168,-0.017659037,0.400000000,0.400000000,0.500000000,0.000000000
5.594937253,5.603893896,0.844627068,0.493711986,0.266844097,0.028965299,0.400000000,0.400000000,0.500000000,0.000000000
5.794827960,5.796710046,0.897335958,0.518636453,0.283360186,0.082613824,0.400000000,0.400000000,0.500000000,0.000000000
5.994771097,5.988679733,0.953236742,0.512597756,0.287055873,0.018488165,0.400000000,0.400000000,0.500000000,0.000000000
6.194617211,6.180348463,1.009819131,0.512934202,0.297848964,0.054019171,0.400000000,0.400000000,0.500000000,0.000000000
6.394371406,6.371307471,1.068439908,0.530275587,0.316694087,0.094317799,0.400000000,0.400000000,0.500000000,0.000000000
6.594220359,6.561217968,1.130678220,0.552572163,0.328657202,0.059865879,0.400000000,0.400000000,0.500000000,0.000000000
6.794032902,6.750335867,1.195172193,0.565837408,0.333954057,0.026498437,0.400000000,0.400000000,0.500000000,0.000000000
6.994006126,6.939261304,1.260719654,0.584873671,0.344346622,0.051991972,0.400000000,0.400000000,0.500000000,0.000000000
7.193806855,7.127332975,1.328168729,0.598647527,0.342940919,-0.007034223,0.400000000,0.400000000,0.500000000,0.000000000
7.393681612,7.315568991,1.395378258,0.611057969,0.343569925,0.003146449,0.400000000,0.400000000,0.500000000,0.000000000
7.593626532,7.503828757,1.462729809,0.623560284,0.345440389,0.009354273,0.400000000,0.400000000,0.500000000,0.000000000
7.793598076,7.691987268,1.530442390,0.638837212,0.350787563,0.026742950,0.400000000,0.400000000,0.500000000,0.000000000
7.993520140,7.879734551,1.599143111,0.649756120,0.353735213,0.014744520,0.400000000,0.400000000,0.500000000,0.000000000
8.193427894,8.067265090,1.668391990,0.670307125,0.354083733,0.001743188,0.400000000,0.400000000,0.500000000,0.000000000
8.393385237,8.254817996,1.737723417,0.677723861,0.348049011,-0.030181903,0.400000000,0.400000000,0.500000000,0.000000000
8.593317395,8.442762204,1.805913168,0.691118711,0.339344365,-0.043536241,0.400000000,0.400000000,0.500000000,0.000000000
8.793264438,8.631306889,1.872469324,0.708811530,0.331329845,-0.040087659,0.400000000,0.400000000,0.500000000,0.000000000
8.993166040,8.820335959,1.937497481,0.727526608,0.318604832,-0.063662060,0.400000000,0.400000000,0.500000000,0.000000000
9.193029303,9.010140776,2.000103032,0.739221515,0.309527740,-0.045406076,0.400000000,0.400000000,0.500000000,0.000000000
9.392983039,9.200592217,2.061010710,0.756859019,0.303168813,-0.031805027,0.400000000,0.400000000,0.500000000,0.000000000
9.592897972,9.391390078,2.120694514,0.772561945,0.299901536,-0.016341304,0.400000000,0.400000000,0.500000000,0.000000000
9.792862411,9.582429221,2.179769236,0.786421679,0.292051122,-0.039260237,0.400000000,0.400000000,0.500000000,0.000000000
9.992813752,9.773913691,2.237338646,0.806880605,0.287167208,-0.024424774,0.400000000,0.400000000,0.500000000,0.000000000
10.192776792,9.965688259,2.293975492,0.819261667,0.287393531,0.001131829,0.400000000,0.400000000,0.500000000,0.000000000
10.392738203,10.157448441,2.350655279,0.834461645,0.287725734,0.001661503,0.400000000,0.400000000,0.500000000,0.000000000
10.592659818,10.349151624,2.407387473,0.847043898,0.282044625,-0.028413924,0.400000000,0.400000000,0.500000000,0.000000000
10.792619763,10.541210829,2.463040338,0.864093096,0.292083953,0.050217709,0.400000000,0.400000000,0.500000000,0.000000000
10.992490339,10.732616063,2.520592778,0.889193420,0.302971674,0.054471359,0.400000000,0.400000000,0.500000000,0.000000000
11.192377264,10.923398955,2.580230611,0.904215908,0.308387967,0.027101971,0.400000000,0.400000000,0.500000000,0.000000000
11.392187204,11.113782681,2.640877533,0.916367606,0.310439008,0.010259998,0.400000000,0.400000000,0.500000000,0.000000000
11.592190266,11.304225508,2.701973806,0.931767887,0.317252499,0.034069626,0.400000000,0.400000000,0.500000000,0.000000000
11.792160961,11.494216886,2.764356134,0.951461411,0.312401609,-0.024268650,0.400000000,0.400000000,0.500000000,0.000000000
11.991955829,11.684341321,2.825762065,0.969568151,0.310078034,-0.011626325,0.400000000,0.400000000,0.500000000,0.000000000
12.191870083,11.874721617,2.886762491,0.983653293,0.312040112,0.009813222,0.400000000,0.400000000,0.500000000,0.000000000
12.391840277,12.065035097,2.948153514,0.993651470,0.314534337,0.012473556,0.400000000,0.400000000,0.500000000,0.000000000
12.591791997,12.255177295,3.010013315,1.006171467,0.308837842,-0.028491695,0.400000000,0.400000000,0.500000000,0.000000000
12.791710299,12.445636952,3.070778817,1.025668758,0.308618875,-0.001095382,0.400000000,0.400000000,0.500000000,0.000000000
12.991592159,12.636075191,3.131491543,1.043654521,0.316129336,0.037571103,0.400000000,0.400000000,0.500000000,0.000000000
13.191509214,12.826085534,3.193643765,1.059933148,0.309205499,-0.034651902,0.400000000,0.400000000,0.500000000,0.000000000
13.391213689,13.016319152,3.254414218,1.073434364,0.308032417,-0.005871278,0.400000000,0.400000000,0.500000000,0.000000000
13.591109500,13.206806258,3.315019480,1.094530556,0.310345183,0.011569823,0.400000000,0.400000000,0.500000000,0.000000000
13.791006461,13.397153784,3.376065483,1.104119949,0.311575455,0.006153344,0.400000000,0.400000000,0.500000000,0.000000000
13.990980428,13.587499360,3.437369225,1.111831972,0.307794567,-0.018908834,0.400000000,0.400000000,0.500000000,0.000000000
14.190913203,13.778036103,3.497940376,1.125388039,0.321190547,0.067012838,0.400000000,0.400000000,0.500000000,0.000000000
14.390780827,13.967682544,3.561037875,1.136308614,0.329196648,0.040059665,0.400000000,0.400000000,0.500000000,0.000000000
14.590620952,14.156791726,3.625642774,1.148898690,0.334551000,0.026793131,0.400000000,0.400000000,0.500000000,0.000000000
14.790461305,14.345552496,3.691259374,1.170547616,0.340132307,0.027924355,0.400000000,0.400000000,0.500000000,0.000000000
14.990365213,14.534004016,3.757949681,1.185362976,0.356201746,0.080376802,0.400000000,0.400000000,0.500000000,0.000000000
15.190309652,14.721397563,3.827673692,1.192464732,0.364761483,0.042846763,0.400000000,0.400000000,0.500000000,0.000000000
15.389915154,14.907870793,3.898878259,1.207295157,0.371407170,0.033291210,0.400000000,0.400000000,0.500000000,0.000000000
15.589554660,15.093898393,3.971332830,1.217949301,0.391801671,0.102085736,0.400000000,0.400000000,0.500000000,0.000000000
15.789464564,15.278659641,4.047669262,1.234872793,0.406387551,0.072950495,0.400000000,0.400000000,0.500000000,0.000000000
15.989435455,15.462343861,4.126716492,1.251330554,0.400130139,-0.031301583,0.400000000,0.400000000,0.500000000,0.000000000
16.189278331,15.646401210,4.204562927,1.269294057,0.395106550,-0.025142702,0.400000000,0.400000000,0.500000000,0.000000000
16.389041156,15.830773419,4.281452943,1.280816587,0.390620222,-0.022464273,0.400000000,0.400000000,0.500000000,0.000000000
16.588696923,16.015389732,4.357474271,1.291930845,0.376722148,-0.069559268,0.400000000,0.400000000,0.500000000,0.000000000
16.788641740,16.201313512,4.431028862,1.310139836,0.370743969,-0.029913156,0.400000000,0.400000000,0.500000000,0.000000000
16.988398659,16.387498558,4.503402582,1.324207041,0.365467036,-0.026414908,0.400000000,0.400000000,0.500000000,0.000000000
17.188183352,16.574088861,4.574802740,1.342292673,0.354253563,-0.056124139,0.400000000,0.400000000,0.500000000,0.000000000
17.387991926,16.761490457,4.644114411,1.351113230,0.351154820,-0.015506483,0.400000000,0.400000000,0.500000000,0.000000000
17.587853867,16.949156044,4.712863398,1.370420803,0.351853065,0.003492449,0.400000000,0.400000000,0.500000000,0.000000000
17.787851833,17.136901272,4.781790284,1.380277461,0.349852034,-0.010007499,0.400000000,0.400000000,0.500000000,0.000000000
17.987760175,17.324699854,4.850310629,1.395281494,0.355791211,0.029708206,0.400000000,0.400000000,0.500000000,0.000000000
18.187685387,17.512103986,4.919951005,1.413840528,0.364021618,0.041168374,0.400000000,0.400000000,0.500000000,0.000000000
18.387600287,17.698918972,4.991127745,1.423665718,0.367612166,0.017959768,0.400000000,0.400000000,0.500000000,0.000000000
18.587528653,17.885489757,5.062979632,1.432743772,0.368157843,0.002729122,0.400000000,0.400000000,0.500000000,0.000000000
18.787492246,18.072054172,5.134945995,1.453081051,0.368330575,0.000863914,0.400000000,0.400000000,0.500000000,0.000000000
18.987411134,18.258564448,5.206928485,1.468737632,0.362196196,-0.030683160,0.400000000,0.400000000,0.500000000,0.000000000
19.187344746,18.445526547,5.277770721,1.481232431,0.354916605,-0.036411799,0.400000000,0.400000000,0.500000000,0.000000000
19.387258205,18.632980494,5.347243081,1.494848018,0.350392076,-0.022635302,0.400000000,0.400000000,0.500000000,0.000000000
19.587120772,18.820699053,5.415849122,1.517320078,0.347031459,-0.016809832,0.400000000,0.400000000,0.500000000,0.000000000
19.787097405,19.008754374,5.483862722,1.529650634,0.342474003,-0.022790094,0.400000000,0.400000000,0.500000000,0.000000000
19.987070991,19.197114841,5.551017541,1.541625446,0.337915172,-0.022799439,0.400000000,0.400000000,0.500000000,0.000000000
20.187004410,19.385741601,5.617299645,1.556961117,0.342032683,0.020596064,0.400000000,0.400000000,0.500000000,0.000000000
20.386905418,19.574063312,5.684346988,1.570302714,0.341515455,-0.002586975,0.400000000,0.400000000,0.500000000,0.000000000
20.586875201,19.762484480,5.751319950,1.587007407,0.340181294,-0.006671540,0.400000000,0.400000000,0.500000000,0.000000000
20.786861134,19.951010056,5.818046857,1.605312518,0.336521650,-0.018299611,0.400000000,0.400000000,0.500000000,0.000000000
20.986844574,20.139776214,5.884082559,1.618976100,0.335097174,-0.007123303,0.400000000,0.400000000,0.500000000,0.000000000
21.186809400,20.328618668,5.949843179,1.633174457,0.336038416,0.004706731,0.400000000,0.400000000,0.500000000,0.000000000
21.386800314,20.517423771,6.015790120,1.645933203,0.333203255,-0.014178109,0.400000000,0.400000000,0.500000000,0.000000000
21.586744213,20.706370655,6.081186126,1.667364348,0.332653510,-0.002749811,0.400000000,0.400000000,0.500000000,0.000000000
21.786642269,20.895310132,6.146463280,1.674131863,0.326140921,-0.032574838,0.400000000,0.400000000,0.500000000,0.000000000
21.986597450,21.084724836,6.210526874,1.692252278,0.331155301,0.025076024,0.400000000,0.400000000,0.500000000,0.000000000
22.186576036,21.273838055,6.275547067,1.705881850,0.321047960,-0.050547640,0.400000000,0.400000000,0.500000000,0.000000000
22.386509206,21.463555689,6.338638208,1.723827578,0.318018657,-0.015152520,0.400000000,0.400000000,0.500000000,0.000000000
22.586417413,21.653439862,6.401146542,1.731861863,0.316689119,-0.006650269,0.400000000,0.400000000,0.500000000,0.000000000
22.786354163,21.843434099,6.463411252,1.749313922,0.316473593,-0.001077846,0.400000000,0.400000000,0.500000000,0.000000000
22.986335677,22.033484292,6.525648944,1.762622594,0.314270682,-0.011016025,0.400000000,0.400000000,0.500000000,0.000000000
23.186300716,22.223655459,6.587462727,1.781337462,0.325616780,0.056754361,0.400000000,0.400000000,0.500000000,0.000000000
23.386165284,22.413017864,6.651398047,1.796214927,0.333743207,0.040659370,0.400000000,0.400000000,0.500000000,0.000000000
23.586031688,22.601856191,6.716870680,1.809515367,0.346534303,0.063984131,0.400000000,0.400000000,0.500000000,0.000000000
23.785983433,22.789921894,6.784782325,1.819299784,0.367417882,0.104452637,0.400000000,0.400000000,0.500000000,0.000000000
23.985891381,22.976487580,6.856590630,1.834757804,0.377931568,0.052596767,0.400000000,0.400000000,0.500000000,0.000000000
24.185766095,23.162257110,6.930344159,1.851313269,0.385877468,0.039743017,0.400000000,0.400000000,0.500000000,0.000000000
24.385754282,23.347539872,7.005614158,1.869455108,0.391128523,0.026259128,0.400000000,0.400000000,0.500000000,0.000000000
24.585706964,23.532392012,7.081842510,1.884920394,0.392420904,0.006463692,0.400000000,0.400000000,0.500000000,0.000000000
24.785643603,23.717130657,7.158303562,1.902820796,0.388837033,-0.017924907,0.400000000,0.400000000,0.500000000,0.000000000
24.985582839,23.902144546,7.234103030,1.914334036,0.390467253,0.008153046,0.400000000,0.400000000,0.500000000,0.000000000
25.185548058,24.087058646,7.310213900,1.926700264,0.386877181,-0.017954251,0.400000000,0.400000000,0.500000000,0.000000000
25.385495954,24.272228754,7.385653889,1.943286055,0.385902418,-0.004874565,0.400000000,0.400000000,0.500000000,0.000000000
25.585486407,24.457511737,7.460929364,1.959402072,0.384155992,-0.008733493,0.400000000,0.400000000,0.500000000,0.000000000
25.785433535,24.642885735,7.535864905,1.967922073,0.380816775,-0.016698713,0.400000000,0.400000000,0.500000000,0.000000000
25.985423225,24.828548437,7.610196844,1.982723623,0.375103749,-0.028568872,0.400000000,0.400000000,0.500000000,0.000000000
26.185380639,25.014602735,7.683455055,2.000603424,0.375227367,0.000618181,0.400000000,0.400000000,0.500000000,0.000000000
26.385366999,25.200674908,7.756746874,2.014998208,0.373958581,-0.006344290,0.400000000,0.400000000,0.500000000,0.000000000
26.585357960,25.386844206,7.829804228,2.026357502,0.368678975,-0.026399287,0.400000000,0.400000000,0.500000000,0.000000000
26.785347487,25.573395283,7.901877152,2.038538658,0.369381242,0.003511764,0.400000000,0.400000000,0.500000000,0.000000000
26.985309109,25.759869678,7.974070991,2.053556778,0.368253615,-0.005639610,0.400000000,0.400000000,0.500000000,0.000000000
27.185242807,25.946399310,8.046044459,2.066870428,0.363229578,-0.025125908,0.400000000,0.400000000,0.500000000,0.000000000
27.385217640,26.133326634,8.117094506,2.080210719,0.363137514,-0.000460371,0.400000000,0.400000000,0.500000000,0.000000000
27.585199040,26.320266638,8.188129676,2.096750843,0.362527210,-0.003051729,0.400000000,0.400000000,0.500000000,0.000000000
27.785190171,26.507259059,8.259054194,2.109765709,0.357749867,-0.023888252,0.400000000,0.400000000,0.500000000,0.000000000
27.985172885,26.694580291,8.329081631,2.123769981,0.357947716,0.000989371,0.400000000,0.400000000,0.500000000,0.000000000
28.185138702,26.881871837,8.399140208,2.141007674,0.356438893,-0.007545679,0.400000000,0.400000000,0.500000000,0.000000000
28.385089979,27.069255252,8.468911042,2.154310607,0.355942257,-0.002483798,0.400000000,0.400000000,0.500000000,0.000000000
28.585038455,27.256670668,8.538587830,2.166668030,0.356762386,0.004101286,0.400000000,0.400000000,0.500000000,0.000000000
28.785027194,27.444066605,8.608432361,2.176541230,0.350517830,-0.031224511,0.400000000,0.400000000,0.500000000,0.000000000
28.985015655,27.631894772,8.677105238,2.194651663,0.343808229,-0.033556303,0.400000000,0.400000000,0.500000000,0.000000000
29.184927516,27.820107359,8.744490507,2.206845061,0.343751408,-0.000284200,0.400000000,0.400000000,0.500000000,0.000000000
29.384879237,28.008361303,8.811878515,2.218593903,0.336182058,-0.037852987,0.400000000,0.400000000,0.500000000,0.000000000
29.584860685,28.197147994,8.877849452,2.237136073,0.333207090,-0.014876264,0.400000000,0.400000000,0.500000000,0.000000000
29.784840768,28.386128821,8.943258018,2.253834949,0.337456438,0.021249933,0.400000000,0.400000000,0.500000000,0.000000000
29.984800298,28.574810606,9.009462231,2.269711564,0.339495463,0.010196729,0.400000000,0.400000000,0.500000000,0.000000000
30.184777779,28.763373933,9.076057011,2.282031964,0.336463037,-0.015164001,0.400000000,0.400000000,0.500000000,0.000000000
30.384750754,28.952134082,9.142078193,2.292615947,0.336179107,-0.001419861,0.400000000,0.400000000,0.500000000,0.000000000
30.584718807,29.140908324,9.208044155,2.311218434,0.333620800,-0.012793121,0.400000000,0.400000000,0.500000000,0.000000000
30.784701004,29.329864072,9.273531591,2.325797503,0.341344920,0.038631960,0.400000000,0.400000000,0.500000000,0.000000000
30.984600157,29.518230104,9.340448776,2.338443490,0.335980364,-0.026837385,0.400000000,0.400000000,0.500000000,0.000000000
31.184482858,29.706936872,9.406349078,2.350988739,0.338710902,0.013663581,0.400000000,0.400000000,0.500000000,0.000000000
31.384281268,29.895383491,9.472736398,2.363475339,0.339930851,0.006105133,0.400000000,0.400000000,0.500000000,0.000000000
31.584129703,30.083796143,9.539370243,2.384273908,0.344071315,0.020715994,0.400000000,0.400000000,0.500000000,0.000000000
31.784016974,30.271967847,9.606796731,2.400678431,0.337777906,-0.031477292,0.400000000,0.400000000,0.500000000,0.000000000
31.983998821,30.460649395,9.673068991,2.415343271,0.342699412,0.024612479,0.400000000,0.400000000,0.500000000,0.000000000
32.183936151,30.648960572,9.740254084,2.426217431,0.339004606,-0.018477590,0.400000000,0.400000000,0.500000000,0.000000000
32.383921558,30.837564039,9.806758934,2.447919341,0.339077853,0.000366312,0.400000000,0.400000000,0.500000000,0.000000000
32.583851946,31.026110749,9.873259298,2.459883189,0.338869709,-0.001040962,0.400000000,0.400000000,0.500000000,0.000000000
32.783829009,31.214715316,9.939735932,2.471177570,0.334802100,-0.020342015,0.400000000,0.400000000,0.500000000,0.000000000
32.983773557,31.403558014,10.005434164,2.487144739,0.331675117,-0.015639169,0.400000000,0.400000000,0.500000000,0.000000000
33.183720111,31.592607122,10.070542221,2.500573254,0.335077274,0.017014165,0.400000000,0.400000000,0.500000000,0.000000000
33.383693944,31.781459391,10.136302046,2.521840628,0.333453468,-0.008120292,0.400000000,0.400000000,0.500000000,0.000000000
33.583657887,31.970408847,10.201751888,2.538983047,0.327497096,-0.029792876,0.400000000,0.400000000,0.500000000,0.000000000
33.783545438,32.159672459,10.266050548,2.553384987,0.320463740,-0.035180103,0.400000000,0.400000000,0.500000000,0.000000000
33.983505605,32.349452542,10.329039346,2.564847430,0.316070250,-0.021975930,0.400000000,0.400000000,0.500000000,0.000000000
34.183390782,32.539436258,10.391170431,2.587357392,0.312564446,-0.017537736,0.400000000,0.400000000,0.500000000,0.000000000
34.383306628,32.729665807,10.452644522,2.600157968,0.314400763,0.009186511,0.400000000,0.400000000,0.500000000,0.000000000
34.583176288,32.919738229,10.514453547,2.616082749,0.316218365,0.009092500,0.400000000,0.400000000,0.500000000,0.000000000
34.783109186,33.109758095,10.576627612,2.630779564,0.330492140,0.071380747,0.400000000,0.400000000,0.500000000,0.000000000
34.983106344,33.298931958,10.641528404,2.640279881,0.340281909,0.048967097,0.400000000,0.400000000,0.500000000,0.000000000
35.182958523,33.487324736,10.708229639,2.652173465,0.345138535,0.024304616,0.400000000,0.400000000,0.500000000,0.000000000
35.382752310,33.675336401,10.775825280,2.665723619,0.345871527,0.003667232,0.400000000,0.400000000,0.500000000,0.000000000
35.582710578,33.863453210,10.843614477,2.685985869,0.354408652,0.042693477,0.400000000,0.400000000,0.500000000,0.000000000
35.782677562,34.050992621,10.913010185,2.694328614,0.349849853,-0.022808943,0.400000000,0.400000000,0.500000000,0.000000000
35.982448119,34.238661914,10.981482893,2.710457985,0.343624316,-0.031154830,0.400000000,0.400000000,0.500000000,0.000000000
36.182328389,34.426857146,11.048822903,2.721560666,0.345814453,0.010957222,0.400000000,0.400000000,0.500000000,0.000000000
36.382209432,34.614905170,11.116575187,2.743588278,0.345894331,0.000399571,0.400000000,0.400000000,0.500000000,0.000000000
36.582147731,34.803001647,11.184361903,2.755256059,0.339425501,-0.032354275,0.400000000,0.400000000,0.500000000,0.000000000
36.782083598,34.991530393,11.250929635,2.764823073,0.338508260,-0.004587591,0.400000000,0.400000000,0.500000000,0.000000000
36.982026603,35.180126850,11.317326784,2.781871825,0.343280677,0.023869585,0.400000000,0.400000000,0.500000000,0.000000000
37.181957479,35.368392866,11.384619151,2.792084096,0.340135110,-0.015733005,0.400000000,0.400000000,0.500000000,0.000000000
37.381894950,35.556875838,11.451321183,2.810139267,0.338684582,-0.007254145,0.400000000,0.400000000,0.500000000,0.000000000
37.581874559,35.745495111,11.517763746,2.825608539,0.340398747,0.008571571,0.400000000,0.400000000,0.500000000,0.000000000
37.781860208,35.934005906,11.584531552,2.837219183,0.338195388,-0.011020618,0.400000000,0.400000000,0.500000000,0.000000000
37.981735778,36.122559513,11.650847316,2.850669159,0.337591025,-0.003023167,0.400000000,0.400000000,0.500000000,0.000000000
38.181680907,36.311218798,11.717072153,2.866020568,0.331458913,-0.030668623,0.400000000,0.400000000,0.500000000,0.000000000
38.381630044,36.500284421,11.782140177,2.881377325,0.330622579,-0.004182522,0.400000000,0.400000000,0.500000000,0.000000000
38.581599237,36.689423366,11.847056566,2.896828299,0.327004659,-0.018092307,0.400000000,0.400000000,0.500000000,0.000000000
38.781570038,36.878797458,11.911288759,2.912746451,0.324077762,-0.014636940,0.400000000,0.400000000,0.500000000,0.000000000
38.981531895,37.068350261,11.974963551,2.922930140,0.318611792,-0.027333933,0.400000000,0.400000000,0.500000000,0.000000000
39.181509813,37.258263528,12.037606338,2.942329411,0.319223644,0.003060660,0.400000000,0.400000000,0.500000000,0.000000000
39.381348696,37.448006420,12.100321679,2.959232066,0.315272015,-0.019767125,0.400000000,0.400000000,0.500000000,0.000000000
39.581327833,37.638128999,12.162330228,2.971435127,0.309930211,-0.026715984,0.400000000,0.400000000,0.500000000,0.000000000
39.781243923,37.828520059,12.223303071,2.985047527,0.307672279,-0.011292575,0.400000000,0.400000000,0.500000000,0.000000000
39.981224607,38.019109866,12.283865430,3.003271615,0.315963050,0.041458208,0.400000000,0.400000000,0.500000000,0.000000000
40.181200826,38.209186776,12.346004439,3.020522933,0.312662463,-0.016508264,0.400000000,0.400000000,0.500000000,0.000000000
40.381095337,38.399389998,12.407490612,3.031877808,0.316804874,0.020721434,0.400000000,0.400000000,0.500000000,0.000000000
40.581019493,38.589365059,12.469773392,3.050307079,0.323937183,0.035673967,0.400000000,0.400000000,0.500000000,0.000000000
40.780955208,38.778902029,12.533413215,3.063765970,0.334775876,0.054207540,0.400000000,0.400000000,0.500000000,0.000000000
40.980913683,38.967759603,12.599111071,3.078995665,0.340220172,0.027228769,0.400000000,0.400000000,0.500000000,0.000000000
41.180847622,39.156233573,12.665827957,3.096864283,0.349760530,0.047720184,0.400000000,0.400000000,0.500000000,0.000000000
41.380757983,39.344040321,12.734331809,3.110221069,0.364286225,0.072647464,0.400000000,0.400000000,0.500000000,0.000000000
41.580739556,39.530898764,12.805581734,3.129522214,0.373692906,0.047043199,0.400000000,0.400000000,0.500000000,0.000000000
41.780673217,39.717034119,12.878568708,3.144750550,0.381487968,0.038991175,0.400000000,0.400000000,0.500000000,0.000000000
41.980575778,39.902566023,12.952992807,3.155506845,0.377301239,-0.020939524,0.400000000,0.400000000,0.500000000,0.000000000
42.180560561,40.088484332,13.026669777,3.169434140,0.380046500,0.013729025,0.400000000,0.400000000,0.500000000,0.000000000
42.380496384,40.274154211,13.100838700,3.181802582,0.375271214,-0.023883109,0.400000000,0.400000000,0.500000000,0.000000000
42.580448352,40.460191172,13.174126071,3.195456478,0.368432597,-0.034198691,0.400000000,0.400000000,0.500000000,0.000000000
42.780430050,40.646752697,13.246150211,3.212172152,0.361001173,-0.037162661,0.400000000,0.400000000,0.500000000,0.000000000
42.980387791,40.833821896,13.316777495,3.227322322,0.361023297,0.000110638,0.400000000,0.400000000,0.500000000,0.000000000
43.180367684,41.020910255,13.387416742,3.242762429,0.359933440,-0.005449928,0.400000000,0.400000000,0.500000000,0.000000000
43.380340376,41.208068751,13.457849512,3.260666785,0.359989104,0.000278340,0.400000000,0.400000000,0.500000000,0.000000000
43.580335318,41.395244150,13.528300537,3.275828473,0.365673133,0.028421389,0.400000000,0.400000000,0.500000000,0.000000000
43.780322360,41.582008703,13.599811504,3.291627286,0.373494806,0.039113236,0.400000000,0.400000000,0.500000000,0.000000000
43.980284478,41.768185009,13.672771986,3.301828143,0.380974069,0.037415765,0.400000000,0.400000000,0.500000000,0.000000000
44.180113493,41.953686862,13.747073385,3.316785875,0.391177436,0.051044254,0.400000000,0.400000000,0.500000000,0.000000000
44.380067871,42.138536840,13.823311425,3.332311947,0.397144027,0.029837376,0.400000000,0.400000000,0.500000000,0.000000000
44.580053686,42.322957640,13.900663185,3.352440800,0.401569985,0.022132674,0.400000000,0.400000000,0.500000000,0.000000000
44.780015414,42.507012108,13.978821008,3.362736013,0.410960813,0.046958707,0.400000000,0.400000000,0.500000000,0.000000000
44.980013277,42.690357632,14.058718220,3.374709140,0.418708146,0.038744706,0.400000000,0.400000000,0.500000000,0.000000000
45.179931421,42.873005835,14.140001046,3.388779613,0.426649911,0.039725108,0.400000000,0.400000000,0.500000000,0.000000000
45.379848268,43.055001577,14.222731306,3.402628612,0.434023977,0.036879022,0.400000000,0.400000000,0.500000000,0.000000000
45.579836223,43.236446832,14.306831256,3.413171383,0.441850146,0.039134593,0.400000000,0.400000000,0.500000000,0.000000000
45.779808944,43.417214586,14.392342122,3.435367740,0.445506151,0.018281752,0.400000000,0.400000000,0.500000000,0.000000000
45.979798285,43.597683502,14.478520465,3.448502097,0.450276359,0.023855079,0.400000000,0.400000000,0.500000000,0.000000000
46.179740835,43.777697151,14.565538336,3.459953615,0.447696554,-0.012901719,0.400000000,0.400000000,0.500000000,0.000000000
46.379714712,43.957962928,14.652105077,3.475273861,0.443923042,-0.018870631,0.400000000,0.400000000,0.500000000,0.000000000
46.579675477,44.138542242,14.737985338,3.486323346,0.445299500,0.006883967,0.400000000,0.400000000,0.500000000,0.000000000
46.779617086,44.318985885,14.824105825,3.497291537,0.439262164,-0.030192184,0.400000000,0.400000000,0.500000000,0.000000000
46.979601922,44.499985299,14.909153735,3.507883185,0.435313342,-0.019749581,0.400000000,0.400000000,0.500000000,0.000000000
47.179506041,44.681245951,14.993452211,3.523214422,0.434140737,-0.005865665,0.400000000,0.400000000,0.500000000,0.000000000
47.379421962,44.862616034,15.077543046,3.539138625,0.440028015,0.029456152,0.400000000,0.400000000,0.500000000,0.000000000
47.579237136,45.043396760,15.162657278,3.548557106,0.441206044,0.005893182,0.400000000,0.400000000,0.500000000,0.000000000
47.779215663,45.224224804,15.248054174,3.564244159,0.442413030,0.006036203,0.400000000,0.400000000,0.500000000,0.000000000
47.979152869,45.404912301,15.333651574,3.578368908,0.439714085,-0.013497349,0.400000000,0.400000000,0.500000000,0.000000000
48.179137842,45.585873386,15.418781330,3.589979223,0.441435493,0.008608292,0.400000000,0.400000000,0.500000000,0.000000000
48.379094849,45.766662373,15.504210520,3.605644991,0.434403378,-0.035165652,0.400000000,0.400000000,0.500000000,0.000000000
48.579079307,45.948072535,15.588377832,3.624991120,0.428447542,-0.029790564,0.400000000,0.400000000,0.500000000,0.000000000
48.778941376,46.129869437,15.671412361,3.637174279,0.428834290,0.001934759,0.400000000,0.400000000,0.500000000,0.000000000
48.978868072,46.311692987,15.754544066,3.650085526,0.427403788,-0.007154112,0.400000000,0.400000000,0.500000000,0.000000000
49.178851836,46.493687206,15.837439243,3.661105295,0.410932505,-0.082356097,0.400000000,0.400000000,0.500000000,0.000000000
49.378865087,46.677049097,15.917337411,3.676021258,0.397702488,-0.066188977,0.400000000,0.400000000,0.500000000,0.000000000
49.578613877,46.861208145,15.994700351,3.693826192,0.380228774,-0.087475703,0.400000000,0.400000000,0.500000000,0.000000000
49.778370106,47.046697735,16.068836462,3.705258933,0.353130078,-0.135587894,0.400000000,0.400000000,0.500000000,0.000000000
49.978323121,47.234312612,16.137987499,3.716807623,0.323087338,-0.150290296,0.400000000,0.400000000,0.500000000,0.000000000
50.178151211,47.423801541,16.201432052,3.739631436,0.307148341,-0.079783356,0.400000000,0.400000000,0.500000000,0.000000000
50.377875824,47.614178967,16.261817125,3.755294805,0.285990476,-0.105873561,0.400000000,0.400000000,0.500000000,0.000000000
50.577825515,47.806007241,16.318224500,3.775648402,0.269401256,-0.082967678,0.400000000,0.400000000,0.500000000,0.000000000
50.777767198,47.998737113,16.371439846,3.787841622,0.262756510,-0.033231509,0.400000000,0.400000000,0.500000000,0.000000000
50.977731181,48.191837865,16.423379178,3.804069154,0.259997632,-0.013798387,0.400000000,0.400000000,0.500000000,0.000000000
51.177651163,48.385038654,16.474774260,3.818537539,0.252879447,-0.035603305,0.400000000,0.400000000,0.500000000,0.000000000
51.377591267,48.578619866,16.524797846,3.838129448,0.249097537,-0.018913712,0.400000000,0.400000000,0.500000000,0.000000000
51.577562807,48.772419345,16.574096720,3.854604785,0.251499208,0.012010432,0.400000000,0.400000000,0.500000000,0.000000000
51.777521859,48.966087770,16.623857786,3.865854706,0.247648549,-0.019258540,0.400000000,0.400000000,0.500000000,0.000000000
51.977453646,49.159919939,16.672866051,3.879030760,0.247595964,-0.000263005,0.400000000,0.400000000,0.500000000,0.000000000
52.177397141,49.353766034,16.721866992,3.893406894,0.249037528,0.007211925,0.400000000,0.400000000,0.500000000,0.000000000
52.377225937,49.547430131,16.771119054,3.910252948,0.261742728,0.063563468,0.400000000,0.400000000,0.500000000,0.000000000
52.577158668,49.740553251,16.822854511,3.926272795,0.264359991,0.013094458,0.400000000,0.400000000,0.500000000,0.000000000
52.776977035,49.933429913,16.875065361,3.933596591,0.277615828,0.066319097,0.400000000,0.400000000,0.500000000,0.000000000
52.976915035,50.125712603,16.929861077,3.952792824,0.297016839,0.097038994,0.400000000,0.400000000,0.500000000,0.000000000
53.176830864,50.316874882,16.988370238,3.973678285,0.320938553,0.119712461,0.400000000,0.400000000,0.500000000,0.000000000
53.376558358,50.506404244,17.051375740,3.987472109,0.339561515,0.093233693,0.400000000,0.400000000,0.500000000,0.000000000
53.576315044,50.694754983,17.117909434,4.005344188,0.357299408,0.088751309,0.400000000,0.400000000,0.500000000,0.000000000
53.776274403,50.882085860,17.187844315,4.014262046,0.364697519,0.036995784,0.400000000,0.400000000,0.500000000,0.000000000
53.976257602,51.068916503,17.259171668,4.027977551,0.366543557,0.009231395,0.400000000,0.400000000,0.500000000,0.000000000
54.176222030,51.255597628,17.330837067,4.041925419,0.364522357,-0.010107880,0.400000000,0.400000000,0.500000000,0.000000000
54.376183046,51.442420036,17.402123785,4.060299601,0.365088197,0.002829882,0.400000000,0.400000000,0.500000000,0.000000000
54.576125441,51.629184683,17.473509554,4.076742435,0.362336718,-0.013761472,0.400000000,0.400000000,0.500000000,0.000000000
54.776064440,51.816141863,17.544379970,4.092082396,0.364304990,0.009844602,0.400000000,0.400000000,0.500000000,0.000000000
54.975993754,52.002950139,17.615614782,4.105272609,0.362887480,-0.007089774,0.400000000,0.400000000,0.500000000,0.000000000
55.175939110,52.189874202,17.686590413,4.123133008,0.364877266,0.009950770,0.400000000,0.400000000,0.500000000,0.000000000
55.375919781,52.376689658,17.757950444,4.137176063,0.362115458,-0.013810475,0.400000000,0.400000000,0.500000000,0.000000000
55.575897412,52.563698642,17.828793179,4.152262769,0.365506572,0.016962040,0.400000000,0.400000000,0.500000000,0.000000000
55.775766970,52.750365380,17.900231046,4.167747339,0.368088629,0.012915954,0.400000000,0.400000000,0.500000000,0.000000000
55.975721819,52.936926619,17.972181349,4.183203194,0.371028777,0.014703395,0.400000000,0.400000000,0.500000000,0.000000000
56.175694567,53.123292188,18.044686348,4.196376594,0.370185231,-0.004218091,0.400000000,0.400000000,0.500000000,0.000000000
56.375687384,53.309737560,18.117041373,4.213029623,0.371958699,0.008867954,0.400000000,0.400000000,0.500000000,0.000000000
56.575666709,53.496041752,18.189722036,4.227765020,0.374588774,0.013152958,0.400000000,0.400000000,0.500000000,0.000000000
56.775608703,53.682119401,18.262878782,4.241080459,0.372232105,-0.011787632,0.400000000,0.400000000,0.500000000,0.000000000
56.975521022,53.868341296,18.335586010,4.253629499,0.375325447,0.015470437,0.400000000,0.400000000,0.500000000,0.000000000
57.175512150,54.054410716,18.408897826,4.267710335,0.377361590,0.010182185,0.400000000,0.400000000,0.500000000,0.000000000
57.375463234,54.240293250,18.482573598,4.276475365,0.372939478,-0.022114075,0.400000000,0.400000000,0.500000000,0.000000000
57.575448255,54.426531372,18.555439025,4.294003950,0.374447370,0.007540336,0.400000000,0.400000000,0.500000000,0.000000000
57.775416657,54.612643943,18.628579117,4.310534254,0.388709546,0.071320131,0.400000000,0.400000000,0.500000000,0.000000000
57.975392993,54.797701824,18.704369058,4.329046571,0.393321722,0.023078471,0.400000000,0.400000000,0.500000000,0.000000000
58.175111407,54.982169956,18.780912858,4.343419993,0.390343218,-0.014902498,0.400000000,0.400000000,0.500000000,0.000000000
58.375125009,55.167138238,18.857019201,4.350798621,0.392904934,0.012814441,0.400000000,0.400000000,0.500000000,0.000000000
58.574928220,55.351716592,18.933518577,4.367958819,0.393117221,0.001062124,0.400000000,0.400000000,0.500000000,0.000000000
58.774867159,55.536404076,19.010109129,4.379625646,0.379191851,-0.069643428,0.400000000,0.400000000,0.500000000,0.000000000
58.974829787,55.722162177,19.084129265,4.394772426,0.371771031,-0.037119182,0.400000000,0.400000000,0.500000000,0.000000000
59.174703734,55.908381826,19.156736683,4.411460321,0.368354263,-0.017091576,0.400000000,0.400000000,0.500000000,0.000000000
59.374648470,56.094914510,19.228732899,4.427850658,0.365565875,-0.013946797,0.400000000,0.400000000,0.500000000,0.000000000
59.574564310,56.281620236,19.300198380,4.439681274,0.365077448,-0.002442906,0.400000000,0.400000000,0.500000000,0.000000000
59.774521990,56.468399927,19.371587599,4.456973252,0.355871234,-0.046042750,0.400000000,0.400000000,0.500000000,0.000000000
59.974461459,56.655811849,19.441247938,4.466104470,0.354333841,-0.007694108,0.400000000,0.400000000,0.500000000,0.000000000
60.174150392,56.843095673,19.510533142,4.479090630,0.356042651,0.008553216,0.400000000,0.400000000,0.500000000,0.000000000
60.374032566,57.030441949,19.580205634,4.498979135,0.347652028,-0.041967715,0.400000000,0.400000000,0.500000000,0.000000000
60.574010052,57.218455830,19.648336213,4.516969304,0.327065794,-0.102968231,0.400000000,0.400000000,0.500000000,0.000000000
60.773881526,57.407731933,19.712548073,4.531183885,0.324353214,-0.013576158,0.400000000,0.400000000,0.500000000,0.000000000
60.973619318,57.597054808,19.776203667,4.546422649,0.313381806,-0.054902104,0.400000000,0.400000000,0.500000000,0.000000000
61.173551219,57.787249320,19.837838172,4.562086256,0.298588582,-0.073984676,0.400000000,0.400000000,0.500000000,0.000000000
61.373515334,57.978365551,19.896661922,4.578236942,0.291528149,-0.035312722,0.400000000,0.400000000,0.500000000,0.000000000
61.573430792,58.169845732,19.954120869,4.592435997,0.288299915,-0.016148289,0.400000000,0.400000000,0.500000000,0.000000000
61.773338873,58.361503334,20.010959278,4.607109245,0.278452968,-0.049247741,0.400000000,0.400000000,0.500000000,0.000000000
61.973323547,58.553784961,20.065928772,4.621361375,0.275672563,-0.013903646,0.400000000,0.400000000,0.500000000,0.000000000
62.173292075,58.746203148,20.120359039,4.635343876,0.294662258,0.094967172,0.400000000,0.400000000,0.500000000,0.000000000
62.373238781,58.937532207,20.178426898,4.651648208,0.308113360,0.067394511,0.400000000,0.400000000,0.500000000,0.000000000
62.572464074,59.127375465,20.238844236,4.661830289,0.318453996,0.051822894,0.400000000,0.400000000,0.500000000,0.000000000
62.772312971,59.317176081,20.301416659,4.677489657,0.336206500,0.088805477,0.400000000,0.400000000,0.500000000,0.000000000
62.972265338,59.505933706,20.367382616,4.694863607,0.345402198,0.045986303,0.400000000,0.400000000,0.500000000,0.000000000
63.172243584,59.694101109,20.435090281,4.711602469,0.343554716,-0.009238930,0.400000000,0.400000000,0.500000000,0.000000000
63.372199495,59.882372248,20.502442671,4.727783627,0.332372408,-0.055953873,0.400000000,0.400000000,0.500000000,0.000000000
63.571938843,60.071180045,20.567614926,4.739583783,0.324502390,-0.039390497,0.400000000,0.400000000,0.500000000,0.000000000
63.771788165,60.260599131,20.631334322,4.752699358,0.318654859,-0.029268931,0.400000000,0.400000000,0.500000000,0.000000000
63.971510848,60.450267314,20.693905325,4.766466614,0.320694271,0.010203174,0.400000000,0.400000000,0.500000000,0.000000000
64.171548374,60.640106286,20.756962257,4.779856188,0.317346243,-0.016747370,0.400000000,0.400000000,0.500000000,0.000000000
64.371337926,60.829919717,20.819305870,4.798451201,0.321679998,0.021684813,0.400000000,0.400000000,0.500000000,0.000000000
64.571252179,61.019579490,20.882510926,4.818172180,0.322939624,0.006300219,0.400000000,0.400000000,0.500000000,0.000000000
64.771205450,61.209196499,20.945967215,4.832476755,0.321348514,-0.007959145,0.400000000,0.400000000,0.500000000,0.000000000
64.971071458,61.398831438,21.009094161,4.844810916,0.313283230,-0.040344166,0.400000000,0.400000000,0.500000000,0.000000000
65.171028459,61.589055904,21.070717652,4.865886892,0.316309863,0.015136754,0.400000000,0.400000000,0.500000000,0.000000000
65.370976561,61.779084530,21.132913832,4.878292818,0.326852913,0.052762517,0.400000000,0.400000000,0.500000000,0.000000000
65.570668278,61.968204058,21.197027684,4.898449889,0.334904787,0.040309576,0.400000000,0.400000000,0.500000000,0.000000000
65.770477242,62.156911957,21.262700744,4.914235695,0.335778317,0.004370990,0.400000000,0.400000000,0.500000000,0.000000000
65.970362666,62.345634607,21.328563815,4.931952610,0.344990411,0.046090330,0.400000000,0.400000000,0.500000000,0.000000000
66.170216688,62.533712970,21.396151978,4.942362192,0.336388835,-0.043030379,0.400000000,0.400000000,0.500000000,0.000000000
66.370152273,62.722442723,21.462146812,4.958534603,0.327995621,-0.041977230,0.400000000,0.400000000,0.500000000,0.000000000
66.570109199,62.911739935,21.526562166,4.978544177,0.323830252,-0.020833710,0.400000000,0.400000000,0.500000000,0.000000000
66.770020181,63.101260261,21.590173852,4.987229824,0.329012674,0.025922579,0.400000000,0.400000000,0.500000000,0.000000000
66.969947209,63.290463567,21.654772037,5.002160159,0.328887851,-0.000624261,0.400000000,0.400000000,0.500000000,0.000000000
67.169925788,63.479723723,21.719363256,5.016927325,0.318918588,-0.049858356,0.400000000,0.400000000,0.500000000,0.000000000
67.369848939,63.669565757,21.782047133,5.030201683,0.322826019,0.019553511,0.400000000,0.400000000,0.500000000,0.000000000
67.569590916,63.858989594,21.845414848,5.044763315,0.324102636,0.006390038,0.400000000,0.400000000,0.500000000,0.000000000
67.769413814,64.048409089,21.909050102,5.059659013,0.318722082,-0.026924451,0.400000000,0.400000000,0.500000000,0.000000000
67.969268325,64.238198254,21.971675165,5.072900957,0.314331406,-0.021964097,0.400000000,0.400000000,0.500000000,0.000000000
68.169218361,64.428351400,22.033495858,5.089061458,0.321678599,0.036753520,0.400000000,0.400000000,0.500000000,0.000000000
68.369076341,64.617957874,22.096682857,5.110229191,0.311036811,-0.053248573,0.400000000,0.400000000,0.500000000,0.000000000
68.568918729,64.808211179,22.157843793,5.120385616,0.306573040,-0.022334634,0.400000000,0.400000000,0.500000000,0.000000000
68.768793410,64.998766383,22.218164621,5.135683564,0.310603120,0.020156937,0.400000000,0.400000000,0.500000000,0.000000000
68.968788688,65.189191769,22.279289769,5.148820502,0.307597609,-0.015030537,0.400000000,0.400000000,0.500000000,0.000000000
69.168713898,65.379733228,22.339821101,5.167293583,0.303398451,-0.021006624,0.400000000,0.400000000,0.500000000,0.000000000
69.368582114,65.570472796,22.399534760,5.184914859,0.299223009,-0.020888296,0.400000000,0.400000000,0.500000000,0.000000000
69.568501321,65.761508756,22.458466510,5.204990352,0.298495292,-0.003640328,0.400000000,0.400000000,0.500000000,0.000000000
69.768390558,65.952558906,22.517250410,5.216769745,0.294126553,-0.021849334,0.400000000,0.400000000,0.500000000,0.000000000
69.968397738,66.143976922,22.575233296,5.232083866,0.298225254,0.020497211,0.400000000,0.400000000,0.500000000,0.000000000
70.168317917,66.335072517,22.633974696,5.246367590,0.303533452,0.026554763,0.400000000,0.400000000,0.500000000,0.000000000
70.368189834,66.525807553,22.693715210,5.261071746,0.313677209,0.050737762,0.400000000,0.400000000,0.500000000,0.000000000
70.568166577,66.716026504,22.755419733,5.279963612,0.321622899,0.039742407,0.400000000,0.400000000,0.500000000,0.000000000
70.768048341,66.905659063,22.818603690,5.296324604,0.318469769,-0.015772328,0.400000000,0.400000000,0.500000000,0.000000000
70.967997073,67.095553506,22.881210366,5.307046850,0.314169052,-0.021509962,0.400000000,0.400000000,0.500000000,0.000000000
71.167929493,67.285699932,22.942994742,5.317924168,0.313006717,-0.005813994,0.400000000,0.400000000,0.500000000,0.000000000
71.367837601,67.475894914,23.004550577,5.327554510,0.309781617,-0.016131736,0.400000000,0.400000000,0.500000000,0.000000000
71.567774693,67.666315033,23.065501530,5.347004993,0.309258719,-0.002615038,0.400000000,0.400000000,0.500000000,0.000000000
71.767753443,67.856806680,23.126365584,5.368646389,0.312971331,0.018564913,0.400000000,0.400000000,0.500000000,0.000000000
71.967734487,68.047073233,23.187937145,5.380213492,0.319860802,0.034450890,0.400000000,0.400000000,0.500000000,0.000000000
72.167711609,68.236907354,23.250816836,5.395132524,0.326726878,0.034341350,0.400000000,0.400000000,0.500000000,0.000000000
72.367605956,68.426226871,23.314971884,5.408476357,0.326636561,-0.000451757,0.400000000,0.400000000,0.500000000,0.000000000
72.567558996,68.615607772,23.379128666,5.424060341,0.319908590,-0.033657643,0.400000000,0.400000000,0.500000000,0.000000000
72.767393803,68.805303794,23.441972674,5.436013344,0.325953634,0.030250033,0.400000000,0.400000000,0.500000000,0.000000000
72.967230278,68.994618038,23.505962782,5.447832225,0.328264814,0.011565280,0.400000000,0.400000000,0.500000000,0.000000000
73.167069251,69.183786248,23.570391063,5.461758414,0.329531035,0.006340110,0.400000000,0.400000000,0.500000000,0.000000000
73.366662044,69.372639792,23.634979158,5.473919984,0.337261677,0.038691086,0.400000000,0.400000000,0.500000000,0.000000000
73.566676712,69.561386499,23.701164867,5.489039662,0.340817383,0.017779965,0.400000000,0.400000000,0.500000000,0.000000000
73.766629589,69.749838439,23.768000630,5.508322918,0.339261955,-0.007782777,0.400000000,0.400000000,0.500000000,0.000000000
73.966387084,69.938209863,23.834478168,5.525931426,0.331664842,-0.038017518,0.400000000,0.400000000,0.500000000,0.000000000
74.166292443,70.127220691,23.899570869,5.540963652,0.333677443,0.010066367,0.400000000,0.400000000,0.500000000,0.000000000
74.366253515,70.316152770,23.965062089,5.553283263,0.328055355,-0.028122864,0.400000000,0.400000000,0.500000000,0.000000000
74.566115208,70.505355979,24.029458066,5.566686476,0.333316980,0.026321941,0.400000000,0.400000000,0.500000000,0.000000000
74.766043077,70.694280278,24.094870315,5.581396359,0.332465223,-0.004260056,0.400000000,0.400000000,0.500000000,0.000000000
74.965995996,70.883283901,24.160129798,5.592219242,0.327476093,-0.024950997,0.400000000,0.400000000,0.500000000,0.000000000
75.165956933,71.072618351,24.224448088,5.606151889,0.325181181,-0.011477955,0.400000000,0.400000000,0.500000000,0.000000000
75.365877596,71.262061743,24.288318837,5.621566925,0.327422131,0.011209520,0.400000000,0.400000000,0.500000000,0.000000000
75.565786628,71.451350516,24.352610218,5.638477611,0.325920021,-0.007514776,0.400000000,0.400000000,0.500000000,0.000000000
75.765652409,71.640694674,24.416603345,5.655654462,0.327487651,0.007841009,0.400000000,0.400000000,0.500000000,0.000000000
75.965640577,71.830054164,24.480932583,5.669662749,0.337112002,0.048137120,0.400000000,0.400000000,0.500000000,0.000000000
76.165523195,72.018686158,24.547046364,5.684849481,0.326256804,-0.054303397,0.400000000,0.400000000,0.500000000,0.000000000
76.365436729,72.208053986,24.611118561,5.701154014,0.325357902,-0.004497757,0.400000000,0.400000000,0.500000000,0.000000000
76.565234446,72.397369592,24.674983487,5.719016830,0.330243534,0.024449227,0.400000000,0.400000000,0.500000000,0.000000000
76.765091673,72.586427215,24.739791872,5.727024126,0.338626275,0.041940304,0.400000000,0.400000000,0.500000000,0.000000000
76.964979605,72.774963890,24.806192983,5.746745319,0.341445345,0.014107732,0.400000000,0.400000000,0.500000000,0.000000000
77.164740409,72.963192837,24.873082758,5.763201674,0.355545942,0.070556385,0.400000000,0.400000000,0.500000000,0.000000000
77.364673553,73.150621480,24.942679928,5.776076327,0.365825112,0.051409696,0.400000000,0.400000000,0.500000000,0.000000000
77.564630913,73.337347446,25.014208661,5.787002906,0.368531659,0.013535010,0.400000000,0.400000000,0.500000000,0.000000000
77.764606245,73.523895897,25.086248988,5.804908244,0.360295500,-0.041191512,0.400000000,0.400000000,0.500000000,0.000000000
77.964525733,73.710979092,25.156730758,5.816882778,0.363984567,0.018452449,0.400000000,0.400000000,0.500000000,0.000000000
78.164451859,73.897807205,25.227904573,5.833830680,0.373481790,0.047498741,0.400000000,0.400000000,0.500000000,0.000000000
78.364417917,74.083988129,25.300864070,5.848009367,0.372736290,-0.003730045,0.400000000,0.400000000,0.500000000,0.000000000
78.564179369,74.270032835,25.373610237,5.859150036,0.369811850,-0.014636287,0.400000000,0.400000000,0.500000000,0.000000000
78.764032700,74.456375155,25.445845227,5.876606912,0.380659631,0.054274905,0.400000000,0.400000000,0.500000000,0.000000000
78.963912078,74.641947120,25.520107005,5.897895690,0.381987842,0.006644114,0.400000000,0.400000000,0.500000000,0.000000000
79.163848528,74.827473244,25.594636470,5.906087710,0.372824082,-0.045850891,0.400000000,0.400000000,0.500000000,0.000000000
79.363630703,75.013530862,25.667406519,5.913391335,0.375446220,0.013119934,0.400000000,0.400000000,0.500000000,0.000000000
79.563566476,75.199539927,25.740720508,5.931772348,0.380596026,0.025753652,0.400000000,0.400000000,0.500000000,0.000000000
79.763558480,75.385221182,25.815012320,5.947715621,0.372810402,-0.038930415,0.400000000,0.400000000,0.500000000,0.000000000
79.963541875,75.571467194,25.887853115,5.959189061,0.365743595,-0.035341406,0.400000000,0.400000000,0.500000000,0.000000000
80.163474222,75.758175631,25.959357681,5.974319223,0.371412301,0.028350635,0.400000000,0.400000000,0.500000000,0.000000000
80.363441077,75.944507888,26.031932011,5.994561618,0.369253911,-0.010794518,0.400000000,0.400000000,0.500000000,0.000000000
80.563378903,76.130969281,26.104093517,6.004989421,0.366644973,-0.013050981,0.400000000,0.400000000,0.500000000,0.000000000
80.763248088,76.317554226,26.175743706,6.019518795,0.368368958,0.008625638,0.400000000,0.400000000,0.500000000,0.000000000
80.963113757,76.504012089,26.247714192,6.032565126,0.372525949,0.020797017,0.400000000,0.400000000,0.500000000,0.000000000
81.163015859,76.690203096,26.320472417,6.042311936,0.360777367,-0.058764260,0.400000000,0.400000000,0.500000000,0.000000000
81.362966128,76.877281105,26.391055194,6.062876369,0.355353071,-0.027128477,0.400000000,0.400000000,0.500000000,0.000000000
81.562912210,77.064735296,26.460620715,6.079700671,0.358778548,0.017133619,0.400000000,0.400000000,0.500000000,0.000000000
81.762820334,77.251914553,26.530814618,6.090727687,0.355480831,-0.016496954,0.400000000,0.400000000,0.500000000,0.000000000
81.962709116,77.439306138,26.600384144,6.103983875,0.350762680,-0.023603601,0.400000000,0.400000000,0.500000000,0.000000000
82.162602252,77.627027965,26.669070254,6.120133797,0.352694653,0.009664201,0.400000000,0.400000000,0.500000000,0.000000000
82.362529539,77.814648791,26.738130706,6.141017836,0.357487692,0.023969461,0.400000000,0.400000000,0.500000000,0.000000000
82.562530681,78.002005638,26.808115478,6.154624280,0.354094373,-0.016967409,0.400000000,0.400000000,0.500000000,0.000000000
82.762510084,78.189578497,26.877456549,6.165904811,0.355722166,0.008139814,0.400000000,0.400000000,0.500000000,0.000000000
82.962488811,78.377037601,26.947102622,6.181782811,0.353279734,-0.012214129,0.400000000,0.400000000,0.500000000,0.000000000
83.162445452,78.564645530,27.016282991,6.197809838,0.359135647,0.029287363,0.400000000,0.400000000,0.500000000,0.000000000
83.362381750,78.751826084,27.086553633,6.211245903,0.353936239,-0.026003870,0.400000000,0.400000000,0.500000000,0.000000000
83.562339984,78.939390050,27.155857705,6.231851947,0.344824418,-0.045581108,0.400000000,0.400000000,0.500000000,0.000000000
83.762187247,79.127473268,27.223412362,6.249277307,0.337917309,-0.034572542,0.400000000,0.400000000,0.500000000,0.000000000
83.961911178,79.315902245,27.289625420,6.263808216,0.346968168,0.045321437,0.400000000,0.400000000,0.500000000,0.000000000
84.161593307,79.503684917,27.357526971,6.233911286,0.343796948,-0.015889007,0.400000000,0.400000000,0.500000000,0.000000000
84.361082590,79.691500414,27.424767681,6.242499405,0.351115728,0.036692814,0.400000000,0.400000000,0.500000000,0.000000000
84.560514140,79.878764555,27.493361301,6.272205611,0.357262496,0.030782800,0.400000000,0.400000000,0.500000000,0.000000000
84.760445723,80.066071992,27.563279553,6.311320548,0.358137885,0.004378233,0.400000000,0.400000000,0.500000000,0.000000000
84.960396520,80.253336146,27.633368481,6.339385639,0.344937612,-0.066024998,0.400000000,0.400000000,0.500000000,0.000000000
85.160299626,80.441464270,27.700963311,6.352171164,0.342883185,-0.010275576,0.400000000,0.400000000,0.500000000,0.000000000
85.360262546,80.629787197,27.768191612,6.362240288,0.335626906,-0.036287597,0.400000000,0.400000000,0.500000000,0.000000000
85.560230388,80.818597636,27.834053253,6.368987400,0.331823543,-0.019023173,0.400000000,0.400000000,0.500000000,0.000000000
85.760128651,81.007591422,27.899173638,6.383630308,0.331942417,0.000594630,0.400000000,0.400000000,0.500000000,0.000000000
85.960056443,81.196605382,27.964326111,6.401263477,0.338582856,0.033209637,0.400000000,0.400000000,0.500000000,0.000000000
86.160038303,81.385233536,28.030750234,6.416285416,0.335813598,-0.013847871,0.400000000,0.400000000,0.500000000,0.000000000
86.360010642,81.574035922,28.096648605,6.432018333,0.332949235,-0.014323360,0.400000000,0.400000000,0.500000000,0.000000000
86.559995113,81.763037756,28.162009873,6.446176361,0.329885233,-0.015321390,0.400000000,0.400000000,0.500000000,0.000000000
86.759974378,81.952234044,28.226790046,6.463292456,0.327701874,-0.010918449,0.400000000,0.400000000,0.500000000,0.000000000
86.959934445,82.141553144,28.291150803,6.472961592,0.318711711,-0.044964352,0.400000000,0.400000000,0.500000000,0.000000000
87.159852630,82.331403426,28.353793849,6.489919160,0.310783201,-0.039651641,0.400000000,0.400000000,0.500000000,0.000000000
87.359841678,82.521811870,28.414951382,6.510723524,0.312293578,0.007553540,0.400000000,0.400000000,0.500000000,0.000000000
87.559764913,82.712065096,28.476376214,6.529384365,0.305274671,-0.035109186,0.400000000,0.400000000,0.500000000,0.000000000
87.759673919,82.902731196,28.536459896,6.545392721,0.294607725,-0.053352532,0.400000000,0.400000000,0.500000000,0.000000000
87.959629545,83.094071957,28.594519911,6.553257116,0.293167125,-0.007207069,0.400000000,0.400000000,0.500000000,0.000000000
88.159448046,83.285364887,28.652264594,6.574387384,0.292693656,-0.002368791,0.400000000,0.400000000,0.500000000,0.000000000
88.359385838,83.476799353,28.709953117,6.588267562,0.280689992,-0.060040721,0.400000000,0.400000000,0.500000000,0.000000000
88.559296414,83.668886335,28.765332086,6.601993692,0.277685410,-0.015026893,0.400000000,0.400000000,0.500000000,0.000000000
88.759279643,83.861208708,28.820153580,6.622318138,0.286118049,0.042167182,0.400000000,0.400000000,0.500000000,0.000000000
88.959257422,84.053056732,28.876593354,6.637974073,0.281070081,-0.025246224,0.400000000,0.400000000,0.500000000,0.000000000
89.159178041,84.245132299,28.932048114,6.653568920,0.273266677,-0.039032746,0.400000000,0.400000000,0.500000000,0.000000000
89.359095269,84.437631484,28.986001443,6.668226387,0.274385630,0.005597210,0.400000000,0.400000000,0.500000000,0.000000000
89.559003203,84.630061231,29.040167617,6.681655456,0.278393484,0.020043487,0.400000000,0.400000000,0.500000000,0.000000000
89.759010854,84.822368221,29.095131988,6.694885554,0.277888163,-0.002527004,0.400000000,0.400000000,0.500000000,0.000000000
89.958940079,85.014627544,29.149977661,6.712829302,0.281328994,0.017208073,0.400000000,0.400000000,0.500000000,0.000000000
90.158919640,85.206745372,29.205498515,6.732475947,0.292168771,0.054206653,0.400000000,0.400000000,0.500000000,0.000000000
90.358880785,85.398232454,29.263093276,6.752228890,0.294013510,0.009225727,0.400000000,0.400000000,0.500000000,0.000000000
90.558831563,85.589603043,29.321038178,6.765525034,0.302384612,0.041862661,0.400000000,0.400000000,0.500000000,0.000000000
90.758811282,85.780509496,29.380591633,6.782408968,0.313275312,0.054461397,0.400000000,0.400000000,0.500000000,0.000000000
90.958771602,85.970737608,29.442214641,6.798799326,0.325070290,0.059019309,0.400000000,0.400000000,0.500000000,0.000000000
91.158507901,86.160013374,29.506005501,6.819189725,0.335057867,0.049973687,0.400000000,0.400000000,0.500000000,0.000000000
91.358483400,86.348868491,29.571762208,6.832686058,0.349618343,0.072807495,0.400000000,0.400000000,0.500000000,0.000000000
91.558476270,86.536762496,29.640267619,6.848409600,0.359382037,0.048820077,0.400000000,0.400000000,0.500000000,0.000000000
91.758468620,86.723978202,29.710604091,6.860941348,0.365784021,0.032012316,0.400000000,0.400000000,0.500000000,0.000000000
91.958445624,86.910725451,29.782132178,6.872912118,0.373761333,0.039892915,0.400000000,0.400000000,0.500000000,0.000000000
92.158403863,87.096878692,29.855140862,6.892101931,0.368354936,-0.027034316,0.400000000,0.400000000,0.500000000,0.000000000
92.358410671,87.283469236,29.927159554,6.908628188,0.370295322,0.009706506,0.400000000,0.400000000,0.500000000,0.000000000
92.558215371,87.469731276,29.999467027,6.924364133,0.362121968,-0.040896292,0.400000000,0.400000000,0.500000000,0.000000000
92.758120855,87.656672330,30.070285420,6.933069099,0.353060838,-0.045324500,0.400000000,0.400000000,0.500000000,0.000000000
92.958047645,87.844267389,30.139414400,6.945160872,0.339867289,-0.065985231,0.400000000,0.400000000,0.500000000,0.000000000
93.158011948,88.032793516,30.206074895,6.966020641,0.342716938,0.014249973,0.400000000,0.400000000,0.500000000,0.000000000
93.357999013,88.221150358,30.273280000,6.979220213,0.341069626,-0.008237164,0.400000000,0.400000000,0.500000000,0.000000000
93.557982452,88.409614235,30.340173520,6.995840011,0.346563438,0.027474800,0.400000000,0.400000000,0.500000000,0.000000000
93.757914922,88.597659831,30.408084098,7.018821860,0.345446853,-0.005583949,0.400000000,0.400000000,0.500000000,0.000000000
93.957908943,88.785839051,30.475805506,7.035115057,0.345579959,0.000665574,0.400000000,0.400000000,0.500000000,0.000000000
94.157887407,88.973994619,30.543546692,7.042352288,0.340422215,-0.025795837,0.400000000,0.400000000,0.500000000,0.000000000
94.357798173,89.162433262,30.610293920,7.052949232,0.332958303,-0.037330151,0.400000000,0.400000000,0.500000000,0.000000000
94.557772989,89.351425378,30.675653746,7.071977513,0.322975833,-0.049918976,0.400000000,0.400000000,0.500000000,0.000000000
94.757743406,89.541056349,30.739122343,7.092167641,0.324636682,0.008304916,0.400000000,0.400000000,0.500000000,0.000000000
94.957740548,89.730606976,30.802914324,7.107730702,0.325440940,0.004021641,0.400000000,0.400000000,0.500000000,0.000000000
95.157708504,89.920078581,30.866849401,7.120088252,0.330547760,0.025539377,0.400000000,0.400000000,0.500000000,0.000000000
95.357657493,90.109203272,30.931745082,7.135400690,0.333138463,0.012955525,0.400000000,0.400000000,0.500000000,0.000000000
95.557646328,90.298196859,30.997143540,7.149807528,0.334431638,0.006466307,0.400000000,0.400000000,0.500000000,0.000000000
95.757630740,90.487101538,31.062784893,7.164335677,0.326581233,-0.039255742,0.400000000,0.400000000,0.500000000,0.000000000
95.957607442,90.676508399,31.126938788,7.180837041,0.326023807,-0.002787562,0.400000000,0.400000000,0.500000000,0.000000000
96.157568750,90.865936409,31.190982162,7.197280058,0.313802675,-0.061113121,0.400000000,0.400000000,0.500000000,0.000000000
96.357556098,91.056157705,31.252713824,7.213434528,0.310595208,-0.016041937,0.400000000,0.400000000,0.500000000,0.000000000
96.557453863,91.246490727,31.313807662,7.226407937,0.315089347,0.022478220,0.400000000,0.400000000,0.500000000,0.000000000
96.757421816,91.436613996,31.375778014,7.242557408,0.317077328,0.009944670,0.400000000,0.400000000,0.500000000,0.000000000
96.957262238,91.626492521,31.438086443,7.255993097,0.324695961,0.038109681,0.400000000,0.400000000,0.500000000,0.000000000
97.157247493,91.816028100,31.501885869,7.266976220,0.342896215,0.091016936,0.400000000,0.400000000,0.500000000,0.000000000
97.357187865,92.004328915,31.569109043,7.279143877,0.349840572,0.034736586,0.400000000,0.400000000,0.500000000,0.000000000
97.557076230,92.192109516,31.637620389,7.298002741,0.356799491,0.034805955,0.400000000,0.400000000,0.500000000,0.000000000
97.757056496,92.379494922,31.707468913,7.310339336,0.377250674,0.102265446,0.400000000,0.400000000,0.500000000,0.000000000
97.957031990,92.565408320,31.781133060,7.335259342,0.390904145,0.068303213,0.400000000,0.400000000,0.500000000,0.000000000
98.156843386,92.750146931,31.857266100,7.350078312,0.404858922,0.069830842,0.400000000,0.400000000,0.500000000,0.000000000
98.356702491,92.933849021,31.935988421,7.359791835,0.425272628,0.102111300,0.400000000,0.400000000,0.500000000,0.000000000
98.556668901,93.116003681,32.018488391,7.374475981,0.440227947,0.074790527,0.400000000,0.400000000,0.500000000,0.000000000
98.756624249,93.296894196,32.103698500,7.386810787,0.442613037,0.011927484,0.400000000,0.400000000,0.500000000,0.000000000
98.956600664,93.477600000,32.189348831,7.398601444,0.440160028,-0.012268540,0.400000000,0.400000000,0.500000000,0.000000000
99.156510319,93.658454964,32.274527185,7.414126512,0.433701818,-0.032305308,0.400000000,0.400000000,0.500000000,0.000000000
99.356423398,93.839859359,32.358537211,7.427378311,0.423352514,-0.051768690,0.400000000,0.400000000,0.500000000,0.000000000
99.556337234,94.022124160,32.440665673,7.440664304,0.421554821,-0.008991979,0.400000000,0.400000000,0.500000000,0.000000000
99.756267091,94.204550926,32.522472901,7.455531626,0.419596484,-0.009796535,0.400000000,0.400000000,0.500000000,0.000000000
99.956139052,94.387084675,32.603899134,7.472774020,0.421894651,0.011496811,0.400000000,0.400000000,0.500000000,0.000000000
100.156058951,94.569474545,32.685764275,7.492031688,0.422510856,0.003081773,0.400000000,0.400000000,0.500000000,0.000000000
100.356041948,94.751871485,32.767767663,7.509388467,0.420336706,-0.010872551,0.400000000,0.400000000,0.500000000,0.000000000
100.555992639,94.934416787,32.849361116,7.524479676,0.417156112,-0.015906076,0.400000000,0.400000000,0.500000000,0.000000000
100.755963660,95.117239267,32.930381792,7.535156458,0.415086617,-0.010348818,0.400000000,0.400000000,0.500000000,0.000000000
100.955940638,95.300234479,33.011026346,7.552052135,0.410685191,-0.022012864,0.400000000,0.400000000,0.500000000,0.000000000
101.155859100,95.483529217,33.090841320,7.564619532,0.405370568,-0.026579152,0.400000000,0.400000000,0.500000000,0.000000000
101.355849301,95.667311477,33.169709321,7.575164632,0.400682341,-0.023444588,0.400000000,0.400000000,0.500000000,0.000000000
101.555799846,95.851424952,33.247699377,7.592198624,0.388685955,-0.059997476,0.400000000,0.400000000,0.500000000,0.000000000
101.755743264,96.036454160,33.323472477,7.611443450,0.381190317,-0.037484924,0.400000000,0.400000000,0.500000000,0.000000000
101.955727041,96.222083594,33.397871564,7.624902808,0.373479278,-0.038557860,0.400000000,0.400000000,0.500000000,0.000000000
102.155714647,96.408284764,33.470838455,7.637955687,0.365779825,-0.038503878,0.400000000,0.400000000,0.500000000,0.000000000
102.355657368,96.595000298,33.542353495,7.647586488,0.359388325,-0.031964261,0.400000000,0.400000000,0.500000000,0.000000000
102.555629338,96.782196484,33.612683977,7.666884759,0.359092144,-0.001481157,0.400000000,0.400000000,0.500000000,0.000000000
102.755589948,96.969402857,33.682955020,7.687100952,0.355431399,-0.018306576,0.400000000,0.400000000,0.500000000,0.000000000
102.955566812,97.156880457,33.752545936,7.696603358,0.343524775,-0.059568236,0.400000000,0.400000000,0.500000000,0.000000000
103.155351775,97.344992653,33.819835112,7.707744230,0.336962691,-0.032839724,0.400000000,0.400000000,0.500000000,0.000000000
103.355209162,97.533610703,33.885912385,7.728934645,0.333357945,-0.018033634,0.400000000,0.400000000,0.500000000,0.000000000
103.555131909,97.722527482,33.951330697,7.747038460,0.327566534,-0.028965506,0.400000000,0.400000000,0.500000000,0.000000000
103.755091868,97.911855188,34.015665796,7.759509196,0.322078547,-0.027444745,0.400000000,0.400000000,0.500000000,0.000000000
103.955061323,98.101542119,34.078963909,7.775461695,0.322835808,0.003786632,0.400000000,0.400000000,0.500000000,0.000000000
104.155057215,98.291206134,34.142414034,7.797959711,0.320790902,-0.010225607,0.400000000,0.400000000,0.500000000,0.000000000
104.355018978,98.480967113,34.205465421,7.813534065,0.317694225,-0.015485724,0.400000000,0.400000000,0.500000000,0.000000000
104.554996659,98.670937554,34.267933849,7.822017938,0.313520835,-0.020870723,0.400000000,0.400000000,0.500000000,0.000000000
104.754946441,98.861140505,34.329600311,7.838489196,0.310475948,-0.015232161,0.400000000,0.400000000,0.500000000,0.000000000
104.954793615,99.051432641,34.390655994,7.856825078,0.307686881,-0.013950784,0.400000000,0.400000000,0.500000000,0.000000000
105.154790076,99.242036599,34.451225914,7.871451452,0.305952000,-0.008674856,0.400000000,0.400000000,0.500000000,0.000000000
105.354772753,99.432732209,34.511460917,7.889657301,0.305536996,-0.002075267,0.400000000,0.400000000,0.500000000,0.000000000
105.554742702,99.623440662,34.571612946,7.910180564,0.303491773,-0.010227217,0.400000000,0.400000000,0.500000000,0.000000000
105.754729414,99.814287736,34.631379818,7.926007078,0.305849806,0.011790742,0.400000000,0.400000000,0.500000000,0.000000000
105.954722892,100.004999800,34.691598584,7.932249977,0.316076907,0.051140068,0.400000000,0.400000000,0.500000000,0.000000000
106.154691997,100.195062873,34.753757023,7.948172511,0.326179728,0.050528019,0.400000000,0.400000000,0.500000000,0.000000000
106.354611048,100.384440866,34.817816392,7.963041732,0.340207011,0.070159535,0.400000000,0.400000000,0.500000000,0.000000000
106.554556894,100.572926937,34.884534770,7.975133015,0.357908219,0.088534560,0.400000000,0.400000000,0.500000000,0.000000000
106.754476976,100.760178416,34.954569929,7.991172861,0.370828791,0.064630344,0.400000000,0.400000000,0.500000000,0.000000000
106.954384017,100.946497240,35.027013844,8.006323575,0.385433399,0.073055550,0.400000000,0.400000000,0.500000000,0.000000000
107.154295427,101.131742264,35.102172693,8.022014219,0.398796901,0.066856540,0.400000000,0.400000000,0.500000000,0.000000000
107.354147500,101.315911712,35.179777237,8.038876729,0.402143019,0.016738954,0.400000000,0.400000000,0.500000000,0.000000000
107.554095412,101.499908650,35.258035110,8.050991268,0.403083878,0.004705219,0.400000000,0.400000000,0.500000000,0.000000000
107.754069181,101.683855660,35.336476206,8.066030721,0.404775829,0.008460727,0.400000000,0.400000000,0.500000000,0.000000000
107.954049398,101.867675617,35.415230959,8.076535101,0.396439450,-0.041685714,0.400000000,0.400000000,0.500000000,0.000000000
108.154031388,102.052147343,35.492451284,8.089230908,0.395177007,-0.006312794,0.400000000,0.400000000,0.500000000,0.000000000
108.354012705,102.236715787,35.569438403,8.105352070,0.395361229,0.000921226,0.400000000,0.400000000,0.500000000,0.000000000
108.553980599,102.421257657,35.646454353,8.117636210,0.387654161,-0.038541156,0.400000000,0.400000000,0.500000000,0.000000000
108.753951373,102.606390275,35.722046842,8.132376862,0.379308248,-0.041744531,0.400000000,0.400000000,0.500000000,0.000000000
108.953836002,102.792067304,35.796059717,8.148085499,0.373318590,-0.029962710,0.400000000,0.400000000,0.500000000,0.000000000
109.153758274,102.978219362,35.868972859,8.168551065,0.361605509,-0.058578411,0.400000000,0.400000000,0.500000000,0.000000000
109.353744901,103.165272861,35.939723402,8.180895110,0.351162214,-0.052219510,0.400000000,0.400000000,0.500000000,0.000000000
109.553733218,103.353056603,36.008517249,8.192897259,0.351405891,0.001218495,0.400000000,0.400000000,0.500000000,0.000000000
109.753708022,103.540810889,36.077352200,8.209325664,0.346583146,-0.024116447,0.400000000,0.400000000,0.500000000,0.000000000
109.953687665,103.728899514,36.145282508,8.221437130,0.348277556,0.008473458,0.400000000,0.400000000,0.500000000,0.000000000
110.153641554,103.916848559,36.213522628,8.244872526,0.347179995,-0.005488804,0.400000000,0.400000000,0.500000000,0.000000000
110.353614881,104.104890668,36.281563035,8.263979271,0.340172465,-0.035041293,0.400000000,0.400000000,0.500000000,0.000000000
110.553599152,104.293415267,36.348287722,8.273564162,0.332301302,-0.039365935,0.400000000,0.400000000,0.500000000,0.000000000
110.753511029,104.482390789,36.413502835,8.288324871,0.330918985,-0.006913969,0.400000000,0.400000000,0.500000000,0.000000000
110.953461127,104.671492424,36.478469079,8.307509266,0.323551259,-0.036846853,0.400000000,0.400000000,0.500000000,0.000000000
111.153420862,104.861076715,36.542043387,8.324654623,0.316837542,-0.033579882,0.400000000,0.400000000,0.500000000,0.000000000
111.353325840,105.051031517,36.604326397,8.335916025,0.315954393,-0.004417104,0.400000000,0.400000000,0.500000000,0.000000000
111.553297502,105.241104634,36.666462344,8.348982442,0.313504034,-0.012253515,0.400000000,0.400000000,0.500000000,0.000000000
111.753269593,105.431329843,36.728132491,8.361711607,0.308097688,-0.027034802,0.400000000,0.400000000,0.500000000,0.000000000
111.953251578,105.621895109,36.788776318,8.372586472,0.303646178,-0.022259052,0.400000000,0.400000000,0.500000000,0.000000000
112.153242291,105.812736771,36.848573853,8.388111376,0.296348178,-0.036492080,0.400000000,0.400000000,0.500000000,0.000000000
112.353227880,106.004004849,36.906975550,8.409710930,0.294246145,-0.010511746,0.400000000,0.400000000,0.500000000,0.000000000
112.553182169,106.195365312,36.964965988,8.423932080,0.283114089,-0.055672727,0.400000000,0.400000000,0.500000000,0.000000000
112.753136357,106.387359360,37.020822614,8.440101718,0.271461698,-0.058279273,0.400000000,0.400000000,0.500000000,0.000000000
112.953061052,106.579962810,37.074430400,8.455694685,0.262010676,-0.047285146,0.400000000,0.400000000,0.500000000,0.000000000
113.152880808,106.772962942,37.126188338,8.471114799,0.257751780,-0.021304044,0.400000000,0.400000000,0.500000000,0.000000000
113.352881152,106.966356376,37.177169875,8.480844525,0.253474790,-0.021394272,0.400000000,0.400000000,0.500000000,0.000000000
113.552706207,107.159796401,37.227279850,8.496213580,0.253866570,0.001960035,0.400000000,0.400000000,0.500000000,0.000000000
113.752650013,107.353331723,37.277495431,8.515459603,0.257770189,0.019521380,0.400000000,0.400000000,0.500000000,0.000000000
113.952638579,107.546712829,37.328477525,8.526452948,0.253028390,-0.023711337,0.400000000,0.400000000,0.500000000,0.000000000
114.152610082,107.740316989,37.378537804,8.546373585,0.253199454,0.000855453,0.400000000,0.400000000,0.500000000,0.000000000
114.352575186,107.933906387,37.428629598,8.559565929,0.246472026,-0.033641562,0.400000000,0.400000000,0.500000000,0.000000000
114.552556736,108.127844340,37.477421923,8.574091113,0.243735144,-0.013687084,0.400000000,0.400000000,0.500000000,0.000000000
114.752496862,108.321874905,37.525673283,8.587643304,0.231961131,-0.058885528,0.400000000,0.400000000,0.500000000,0.000000000
114.952449383,108.516472183,37.571639682,8.598374848,0.228204443,-0.018791308,0.400000000,0.400000000,0.500000000,0.000000000
115.152329198,108.711169949,37.616858270,8.615077972,0.220379600,-0.039141839,0.400000000,0.400000000,0.500000000,0.000000000
115.352268241,108.906273374,37.660564956,8.629601165,0.212652273,-0.038646728,0.400000000,0.400000000,0.500000000,0.000000000
115.552223766,109.101724817,37.702766203,8.645336771,0.200327009,-0.061636055,0.400000000,0.400000000,0.500000000,0.000000000
115.752202537,109.297704324,37.742559941,8.661601380,0.196275021,-0.020264425,0.400000000,0.400000000,0.500000000,0.000000000
115.952134913,109.493797962,37.781550200,8.681993244,0.186515873,-0.048808204,0.400000000,0.400000000,0.500000000,0.000000000
116.152098804,109.690293735,37.818630769,8.695961122,0.169912636,-0.083027846,0.400000000,0.400000000,0.500000000,0.000000000
116.352074131,109.887389326,37.852445846,8.712816275,0.157084264,-0.064162972,0.400000000,0.400000000,0.500000000,0.000000000
116.551964462,110.084818531,37.883716498,8.725690730,0.139200158,-0.089467475,0.400000000,0.400000000,0.500000000,0.000000000
116.751858918,110.282779466,37.911452064,8.745721186,0.124538459,-0.073344764,0.400000000,0.400000000,0.500000000,0.000000000
116.951763084,110.481135395,37.936283516,8.764054509,0.107776981,-0.083847411,0.400000000,0.400000000,0.500000000,0.000000000
117.151663308,110.679875734,37.957786472,8.783719606,0.097762676,-0.050092338,0.400000000,0.400000000,0.500000000,0.000000000
117.351595207,110.878852965,37.977301230,8.798276342,0.084757441,-0.065049670,0.400000000,0.400000000,0.500000000,0.000000000
117.551516005,111.078056095,37.994225724,8.809723227,0.076888864,-0.039353155,0.400000000,0.400000000,0.500000000,0.000000000
117.751489782,111.277439051,38.009586335,8.831255330,0.060723566,-0.080840209,0.400000000,0.400000000,0.500000000,0.000000000
117.951443772,111.477024504,38.021720794,8.844943948,0.046700219,-0.070143063,0.400000000,0.400000000,0.500000000,0.000000000
118.151336370,111.676699167,38.031052429,8.862394789,0.028534158,-0.090876710,0.400000000,0.400000000,0.500000000,0.000000000
118.351234014,111.876515439,38.036755567,8.883051394,0.017414051,-0.055620523,0.400000000,0.400000000,0.500000000,0.000000000
118.551190560,112.076441668,38.040237444,8.898093260,0.007802412,-0.048068542,0.400000000,0.400000000,0.500000000,0.000000000
118.751146384,112.276391405,38.041797566,8.912926305,0.001228624,-0.032876630,0.400000000,0.400000000,0.500000000,0.000000000
118.951096286,112.476341156,38.042043229,8.928112726,-0.004708463,-0.029690384,0.400000000,0.400000000,0.500000000,0.000000000
119.151079153,112.676321807,38.041101621,8.945483406,-0.010783007,-0.030376733,0.400000000,0.400000000,0.500000000,0.000000000
119.351042815,112.876273843,38.038945453,8.962772585,-0.017106794,-0.031628946,0.400000000,0.400000000,0.500000000,0.000000000
119.550951867,113.076153646,38.035525817,8.984957836,-0.020457424,-0.016757543,0.400000000,0.400000000,0.500000000,0.000000000
119.750937810,113.276097743,38.031434905,8.998078549,-0.013766581,0.033458711,0.400000000,0.400000000,0.500000000,0.000000000
119.950897379,113.476038363,38.028682232,9.017649140,-0.013877623,-0.000555414,0.400000000,0.400000000,0.500000000,0.000000000
120.150791476,113.675913212,38.025908266,9.035079196,-0.001108604,0.063872948,0.400000000,0.400000000,0.500000000,0.000000000
120.350720241,113.875841854,38.025686624,9.054487531,0.002641305,0.018756302,0.400000000,0.400000000,0.500000000,0.000000000
120.550647128,114.075768044,38.026214691,9.062122346,0.006614901,0.019875335,0.400000000,0.400000000,0.500000000,0.000000000
120.750572032,114.275688574,38.027537165,9.078036112,-0.002485249,-0.045512944,0.400000000,0.400000000,0.500000000,0.000000000
120.950538584,114.475654508,38.027040199,9.096642768,-0.009127986,-0.033223952,0.400000000,0.400000000,0.500000000,0.000000000
121.150447693,114.675555289,38.025215457,9.111569032,-0.022711919,-0.067970847,0.400000000,0.400000000,0.500000000,0.000000000
121.350234329,114.875290399,38.020678309,9.131370600,-0.035236704,-0.062665065,0.400000000,0.400000000,0.500000000,0.000000000
121.550182472,115.075114424,38.013634254,9.141666033,-0.051653192,-0.082106592,0.400000000,0.400000000,0.500000000,0.000000000
121.750112174,115.274777475,38.003311838,9.157789624,-0.061640642,-0.049953082,0.400000000,0.400000000,0.500000000,0.000000000
121.950054013,115.474339587,37.990995098,9.168724794,-0.064380909,-0.013703412,0.400000000,0.400000000,0.500000000,0.000000000
122.150051530,115.673922762,37.978127969,9.192657220,-0.069168331,-0.023937335,0.400000000,0.400000000,0.500000000,0.000000000
122.350049841,115.873442843,37.964305447,9.211202069,-0.071513962,-0.011728485,0.400000000,0.400000000,0.500000000,0.000000000
122.550040269,116.072922088,37.950015527,9.221149912,-0.064872431,0.033210495,0.400000000,0.400000000,0.500000000,0.000000000
122.750014920,116.272476096,37.937051783,9.235869534,-0.053697296,0.055884321,0.400000000,0.400000000,0.500000000,0.000000000
122.949976319,116.472149281,37.926319556,9.253641351,-0.025205382,0.142533616,0.400000000,0.400000000,0.500000000,0.000000000
123.149793585,116.671903077,37.921283618,9.259146107,0.001385917,0.133229063,0.400000000,0.400000000,0.500000000,0.000000000
123.349146222,116.871255523,37.921559904,9.270254400,0.033311658,0.160034237,0.400000000,0.400000000,0.500000000,0.000000000
123.548763029,117.070761586,37.928208241,9.293873928,0.057493320,0.121031562,0.400000000,0.400000000,0.500000000,0.000000000
123.748729148,117.270397303,37.939698625,9.306273162,0.078564284,0.105367480,0.400000000,0.400000000,0.500000000,0.000000000
123.948707566,117.469758871,37.955393629,9.320110182,0.076279851,-0.011424408,0.400000000,0.400000000,0.500000000,0.000000000
124.148650572,117.669120463,37.970630465,9.340274481,0.066977435,-0.046520289,0.400000000,0.400000000,0.500000000,0.000000000
124.348635506,117.868657001,37.984014931,9.357012223,0.057067750,-0.049586786,0.400000000,0.400000000,0.500000000,0.000000000
124.548339510,118.068035903,37.995405404,9.371593115,0.047763789,-0.046570163,0.400000000,0.400000000,0.500000000,0.000000000
124.748201526,118.267669981,38.004947942,9.387546651,0.021696699,-0.130443990,0.400000000,0.400000000,0.500000000,0.000000000
124.947995370,118.467416801,38.009282468,9.403570832,0.000575906,-0.105722520,0.400000000,0.400000000,0.500000000,0.000000000
125.147745544,118.667166942,38.009397506,9.423461106,-0.012892258,-0.067437801,0.400000000,0.400000000,0.500000000,0.000000000
125.347417105,118.866821910,38.006823360,9.437367302,-0.040176579,-0.136547588,0.400000000,0.400000000,0.500000000,0.000000000
125.547364095,119.066607548,37.998792335,9.449002739,-0.067068958,-0.134538390,0.400000000,0.400000000,0.500000000,0.000000000
125.747177639,119.265971855,37.985401093,9.465173382,-0.082511865,-0.077276496,0.400000000,0.400000000,0.500000000,0.000000000
125.947039402,119.465153654,37.968928832,9.488154716,-0.093486894,-0.054898386,0.400000000,0.400000000,0.500000000,0.000000000
126.147006268,119.664247321,37.950261770,9.504348085,-0.110635419,-0.085756339,0.400000000,0.400000000,0.500000000,0.000000000
126.346970536,119.862989036,37.928183744,9.517221621,-0.121940737,-0.056546975,0.400000000,0.400000000,0.500000000,0.000000000
126.546859957,120.061394165,37.903869442,9.533753871,-0.135631553,-0.068499164,0.400000000,0.400000000,0.500000000,0.000000000
126.746704132,120.259402998,37.876847294,9.551157353,-0.151733896,-0.080583023,0.400000000,0.400000000,0.500000000,0.000000000
126.946501676,120.456904964,37.846647429,9.569754463,-0.183772020,-0.160326352,0.400000000,0.400000000,0.500000000,0.000000000
127.146348410,120.653386557,37.810127563,9.588502973,-0.197509905,-0.068769526,0.400000000,0.400000000,0.500000000,0.000000000
127.346032626,120.849188561,37.770943877,9.604503272,-0.209485187,-0.059944915,0.400000000,0.400000000,0.500000000,0.000000000
127.545888876,121.044675575,37.729382497,9.623590124,-0.227366042,-0.089448537,0.400000000,0.400000000,0.500000000,0.000000000
127.745829368,121.239470299,37.684313483,9.641740315,-0.245400970,-0.090210656,0.400000000,0.400000000,0.500000000,0.000000000
127.945723758,121.433375850,37.635750080,9.658877614,-0.256342144,-0.054768202,0.400000000,0.400000000,0.500000000,0.000000000
128.145372130,121.626500487,37.585130449,9.680661983,-0.271247683,-0.074613187,0.400000000,0.400000000,0.500000000,0.000000000
128.345261746,121.819081609,37.531573282,9.696321951,-0.285729646,-0.072437896,0.400000000,0.400000000,0.500000000,0.000000000
128.545213570,122.010926637,37.475215343,9.711285163,-0.295611158,-0.049423474,0.400000000,0.400000000,0.500000000,0.000000000
128.745131324,122.202172813,37.416974393,9.723173951,-0.297201129,-0.007955110,0.400000000,0.400000000,0.500000000,0.000000000
128.944949254,122.393230700,37.358458674,9.740769010,-0.298277935,-0.005387151,0.400000000,0.400000000,0.500000000,0.000000000
129.144899692,122.584352121,37.299698315,9.755023501,-0.302365693,-0.020443594,0.400000000,0.400000000,0.500000000,0.000000000
129.344854970,122.775236369,37.240155750,9.769061441,-0.307406321,-0.025207325,0.400000000,0.400000000,0.500000000,0.000000000
129.544832894,122.965839647,37.179644917,9.790239713,-0.315376742,-0.039857587,0.400000000,0.400000000,0.500000000,0.000000000
129.744798876,123.155943224,37.117620538,9.809239873,-0.336403931,-0.105209231,0.400000000,0.400000000,0.500000000,0.000000000
129.944546903,123.344494937,37.051684766,9.825192095,-0.360059447,-0.118452303,0.400000000,0.400000000,0.500000000,0.000000000
130.144199544,123.531345028,36.981341177,9.840018466,-0.385178632,-0.125830455,0.400000000,0.400000000,0.500000000,0.000000000
130.343790866,123.716312559,36.906349791,9.852798345,-0.414732900,-0.147940129,0.400000000,0.400000000,0.500000000,0.000000000
130.543728627,123.899300393,36.825785772,9.868781222,-0.460089766,-0.226901146,0.400000000,0.400000000,0.500000000,0.000000000
130.743550664,124.078343465,36.737059084,9.886073970,-0.501101003,-0.205643566,0.400000000,0.400000000,0.500000000,0.000000000
130.942558149,124.252883811,36.641457586,9.906373882,-0.548798268,-0.239715039,0.400000000,0.400000000,0.500000000,0.000000000
131.141462652,124.422579593,36.537696597,9.928405484,-0.598031765,-0.247247137,0.400000000,0.400000000,0.500000000,0.000000000
131.340771253,124.587297262,36.425482481,9.937663990,-0.656430880,-0.292699116,0.400000000,0.400000000,0.500000000,0.000000000
131.540444497,124.745473511,36.303623223,9.946927937,-0.703831636,-0.237424200,0.400000000,0.400000000,0.500000000,0.000000000
131.740025577,124.897627774,36.174465615,9.959090649,-0.761958830,-0.291614993,0.400000000,0.400000000,0.500000000,0.000000000
131.939045475,125.041615713,36.037074227,9.978333942,-0.824071661,-0.312181630,0.400000000,0.400000000,0.500000000,0.000000000
132.137889132,125.176677996,35.891139381,9.994598752,-0.896955427,-0.367047116,0.400000000,0.400000000,0.500000000,0.000000000
132.336093334,125.300355829,35.736256524,10.007040597,-0.977935266,-0.408138544,0.400000000,0.400000000,0.500000000,0.000000000
132.534605957,125.411272000,35.571620974,10.021414294,-1.050697206,-0.366638937,0.400000000,0.400000000,0.500000000,0.000000000
132.732919108,125.509826924,35.399530786,10.037142939,-1.107953689,-0.288162260,0.400000000,0.400000000,0.500000000,0.000000000
132.931942249,125.598689456,35.221447487,10.045624829,-1.147380943,-0.197667667,0.400000000,0.400000000,0.500000000,0.000000000
133.131817941,125.680813704,35.039222626,10.052589942,-1.176964144,-0.147962475,0.400000000,0.400000000,0.500000000,0.000000000
133.331802030,125.757553606,34.854548255,10.058512484,-1.181007882,-0.020228246,0.400000000,0.400000000,0.500000000,0.000000000
133.531628728,125.833486300,34.669710663,10.066339110,-1.182746323,-0.008697879,0.400000000,0.400000000,0.500000000,0.000000000
133.731541191,125.909130002,34.484661959,10.071425077,-1.188450921,-0.028576925,0.400000000,0.400000000,0.500000000,0.000000000
133.930873179,125.983500277,34.299723310,10.087909958,-1.185719590,0.013682986,0.400000000,0.400000000,0.500000000,0.000000000
134.130771219,126.058588028,34.114463882,10.101487282,-1.190625335,-0.024545562,0.400000000,0.400000000,0.500000000,0.000000000
134.330598408,126.132739753,33.928904114,10.107447519,-1.198865109,-0.041220762,0.400000000,0.400000000,0.500000000,0.000000000
134.530557648,126.205407997,33.742616637,10.112170122,-1.203072072,-0.021045606,0.400000000,0.400000000,0.500000000,0.000000000
134.730393022,126.277247367,33.556140683,10.122798730,-1.205917098,-0.014234042,0.400000000,0.400000000,0.500000000,0.000000000
134.930307056,126.348583986,33.369387617,10.134476804,-1.210273916,-0.021795552,0.400000000,0.400000000,0.500000000,0.000000000
135.130182313,126.419092603,33.182361808,10.137957684,-1.212615385,-0.011714428,0.400000000,0.400000000,0.500000000,0.000000000
135.330065082,126.489165746,32.995164382,10.144854468,-1.209086877,0.017653255,0.400000000,0.400000000,0.500000000,0.000000000
135.529939324,126.559895961,32.808223350,10.157172653,-1.213538280,-0.022267408,0.400000000,0.400000000,0.500000000,0.000000000
135.729878061,126.629815882,32.620908900,10.162602556,-1.223664346,-0.050653589,0.400000000,0.400000000,0.500000000,0.000000000
135.929753969,126.697814118,32.432955134,10.172472638,-1.226541892,-0.014398885,0.400000000,0.400000000,0.500000000,0.000000000
136.129568018,126.765250350,32.244864707,10.176870246,-1.224976609,0.007833011,0.400000000,0.400000000,0.500000000,0.000000000
136.329417047,126.832992772,32.056847157,10.186494414,-1.232692704,-0.038640833,0.400000000,0.400000000,0.500000000,0.000000000
136.528942213,126.899175005,31.868618031,10.188825743,-1.238494035,-0.029050209,0.400000000,0.400000000,0.500000000,0.000000000
136.728816761,126.964378127,31.679677861,10.198729372,-1.232485224,0.030070617,0.400000000,0.400000000,0.500000000,0.000000000
136.928588247,127.030681165,31.491230113,10.209086746,-1.241041063,-0.042817375,0.400000000,0.400000000,0.500000000,0.000000000
137.128458858,127.095401565,31.302128207,10.218407679,-1.253647401,-0.063091663,0.400000000,0.400000000,0.500000000,0.000000000
137.328205377,127.157694303,31.112343364,10.222176268,-1.262362351,-0.043614915,0.400000000,0.400000000,0.500000000,0.000000000
137.528089215,127.218372417,30.921892018,10.230334406,-1.262829836,-0.002340277,0.400000000,0.400000000,0.500000000,0.000000000
137.727718118,127.278884215,30.731655268,10.237075378,-1.265526076,-0.013499514,0.400000000,0.400000000,0.500000000,0.000000000
137.927546357,127.338942781,30.541065935,10.246040709,-1.277575960,-0.060306296,0.400000000,0.400000000,0.500000000,0.000000000
138.127338456,127.396690017,30.349801355,10.253681951,-1.274986162,0.012962071,0.400000000,0.400000000,0.500000000,0.000000000
138.327142605,127.454935908,30.158675443,10.265031829,-1.269501960,0.027439196,0.400000000,0.400000000,0.500000000,0.000000000
138.527072772,127.514266487,29.967751495,10.270341600,-1.267104280,0.011995025,0.400000000,0.400000000,0.500000000,0.000000000
138.726921686,127.574030372,29.777047886,10.273665390,-1.250961551,0.080769634,0.400000000,0.400000000,0.500000000,0.000000000
138.926791144,127.636871272,29.587314332,10.286529078,-1.210463783,0.202725822,0.400000000,0.400000000,0.500000000,0.000000000
139.126426797,127.707259897,29.400499356,10.292002224,-1.163157029,0.237379458,0.400000000,0.400000000,0.500000000,0.000000000
139.325328935,127.786113291,29.217895405,10.294700553,-1.112384919,0.255334048,0.400000000,0.400000000,0.500000000,0.000000000
139.524075740,127.874063539,29.039667892,10.305853850,-1.067935588,0.223262881,0.400000000,0.400000000,0.500000000,0.000000000
139.723475481,127.970161075,28.864952352,10.316065961,-1.038992770,0.144959410,0.400000000,0.400000000,0.500000000,0.000000000
139.923384864,128.071532852,28.692651672,10.328894423,-1.030973713,0.040121286,0.400000000,0.400000000,0.500000000,0.000000000
140.123215192,128.174242411,28.521237242,10.341964895,-1.031667991,-0.003474500,0.400000000,0.400000000,0.500000000,0.000000000
140.323027007,128.276823432,28.349767433,10.347235307,-1.036761908,-0.025492927,0.400000000,0.400000000,0.500000000,0.000000000
140.522848459,128.378534578,28.177769016,10.364564355,-1.035955335,0.004040279,0.400000000,0.400000000,0.500000000,0.000000000
140.722292731,128.480192170,28.006177198,10.369299526,-1.037893899,-0.010215790,0.400000000,0.400000000,0.500000000,0.000000000
140.902371392,128.571678512,27.851068935,10.378774611,-1.036194994,0.008957820,0.400000000,0.400000000,0.500000000,0.000000000
141.101604744,128.673187514,27.679634250,10.391938086,-1.051711489,-0.077802932,0.400000000,0.400000000,0.500000000,0.000000000
141.301233991,128.772220735,27.506301457,10.402431760,-1.067553308,-0.079351346,0.400000000,0.400000000,0.500000000,0.000000000
141.500883495,128.868505508,27.331403867,10.412743051,-1.090465683,-0.114713715,0.400000000,0.400000000,0.500000000,0.000000000
141.700695798,128.960833264,27.154201887,10.420145908,-1.126213223,-0.178858391,0.400000000,0.400000000,0.500000000,0.000000000
141.900592293,129.046805058,26.973737321,10.430841564,-1.154849503,-0.143421561,0.400000000,0.400000000,0.500000000,0.000000000
142.100012350,129.127381969,26.791320983,10.439735328,-1.166988795,-0.060814914,0.400000000,0.400000000,0.500000000,0.000000000
142.299810713,129.205887238,26.607592083,10.449963680,-1.185882352,-0.094543155,0.400000000,0.400000000,0.500000000,0.000000000
142.499687541,129.280936871,26.422340095,10.455221008,-1.200876300,-0.075007882,0.400000000,0.400000000,0.500000000,0.000000000
142.699603553,129.353214679,26.235947150,10.465872672,-1.195578976,0.026508511,0.400000000,0.400000000,0.500000000,0.000000000
142.899356724,129.426419176,26.050091208,10.474315229,-1.195743345,-0.000822859,0.400000000,0.400000000,0.500000000,0.000000000
143.099109363,129.499592928,25.864223732,10.481491512,-1.199768181,-0.020146593,0.400000000,0.400000000,0.500000000,0.000000000
143.298911505,129.572035952,25.678017114,10.490082421,-1.201436986,-0.008348367,0.400000000,0.400000000,0.500000000,0.000000000
143.498901348,129.644235896,25.491514821,10.499452107,-1.199973372,0.007319221,0.400000000,0.400000000,0.500000000,0.000000000
143.698848633,129.716693307,25.305158066,10.512037923,-1.201993196,-0.010101310,0.400000000,0.400000000,0.500000000,0.000000000
143.898814606,129.788780901,25.118637908,10.520623788,-1.198847343,0.015736677,0.400000000,0.400000000,0.500000000,0.000000000
144.098660196,129.861411150,24.932457601,10.530768059,-1.199402193,-0.002776248,0.400000000,0.400000000,0.500000000,0.000000000
144.298527258,129.933945879,24.746217015,10.532234947,-1.198686699,0.003578885,0.400000000,0.400000000,0.500000000,0.000000000
144.498501978,130.006652985,24.559928086,10.542666788,-1.197493004,0.005970437,0.400000000,0.400000000,0.500000000,0.000000000
144.698395985,130.079552976,24.373801233,10.553874745,-1.202477189,-0.024930812,0.400000000,0.400000000,0.500000000,0.000000000
144.898342953,130.151543444,24.187263938,10.559335243,-1.209397298,-0.034608822,0.400000000,0.400000000,0.500000000,0.000000000
145.098299519,130.222244733,24.000223953,10.570478948,-1.214986262,-0.027953098,0.400000000,0.400000000,0.500000000,0.000000000
145.298224007,130.291888390,23.812821814,10.581007196,-1.217174085,-0.010944495,0.400000000,0.400000000,0.500000000,0.000000000
145.498102757,130.361106038,23.625310662,10.583422787,-1.226219079,-0.045252332,0.400000000,0.400000000,0.500000000,0.000000000
145.697980804,130.428624604,23.437181778,10.591949282,-1.231331522,-0.025573845,0.400000000,0.400000000,0.500000000,0.000000000
145.897920359,130.495200974,23.248652171,10.600200788,-1.231546518,-0.001075350,0.400000000,0.400000000,0.500000000,0.000000000
146.097843890,130.561731477,23.060123366,10.608933678,-1.238082763,-0.032689464,0.400000000,0.400000000,0.500000000,0.000000000
146.297818864,130.627045099,22.871115110,10.623227598,-1.240350966,-0.011343159,0.400000000,0.400000000,0.500000000,0.000000000
146.497768191,130.691921523,22.681983454,10.632212939,-1.244430817,-0.020402649,0.400000000,0.400000000,0.500000000,0.000000000
146.697752009,130.756036837,22.492556017,10.636353851,-1.242545304,0.009430689,0.400000000,0.400000000,0.500000000,0.000000000
146.897635711,130.820476930,22.303344578,10.645954532,-1.236837942,0.028551852,0.400000000,0.400000000,0.500000000,0.000000000
147.097540712,130.886002846,22.114483879,10.652927486,-1.230988080,0.029268275,0.400000000,0.400000000,0.500000000,0.000000000
147.297375930,130.952609185,21.926075520,10.652192135,-1.235963167,-0.024889024,0.400000000,0.400000000,0.500000000,0.000000000
147.497321866,131.018313739,21.737233551,10.661936697,-1.226613672,0.046764955,0.400000000,0.400000000,0.500000000,0.000000000
147.697224938,131.085766509,21.549054482,10.672147907,-1.222182521,0.022163974,0.400000000,0.400000000,0.500000000,0.000000000
147.897173247,131.154067917,21.361133637,10.682017905,-1.242084144,-0.099575155,0.400000000,0.400000000,0.500000000,0.000000000
148.096949034,131.218560422,21.172054072,10.688789723,-1.255083044,-0.065145303,0.400000000,0.400000000,0.500000000,0.000000000
148.296244486,131.280440579,20.982608768,10.692473194,-1.262366381,-0.036519506,0.400000000,0.400000000,0.500000000,0.000000000
148.495821958,131.341024924,20.792449087,10.704751384,-1.283663468,-0.106623889,0.400000000,0.400000000,0.500000000,0.000000000
148.695717536,131.397636078,20.600737273,10.714753083,-1.305359397,-0.108542972,0.400000000,0.400000000,0.500000000,0.000000000
148.895580735,131.450066375,20.407873689,10.715791996,-1.306081896,-0.003614315,0.400000000,0.400000000,0.500000000,0.000000000
149.095516090,131.502376194,20.214902631,10.722847044,-1.300362919,0.028601546,0.400000000,0.400000000,0.500000000,0.000000000
149.295487029,131.555798253,20.022199595,10.729407743,-1.300023774,0.001696778,0.400000000,0.400000000,0.500000000,0.000000000
149.495267706,131.609234774,19.829698018,10.738313556,-1.293343942,0.033440277,0.400000000,0.400000000,0.500000000,0.000000000
149.694994433,131.663941194,19.637609567,10.745217460,-1.280420329,0.064671274,0.400000000,0.400000000,0.500000000,0.000000000
149.894935846,131.721186920,19.446038443,10.748070413,-1.273282585,0.035706973,0.400000000,0.400000000,0.500000000,0.000000000
150.094789085,131.779772714,19.254965102,10.760223355,-1.277284108,-0.020017554,0.400000000,0.400000000,0.500000000,0.000000000
150.294736989,131.837620846,19.063568242,10.770321127,-1.272866131,0.022099351,0.400000000,0.400000000,0.500000000,0.000000000
150.494617427,131.896294192,18.872493314,10.782714234,-1.266832475,0.030179120,0.400000000,0.400000000,0.500000000,0.000000000
150.694592703,131.956147730,18.681685387,10.789838963,-1.268571838,-0.008701027,0.400000000,0.400000000,0.500000000,0.000000000
150.894423823,132.015626385,18.490911264,10.793928988,-1.273783513,-0.026072866,0.400000000,0.400000000,0.500000000,0.000000000
151.094369859,132.074143617,18.299719865,10.804902314,-1.276287834,-0.012525394,0.400000000,0.400000000,0.500000000,0.000000000
151.294302829,132.132178068,18.108395024,10.812782435,-1.279830733,-0.017719750,0.400000000,0.400000000,0.500000000,0.000000000
151.494251055,132.189538688,17.916851159,10.822300104,-1.287384845,-0.037776176,0.400000000,0.400000000,0.500000000,0.000000000
151.694242409,132.245462802,17.724838046,10.826765882,-1.297271095,-0.049437446,0.400000000,0.400000000,0.500000000,0.000000000
151.894199265,132.299476605,17.532314663,10.828593770,-1.292584197,0.023441554,0.400000000,0.400000000,0.500000000,0.000000000
152.094121453,132.354382628,17.340079885,10.830396323,-1.283960935,0.043145376,0.400000000,0.400000000,0.500000000,0.000000000
152.293928567,132.410911724,17.148436089,10.838330440,-1.282867032,0.005475934,0.400000000,0.400000000,0.500000000,0.000000000
152.493652595,132.467626831,16.956933912,10.848019420,-1.269156428,0.068612382,0.400000000,0.400000000,0.500000000,0.000000000
152.693579347,132.527022363,16.766033737,10.860837295,-1.248714332,0.102240636,0.400000000,0.400000000,0.500000000,0.000000000
152.893527667,132.590314440,16.576367072,10.868801279,-1.241594708,0.035615404,0.400000000,0.400000000,0.500000000,0.000000000
153.093384378,132.654925641,16.387242516,10.880121679,-1.237769453,0.019135370,0.400000000,0.400000000,0.500000000,0.000000000
153.293337275,132.720291261,16.198275596,10.896825015,-1.233948848,0.019112816,0.400000000,0.400000000,0.500000000,0.000000000
153.493179222,132.786341700,16.009664506,10.900475730,-1.240013265,-0.030339769,0.400000000,0.400000000,0.500000000,0.000000000
153.693103526,132.851273863,15.820578437,10.910586012,-1.246041319,-0.030161088,0.400000000,0.400000000,0.500000000,0.000000000
153.892902491,132.915025039,15.631223178,10.918223754,-1.243948809,0.010472364,0.400000000,0.400000000,0.500000000,0.000000000
154.092728461,132.979180973,15.441976159,10.927158379,-1.243285932,0.003316854,0.400000000,0.400000000,0.500000000,0.000000000
154.292605055,133.043478626,15.252723775,10.933548090,-1.241640657,0.008230519,0.400000000,0.400000000,0.500000000,0.000000000
154.492526895,133.108102189,15.063534619,10.937302049,-1.242529496,-0.004447422,0.400000000,0.400000000,0.500000000,0.000000000
154.692314522,133.172514298,14.874415143,10.945044115,-1.233945195,0.042950602,0.400000000,0.400000000,0.500000000,0.000000000
154.892254684,133.238597887,14.685711598,10.957069576,-1.224430363,0.047600090,0.400000000,0.400000000,0.500000000,0.000000000
155.092095088,133.306440074,14.497739195,10.965671780,-1.220065448,0.021852749,0.400000000,0.400000000,0.500000000,0.000000000
155.291738657,133.375034467,14.310249557,10.971352924,-1.215189890,0.024411175,0.400000000,0.400000000,0.500000000,0.000000000
155.491547688,133.444599765,14.122941473,10.980065945,-1.200379635,0.074116287,0.400000000,0.400000000,0.500000000,0.000000000
155.691384135,133.516941336,13.936658617,10.993480196,-1.190865017,0.047595769,0.400000000,0.400000000,0.500000000,0.000000000
155.891355572,133.591102079,13.750947121,11.004289845,-1.180609542,0.051310972,0.400000000,0.400000000,0.500000000,0.000000000
156.091120475,133.667084891,13.566196942,11.014823016,-1.173466402,0.035759387,0.400000000,0.400000000,0.500000000,0.000000000
156.290866045,133.744377968,13.382012054,11.023199104,-1.155565476,0.089571965,0.400000000,0.400000000,0.500000000,0.000000000
156.490814451,133.825037390,13.199054619,11.038061283,-1.143957773,0.058058943,0.400000000,0.400000000,0.500000000,0.000000000
156.690723050,133.907798566,13.017081996,11.043279921,-1.134898904,0.045316079,0.400000000,0.400000000,0.500000000,0.000000000
156.890621249,133.992200399,12.835875979,11.052024825,-1.139943236,-0.025236747,0.400000000,0.400000000,0.500000000,0.000000000
157.090483486,134.075672079,12.654279194,11.058120134,-1.133733273,0.031066507,0.400000000,0.400000000,0.500000000,0.000000000
157.290405683,134.160295231,12.473149939,11.069619910,-1.137176634,-0.017228689,0.400000000,0.400000000,0.500000000,0.000000000
157.490207445,134.244243588,12.291839660,11.084347028,-1.130731363,0.032242473,0.400000000,0.400000000,0.500000000,0.000000000
157.690205062,134.329442221,12.110897017,11.093706763,-1.135565287,-0.024179723,0.400000000,0.400000000,0.500000000,0.000000000
157.890039963,134.413696595,11.929692194,11.096102972,-1.136512259,-0.004739164,0.400000000,0.400000000,0.500000000,0.000000000
158.089841704,134.497765382,11.748437746,11.107869311,-1.138274237,-0.008817932,0.400000000,0.400000000,0.500000000,0.000000000
158.289675023,134.581527910,11.567006783,11.121151108,-1.129113159,0.045829722,0.400000000,0.400000000,0.500000000,0.000000000
158.489627949,134.667000129,11.386242649,11.130275372,-1.128048189,0.005326670,0.400000000,0.400000000,0.500000000,0.000000000
158.689538184,134.752646519,11.205608217,11.137015210,-1.114419133,0.068183790,0.400000000,0.400000000,0.500000000,0.000000000
158.889398930,134.840724945,11.026202228,11.153157028,-1.094975537,0.097281351,0.400000000,0.400000000,0.500000000,0.000000000
159.089271315,134.932280131,10.848532259,11.159979784,-1.083991408,0.054954076,0.400000000,0.400000000,0.500000000,0.000000000
159.289153614,135.025785944,10.671869879,11.173476631,-1.074207642,0.048945429,0.400000000,0.400000000,0.500000000,0.000000000
159.489052333,135.121023499,10.496116341,11.182186746,-1.059279379,0.074671486,0.400000000,0.400000000,0.500000000,0.000000000
159.688988279,135.218892263,10.321771604,11.189138359,-1.062306406,-0.015146378,0.400000000,0.400000000,0.500000000,0.000000000
159.888755284,135.316150583,10.147278981,11.199800031,-1.064737075,-0.012164307,0.400000000,0.400000000,0.500000000,0.000000000
160.088627770,135.413035613,9.972458210,11.208216626,-1.055760826,0.044912373,0.400000000,0.400000000,0.500000000,0.000000000
160.288476727,135.511474363,9.798534612,11.223728166,-1.062523954,-0.033829749,0.400000000,0.400000000,0.500000000,0.000000000
160.488460192,135.608800064,9.623831739,11.233856535,-1.072468295,-0.049756388,0.400000000,0.400000000,0.500000000,0.000000000
160.688196259,135.704265431,9.448386988,11.241624140,-1.072971856,-0.002520445,0.400000000,0.400000000,0.500000000,0.000000000
160.888040873,135.799694272,9.272798817,11.250348634,-1.076978698,-0.020045765,0.400000000,0.400000000,0.500000000,0.000000000
161.087965451,135.894456697,9.096759276,11.256964780,-1.089420484,-0.062225833,0.400000000,0.400000000,0.500000000,0.000000000
161.287929629,135.987039931,8.919519278,11.272313952,-1.088515160,0.004527651,0.400000000,0.400000000,0.500000000,0.000000000
161.487874386,136.079774581,8.742380376,11.291132111,-1.087425328,0.005450958,0.400000000,0.400000000,0.500000000,0.000000000
161.687797529,136.172692181,8.565361781,11.297917546,-1.072293211,0.075696395,0.400000000,0.400000000,0.500000000,0.000000000
161.887681347,136.268258906,8.389803980,11.305675505,-1.074988490,-0.013493187,0.400000000,0.400000000,0.500000000,0.000000000
162.087299588,136.363225760,8.214222834,11.320900647,-1.081659484,-0.033399654,0.400000000,0.400000000,0.500000000,0.000000000
162.287145477,136.457126173,8.037811123,11.331072609,-1.079245288,0.012098327,0.400000000,0.400000000,0.500000000,0.000000000
162.486395440,136.551170931,7.862151989,11.340409661,-1.060832705,0.092203484,0.400000000,0.400000000,0.500000000,0.000000000
162.686530011,136.648865721,7.687482088,11.355157884,-1.065663925,-0.024217023,0.400000000,0.400000000,0.500000000,0.000000000
162.885388751,136.745098101,7.513458734,11.359502422,-1.046996339,0.093682234,0.400000000,0.400000000,0.500000000,0.000000000
163.085054115,136.844965574,7.340563548,11.363432502,-1.003200163,0.219196080,0.400000000,0.400000000,0.500000000,0.000000000
163.284964112,136.952438527,7.172000292,11.371394233,-0.965783686,0.187482899,0.400000000,0.400000000,0.500000000,0.000000000
163.484176322,137.065744949,7.008149264,11.392964751,-0.939293964,0.132958401,0.400000000,0.400000000,0.500000000,0.000000000
163.683418775,137.183369334,6.847332414,11.404677321,-0.876761563,0.313679896,0.400000000,0.400000000,0.500000000,0.000000000
163.882813367,137.310910846,6.694063480,11.421262410,-0.802599168,0.372651143,0.400000000,0.400000000,0.500000000,0.000000000
164.081353417,137.448864380,6.551280520,11.433663474,-0.754811627,0.240911548,0.400000000,0.400000000,0.500000000,0.000000000
164.279498335,137.593193261,6.415521238,11.447122860,-0.697701617,0.287746723,0.400000000,0.400000000,0.500000000,0.000000000
164.478245854,137.745497624,6.287834288,11.463271058,-0.651410480,0.232541016,0.400000000,0.400000000,0.500000000,0.000000000
164.677595880,137.904026626,6.166966640,11.467782580,-0.615876049,0.178322759,0.400000000,0.400000000,0.500000000,0.000000000
164.876765496,138.066602348,6.051911564,11.463044068,-0.588521123,0.137376706,0.400000000,0.400000000,0.500000000,0.000000000
165.075830400,138.232177082,5.941404354,11.477545195,-0.562787803,0.129302392,0.400000000,0.400000000,0.500000000,0.000000000
165.274787671,138.400449368,5.835251476,11.495615184,-0.537726579,0.125835097,0.400000000,0.400000000,0.500000000,0.000000000
165.474138490,138.571666865,5.733147030,11.503726342,-0.513762855,0.120107321,0.400000000,0.400000000,0.500000000,0.000000000
165.673816643,138.745566847,5.635013645,11.523212649,-0.505312797,0.042332009,0.400000000,0.400000000,0.500000000,0.000000000
165.873365118,138.920176371,5.538415986,11.539263130,-0.504070895,0.006231924,0.400000000,0.400000000,0.500000000,0.000000000
166.072378230,139.094436950,5.442293827,11.555128262,-0.478553783,0.128179242,0.400000000,0.400000000,0.500000000,0.000000000
166.271501655,139.271191213,5.350598305,11.572410719,-0.477729511,0.004133264,0.400000000,0.400000000,0.500000000,0.000000000
166.471226039,139.448554675,5.258772208,11.589473948,-0.474727348,0.015027221,0.400000000,0.400000000,0.500000000,0.000000000
166.671064811,139.626294753,5.167426712,11.600546580,-0.473819633,0.004541384,0.400000000,0.400000000,0.500000000,0.000000000
166.870978878,139.804184672,5.076208235,11.614441996,-0.478455822,-0.023189967,0.400000000,0.400000000,0.500000000,0.000000000
167.070908860,139.981663904,4.984158683,11.626817765,-0.497361960,-0.094572132,0.400000000,0.400000000,0.500000000,0.000000000
167.270797642,140.157335011,4.888789991,11.644641373,-0.499822523,-0.012307195,0.400000000,0.400000000,0.500000000,0.000000000
167.470766402,140.332841120,4.792951007,11.666846153,-0.503041822,-0.016103719,0.400000000,0.400000000,0.500000000,0.000000000
167.670618076,140.507935204,4.696603961,11.680620697,-0.506850233,-0.019054499,0.400000000,0.400000000,0.500000000,0.000000000
167.870504902,140.682691822,4.599573721,11.688684221,-0.504422296,0.012145367,0.400000000,0.400000000,0.500000000,0.000000000
168.070430750,140.857717671,4.502949205,11.698690032,-0.503382425,0.005201219,0.400000000,0.400000000,0.500000000,0.000000000
168.270361737,141.032848403,4.406504267,11.703424288,-0.504785499,-0.007022197,0.400000000,0.400000000,0.500000000,0.000000000
168.470041871,141.207624078,4.309935019,11.722841471,-0.501873261,0.014576733,0.400000000,0.400000000,0.500000000,0.000000000
168.669935029,141.382866997,4.213772690,11.740725377,-0.500382425,0.007457091,0.400000000,0.400000000,0.500000000,0.000000000
168.869885720,141.558303565,4.117844124,11.754281907,-0.495314301,0.025349080,0.400000000,0.400000000,0.500000000,0.000000000
169.069801123,141.734193008,4.022822693,11.767553241,-0.495013350,0.001505320,0.400000000,0.400000000,0.500000000,0.000000000
169.269735303,141.910127562,3.927845281,11.787738077,-0.488435701,0.032912589,0.400000000,0.400000000,0.500000000,0.000000000
169.469504571,142.086537406,3.834104535,11.808013056,-0.488823246,-0.001939536,0.400000000,0.400000000,0.500000000,0.000000000
169.669362722,142.262989381,3.740253690,11.822216105,-0.482971491,0.029283822,0.400000000,0.400000000,0.500000000,0.000000000
169.869161935,142.439935327,3.647464372,11.834067332,-0.470993710,0.059918481,0.400000000,0.400000000,0.500000000,0.000000000
170.069162883,142.618159734,3.556709538,11.858636361,-0.442214877,0.143949201,0.400000000,0.400000000,0.500000000,0.000000000
170.268995205,142.798769394,3.471192828,11.889239864,-0.421811700,0.102196247,0.400000000,0.400000000,0.500000000,0.000000000
170.468450006,142.980741723,3.389533235,11.921186984,-0.393918902,0.139716045,0.400000000,0.400000000,0.500000000,0.000000000
170.668260642,143.165249270,3.312843892,11.946662571,-0.357476507,0.182328731,0.400000000,0.400000000,0.500000000,0.000000000
170.868171741,143.352522550,3.242892722,11.955809962,-0.337204707,0.101429803,0.400000000,0.400000000,0.500000000,0.000000000
171.067974589,143.541073135,3.176787847,11.968260397,-0.326236038,0.054894500,0.400000000,0.400000000,0.500000000,0.000000000
171.267796985,143.730355965,3.112748790,11.975227082,-0.317685762,0.042778746,0.400000000,0.400000000,0.500000000,0.000000000
171.467717488,143.920272617,3.050299830,11.985200094,-0.317275493,0.002052323,0.400000000,0.400000000,0.500000000,0.000000000
171.667606195,144.110184665,2.987938712,11.997242458,-0.327063297,-0.048955057,0.400000000,0.400000000,0.500000000,0.000000000
171.867584853,144.299562431,2.923692890,12.007472431,-0.336079196,-0.045090334,0.400000000,0.400000000,0.500000000,0.000000000
172.067508673,144.488301503,2.857760377,12.033712391,-0.335207849,0.004357928,0.400000000,0.400000000,0.500000000,0.000000000
172.267475330,144.677138407,2.791978255,12.057963026,-0.329383681,0.029135017,0.400000000,0.400000000,0.500000000,0.000000000
172.467313452,144.866233607,2.727338635,12.080803246,-0.297040409,0.161888974,0.400000000,0.400000000,0.500000000,0.000000000
172.667031416,145.057205307,2.668882882,12.105768796,-0.278650392,0.092202703,0.400000000,0.400000000,0.500000000,0.000000000
172.866211895,145.248702904,2.614096629,12.122223300,-0.234070309,0.223611082,0.400000000,0.400000000,0.500000000,0.000000000
173.065727147,145.442777453,2.567821311,12.181471567,-0.198199631,0.179822953,0.400000000,0.400000000,0.500000000,0.000000000
173.265145999,145.638292216,2.528554836,12.208095726,-0.178934324,0.096603173,0.400000000,0.400000000,0.500000000,0.000000000
173.464575529,145.834537639,2.493060166,12.197444983,-0.159386948,0.097976322,0.400000000,0.400000000,0.500000000,0.000000000
173.664162097,146.031594401,2.461383192,12.233262756,-0.111684101,0.239059273,0.400000000,0.400000000,0.500000000,0.000000000
173.863625719,146.229815327,2.439152559,12.299839356,-0.084967453,0.134185122,0.400000000,0.400000000,0.500000000,0.000000000
174.062356065,146.427828740,2.422287258,12.300599951,-0.051585031,0.167555098,0.400000000,0.400000000,0.500000000,0.000000000
174.262072225,146.627279236,2.411989462,12.291891726,-0.004041857,0.238013750,0.400000000,0.400000000,0.500000000,0.000000000
174.461817831,146.827023210,2.411182121,12.301368390,0.029207540,0.166413759,0.400000000,0.400000000,0.500000000,0.000000000
174.661652960,147.026773107,2.417017984,12.318899038,0.059190692,0.150079428,0.400000000,0.400000000,0.500000000,0.000000000
174.861366642,147.226137039,2.428832274,12.336563293,0.084446644,0.126471530,0.400000000,0.400000000,0.500000000,0.000000000
175.061035827,147.425094703,2.445673633,12.351663255,0.108330820,0.119582306,0.400000000,0.400000000,0.500000000,0.000000000
175.260817177,147.623704925,2.467273804,12.386671687,0.132970067,0.123339281,0.400000000,0.400000000,0.500000000,0.000000000
175.460561814,147.821686316,2.493755663,12.427616145,0.146833301,0.069383458,0.400000000,0.400000000,0.500000000,0.000000000
175.660426052,148.019399884,2.522997050,12.463352457,0.164432837,0.088037609,0.400000000,0.400000000,0.500000000,0.000000000
175.860375248,148.216652036,2.555727303,12.490276125,0.178581581,0.070788785,0.400000000,0.400000000,0.500000000,0.000000000
176.060168072,148.413267484,2.591217279,12.506746535,0.192621605,0.070263863,0.400000000,0.400000000,0.500000000,0.000000000
176.260009074,148.609412576,2.629473376,12.519215802,0.204720073,0.060554718,0.400000000,0.400000000,0.500000000,0.000000000
176.459753581,148.804986004,2.670080053,12.528013091,0.213381605,0.043343113,0.400000000,0.400000000,0.500000000,0.000000000
176.659680672,149.000378828,2.712417817,12.531195437,0.196499433,-0.084443018,0.400000000,0.400000000,0.500000000,0.000000000
176.859596495,149.196447475,2.751448849,12.532201420,0.189914579,-0.032963494,0.400000000,0.400000000,0.500000000,0.000000000
177.059204030,149.392466140,2.789129763,12.555298433,0.182077276,-0.039242816,0.400000000,0.400000000,0.500000000,0.000000000
177.259021570,149.588980632,2.825311305,12.593221519,0.165468158,-0.083101675,0.400000000,0.400000000,0.500000000,0.000000000
177.458929484,149.786158073,2.858238960,12.613513496,0.149886780,-0.077926100,0.400000000,0.400000000,0.500000000,0.000000000
177.658918924,149.983905230,2.888102619,12.624393674,0.148716333,-0.005855178,0.400000000,0.400000000,0.500000000,0.000000000
177.858728474,150.181509300,2.917708152,12.642993816,0.147360958,-0.006780953,0.400000000,0.400000000,0.500000000,0.000000000
178.058678354,150.379292125,2.947066434,12.669889452,0.149824112,0.012320336,0.400000000,0.400000000,0.500000000,0.000000000
178.258580214,150.576954554,2.976904629,12.700035931,0.157708100,0.039455907,0.400000000,0.400000000,0.500000000,0.000000000
178.458312694,150.774208321,3.008273646,12.717378482,0.165862579,0.040806441,0.400000000,0.400000000,0.500000000,0.000000000
178.658245367,150.971397178,3.041283157,12.735598928,0.175960379,0.050506669,0.400000000,0.400000000,0.500000000,0.000000000
178.858171078,151.168235812,3.076280906,12.754257816,0.189513956,0.067781245,0.400000000,0.400000000,0.500000000,0.000000000
179.058163438,151.364647492,3.113955782,12.774342780,0.194596450,0.025426477,0.400000000,0.400000000,0.500000000,0.000000000
179.257950295,151.560663528,3.152588689,12.802565843,0.196695070,0.010500344,0.400000000,0.400000000,0.500000000,0.000000000
179.457887559,151.756745564,3.191662269,12.823603050,0.203604409,0.034557934,0.400000000,0.400000000,0.500000000,0.000000000
179.657819409,151.952547648,3.232088608,12.851198877,0.212864594,0.046314566,0.400000000,0.400000000,0.500000000,0.000000000
179.857768314,152.147983655,3.274329954,12.878325484,0.205074308,-0.038959453,0.400000000,0.400000000,0.500000000,0.000000000
180.057736036,152.343761225,3.315051363,12.901749924,0.203810087,-0.006323611,0.400000000,0.400000000,0.500000000,0.000000000
180.257609760,152.539498066,3.355506208,12.912940662,0.210607311,0.034006367,0.400000000,0.400000000,0.500000000,0.000000000
180.457497101,152.734968724,3.397293423,12.930837602,0.220393939,0.048959941,0.400000000,0.400000000,0.500000000,0.000000000
180.657389215,152.930025728,3.440992647,12.950076617,0.225347493,0.024780361,0.400000000,0.400000000,0.500000000,0.000000000
180.857293454,153.124875692,3.485660267,12.972784045,0.240401163,0.075297067,0.400000000,0.400000000,0.500000000,0.000000000
181.057232875,153.319065364,3.533264298,12.991739054,0.251156437,0.053789094,0.400000000,0.400000000,0.500000000,0.000000000
181.257196911,153.512755661,3.582960215,13.008305755,0.265543893,0.071958413,0.400000000,0.400000000,0.500000000,0.000000000
181.457111950,153.705663660,3.635424746,13.027231421,0.287390864,0.109312871,0.400000000,0.400000000,0.500000000,0.000000000
181.656903493,153.897261092,3.692055872,13.054471506,0.311606845,0.121263027,0.400000000,0.400000000,0.500000000,0.000000000
181.856498145,154.087243697,3.753249296,13.099698147,0.322351738,0.053797366,0.400000000,0.400000000,0.500000000,0.000000000
182.056359527,154.276810821,3.816564990,13.134231556,0.337803704,0.077306502,0.400000000,0.400000000,0.500000000,0.000000000
182.256252669,154.465406968,3.882812720,13.148368194,0.352173360,0.071890741,0.400000000,0.400000000,0.500000000,0.000000000
182.456119843,154.653007345,3.951754621,13.154511673,0.347736463,-0.022201276,0.400000000,0.400000000,0.500000000,0.000000000
182.655949807,154.840876780,4.019850804,13.158928710,0.335309758,-0.062157504,0.400000000,0.400000000,0.500000000,0.000000000
182.855962967,155.029750892,4.085667473,13.177296349,0.342385586,0.035398946,0.400000000,0.400000000,0.500000000,0.000000000
183.055725134,155.217918148,4.152734657,13.194430311,0.341968673,-0.002085877,0.400000000,0.400000000,0.500000000,0.000000000
183.255710513,155.406323636,4.219798237,13.213272093,0.341373521,-0.002976676,0.400000000,0.400000000,0.500000000,0.000000000
183.455602300,155.594680812,4.286718344,13.237005165,0.329445077,-0.059658364,0.400000000,0.400000000,0.500000000,0.000000000
183.655599908,155.783922952,4.351421170,13.248670574,0.328696935,-0.003743882,0.400000000,0.400000000,0.500000000,0.000000000
183.855263303,155.972897126,4.415874510,13.257107482,0.323562699,-0.025712055,0.400000000,0.400000000,0.500000000,0.000000000
184.054963610,156.162234722,4.479368503,13.276075441,0.314369259,-0.046014362,0.400000000,0.400000000,0.500000000,0.000000000
184.254851901,156.352326809,4.541177301,13.307972095,0.302129929,-0.061225075,0.400000000,0.400000000,0.500000000,0.000000000
184.454775395,156.543194745,4.600665403,13.325904279,0.309853787,0.038634046,0.400000000,0.400000000,0.500000000,0.000000000
184.654698105,156.733596768,4.661625714,13.350583031,0.315182317,0.026652620,0.400000000,0.400000000,0.500000000,0.000000000
184.854625273,156.923675500,4.723601099,13.386114919,0.327383959,0.061031970,0.400000000,0.400000000,0.500000000,0.000000000
185.054539904,157.112972028,4.787887055,13.418891979,0.332565211,0.025923349,0.400000000,0.400000000,0.500000000,0.000000000
185.254361184,157.301844700,4.853122460,13.432116865,0.348566234,0.080070101,0.400000000,0.400000000,0.500000000,0.000000000
185.454211002,157.489676225,4.921381288,13.439863607,0.360771293,0.061080767,0.400000000,0.400000000,0.500000000,0.000000000
185.653995424,157.676599492,4.991904386,13.466120740,0.366428296,0.028313273,0.400000000,0.400000000,0.500000000,0.000000000
185.853811252,157.863150143,5.063495027,13.478309340,0.373913525,0.037452690,0.400000000,0.400000000,0.500000000,0.000000000
186.053711001,158.049237823,5.136510678,13.492633509,0.382395833,0.042440334,0.400000000,0.400000000,0.500000000,0.000000000
186.253538648,158.234632580,5.211075231,13.512698908,0.380180255,-0.011085676,0.400000000,0.400000000,0.500000000,0.000000000
186.453429965,158.420251209,5.285252472,13.546207299,0.376557072,-0.018125065,0.400000000,0.400000000,0.500000000,0.000000000
186.653336467,158.606151498,5.358762281,13.572250642,0.387844783,0.056450338,0.400000000,0.400000000,0.500000000,0.000000000
186.853344329,158.791304036,5.434404085,13.573335090,0.387762298,-0.000412564,0.400000000,0.400000000,0.500000000,0.000000000
187.053202888,158.976324595,5.509974162,13.604861898,0.380709040,-0.035286618,0.400000000,0.400000000,0.500000000,0.000000000
187.253113051,159.161921471,5.584256548,13.617874219,0.371817134,-0.044509414,0.400000000,0.400000000,0.500000000,0.000000000
187.452753281,159.347920025,5.656787640,13.662662800,0.389692612,0.089576797,0.400000000,0.400000000,0.500000000,0.000000000
187.652217308,159.532429412,5.732564840,13.734923478,0.386729689,-0.014868517,0.400000000,0.400000000,0.500000000,0.000000000
187.851303068,159.716812180,5.807652353,13.763874379,0.389909199,0.015949252,0.400000000,0.400000000,0.500000000,0.000000000
188.050920508,159.901447049,5.883527826,13.769074907,0.404617844,0.073622037,0.400000000,0.400000000,0.500000000,0.000000000
188.250871263,160.085252362,5.962241939,13.787336492,0.416120736,0.057530782,0.400000000,0.400000000,0.500000000,0.000000000
188.450804813,160.268124358,6.043058135,13.798120663,0.401023438,-0.075530475,0.400000000,0.400000000,0.500000000,0.000000000
188.650634532,160.452099980,6.121063821,13.799023485,0.397401460,-0.018123919,0.400000000,0.400000000,0.500000000,0.000000000
188.850494982,160.636385265,6.198414535,13.795005174,0.387961632,-0.047227795,0.400000000,0.400000000,0.500000000,0.000000000
189.050390356,160.821424836,6.274035419,13.828449864,0.392215324,0.021276647,0.400000000,0.400000000,0.500000000,0.000000000
189.250340780,161.006191934,6.350463760,13.890712162,0.397547313,0.026670531,0.400000000,0.400000000,0.500000000,0.000000000
189.450231117,161.190493493,6.427852923,13.922376934,0.398353871,0.004034319,0.400000000,0.400000000,0.500000000,0.000000000
189.650189424,161.374795220,6.505417076,13.942957751,0.402302662,0.019750151,0.400000000,0.400000000,0.500000000,0.000000000
189.850105330,161.558750210,6.583691791,13.950090364,0.404060378,0.008792224,0.400000000,0.400000000,0.500000000,0.000000000
190.050023589,161.742569496,6.662290649,13.964139367,0.403158739,-0.004509607,0.400000000,0.400000000,0.500000000,0.000000000
190.249979921,161.926494595,6.740738674,13.979200735,0.407789543,0.023162608,0.400000000,0.400000000,0.500000000,0.000000000
190.449874914,162.109998137,6.820013251,14.010212435,0.414644955,0.034295565,0.400000000,0.400000000,0.500000000,0.000000000
190.649763275,162.292947840,6.900541274,14.034634788,0.418594340,0.019759643,0.400000000,0.400000000,0.500000000,0.000000000
190.849617240,162.475546656,6.981777226,14.045288046,0.432935156,0.071740211,0.400000000,0.400000000,0.500000000,0.000000000
191.049558383,162.657040880,7.065659925,14.048336010,0.437183839,0.021258154,0.400000000,0.400000000,0.500000000,0.000000000
191.249339623,162.838032213,7.150245275,14.066619605,0.430084075,-0.035524381,0.400000000,0.400000000,0.500000000,0.000000000
191.449269702,163.019754799,7.233605566,14.077079940,0.430721370,0.003187928,0.400000000,0.400000000,0.500000000,0.000000000
191.649157208,163.201385539,7.317063876,14.094305046,0.428265041,-0.012287914,0.400000000,0.400000000,0.500000000,0.000000000
191.849065619,163.383239748,7.400084471,14.121916797,0.417932885,-0.051676510,0.400000000,0.400000000,0.500000000,0.000000000
192.049033664,163.565996519,7.481245926,14.163472602,0.406508372,-0.057137004,0.400000000,0.400000000,0.500000000,0.000000000
192.248962365,163.749632436,7.560298666,14.196691237,0.405209910,-0.006494168,0.400000000,0.400000000,0.500000000,0.000000000
192.448919136,163.933396641,7.639123961,14.197595547,0.409085594,0.019384632,0.400000000,0.400000000,0.500000000,0.000000000
192.648833908,164.116815431,7.718644167,14.203852110,0.403604777,-0.027416171,0.400000000,0.400000000,0.500000000,0.000000000
192.848742284,164.300661419,7.797155388,14.211470908,0.396283495,-0.036616946,0.400000000,0.400000000,0.500000000,0.000000000
193.048717886,164.485139293,7.874344478,14.228169129,0.397179387,0.004481951,0.400000000,0.400000000,0.500000000,0.000000000
193.248519578,164.669387567,7.951631536,14.278967779,0.394553200,-0.013139188,0.400000000,0.400000000,0.500000000,0.000000000
193.448466505,164.853972253,8.028490286,14.300491598,0.389540891,-0.025067476,0.400000000,0.400000000,0.500000000,0.000000000
193.648424526,165.038950121,8.104427092,14.308582743,0.382225910,-0.036584008,0.400000000,0.400000000,0.500000000,0.000000000
193.848366086,165.224463238,8.179002629,14.329644115,0.381430737,-0.003977457,0.400000000,0.400000000,0.500000000,0.000000000
194.048264363,165.409995425,8.253414516,14.348730997,0.379081882,-0.011752472,0.400000000,0.400000000,0.500000000,0.000000000
194.248086976,165.595631590,8.327362409,14.378563070,0.383750407,0.023358027,0.400000000,0.400000000,0.500000000,0.000000000
194.448000299,165.781004618,8.402210101,14.406763365,0.382330540,-0.007103124,0.400000000,0.400000000,0.500000000,0.000000000
194.647873801,165.966446787,8.476779657,14.426071048,0.390972028,0.043223273,0.400000000,0.400000000,0.500000000,0.000000000
194.847852545,166.151334950,8.552989011,14.431922266,0.394938501,0.019833848,0.400000000,0.400000000,0.500000000,0.000000000
195.047843658,166.335930792,8.629935877,14.445783373,0.397939116,0.015006197,0.400000000,0.400000000,0.500000000,0.000000000
195.247769106,166.520234382,8.707410850,14.472500399,0.396094628,-0.009224921,0.400000000,0.400000000,0.500000000,0.000000000
195.447735957,166.704718758,8.784561720,14.500038164,0.385793044,-0.051514427,0.400000000,0.400000000,0.500000000,0.000000000
195.647716826,166.890001094,8.859813323,14.522700364,0.379538735,-0.031290202,0.400000000,0.400000000,0.500000000,0.000000000
195.847496784,167.075563837,8.933830213,14.546873753,0.372728695,-0.034080268,0.400000000,0.400000000,0.500000000,0.000000000
196.047363110,167.261706769,9.006613158,14.556436859,0.371100512,-0.008143805,0.400000000,0.400000000,0.500000000,0.000000000
196.247354786,167.448084775,9.079138390,14.570896774,0.369359562,-0.008706654,0.400000000,0.400000000,0.500000000,0.000000000
196.447275745,167.634522814,9.151313506,14.597040107,0.375833577,0.032388311,0.400000000,0.400000000,0.500000000,0.000000000
196.647128902,167.820426617,9.224669218,14.622424696,0.379135581,0.016522716,0.400000000,0.400000000,0.500000000,0.000000000
196.846968198,168.006074310,9.298633254,14.642993539,0.379395228,0.001298946,0.400000000,0.400000000,0.500000000,0.000000000
197.046910209,168.191798201,9.372683531,14.669763737,0.364613424,-0.073930203,0.400000000,0.400000000,0.500000000,0.000000000
197.246849947,168.378594237,9.443979674,14.692635145,0.345151011,-0.097377963,0.400000000,0.400000000,0.500000000,0.000000000
197.446633215,168.566595160,9.511574103,14.710634608,0.325346901,-0.099155302,0.400000000,0.400000000,0.500000000,0.000000000
197.646299817,168.755787234,9.575395038,14.726784015,0.317211818,-0.040720847,0.400000000,0.400000000,0.500000000,0.000000000
197.846185823,168.945700686,9.637743221,14.745893476,0.303158268,-0.070320022,0.400000000,0.400000000,0.500000000,0.000000000
198.045999211,169.136402262,9.697394698,14.769414828,0.301888193,-0.006356015,0.400000000,0.400000000,0.500000000,0.000000000
198.245830805,169.327196829,9.756809335,14.786742891,0.300814450,-0.005372089,0.400000000,0.400000000,0.500000000,0.000000000
198.445747833,169.518136680,9.816044387,14.812363277,0.305146713,0.021671303,0.400000000,0.400000000,0.500000000,0.000000000
198.645646098,169.708800223,9.876100445,14.839703415,0.290266245,-0.074429818,0.400000000,0.400000000,0.500000000,0.000000000
198.845596469,169.900386212,9.933327709,14.863925602,0.292217777,0.009760963,0.400000000,0.400000000,0.500000000,0.000000000
199.045510812,170.091825654,9.990918372,14.889644374,0.292820547,0.003015251,0.400000000,0.400000000,0.500000000,0.000000000
199.245410259,170.283216085,10.048620118,14.902552803,0.293901572,0.005408097,0.400000000,0.400000000,0.500000000,0.000000000
199.445291049,170.474526171,10.106523324,14.924181394,0.287386115,-0.032590082,0.400000000,0.400000000,0.500000000,0.000000000
199.645252488,170.666286801,10.163201696,14.948941252,0.291988977,0.023020435,0.400000000,0.400000000,0.500000000,0.000000000
199.845184221,170.857756069,10.220753561,14.967544374,0.284496731,-0.037476662,0.400000000,0.400000000,0.500000000,0.000000000
200.045086798,171.049623168,10.276861107,14.990312193,0.273211118,-0.056448260,0.400000000,0.400000000,0.500000000,0.000000000
200.245039020,171.242159047,10.330813183,15.015225519,0.269991390,-0.016110629,0.400000000,0.400000000,0.500000000,0.000000000
200.444788942,171.434672667,10.384091109,15.038949508,0.272160660,0.010855253,0.400000000,0.400000000,0.500000000,0.000000000
200.644710849,171.627235915,10.437832755,15.062809485,0.267934117,-0.021146166,0.400000000,0.400000000,0.500000000,0.000000000
200.844534188,171.819929533,10.490733952,15.085220791,0.267437769,-0.002483627,0.400000000,0.400000000,0.500000000,0.000000000
201.044406973,172.012697072,10.543552566,15.103023071,0.266761264,-0.003385611,0.400000000,0.400000000,0.500000000,0.000000000
201.244169286,172.205393734,10.596211639,15.129335279,0.264990283,-0.008860913,0.400000000,0.400000000,0.500000000,0.000000000
201.444135749,172.398380377,10.648582833,15.156763648,0.261926053,-0.015322963,0.400000000,0.400000000,0.500000000,0.000000000
201.644121863,172.591545572,10.700367516,15.178892844,0.259963098,-0.009815580,0.400000000,0.400000000,0.500000000,0.000000000
201.844102921,172.784807159,10.751771625,15.197792932,0.236130246,-0.119163828,0.400000000,0.400000000,0.500000000,0.000000000
202.044113846,172.979267891,10.798562584,15.226108964,0.209050648,-0.135631555,0.400000000,0.400000000,0.500000000,0.000000000
202.243401890,173.174217111,10.839921093,15.248737397,0.176069424,-0.165585138,0.400000000,0.400000000,0.500000000,0.000000000
202.442455499,173.370193307,10.874787548,15.273995357,0.133925899,-0.211347813,0.400000000,0.400000000,0.500000000,0.000000000
202.642179678,173.568129020,10.901455900,15.301257688,0.093426313,-0.202749141,0.400000000,0.400000000,0.500000000,0.000000000
202.841932585,173.767010792,10.920090940,15.323518052,0.084477555,-0.044785099,0.400000000,0.400000000,0.500000000,0.000000000
203.041809385,173.966174810,10.936955968,15.342712592,0.071290215,-0.065963110,0.400000000,0.400000000,0.500000000,0.000000000
203.241769546,174.165627058,10.951199099,15.361314598,0.060110210,-0.055914980,0.400000000,0.400000000,0.500000000,0.000000000
203.441700319,174.365196741,10.963209744,15.387361378,0.061918009,0.009044211,0.400000000,0.400000000,0.500000000,0.000000000
203.641538771,174.564652241,10.975575438,15.412044209,0.062047428,0.000647659,0.400000000,0.400000000,0.500000000,0.000000000
203.841350643,174.764079610,10.987965297,15.435513360,0.049880546,-0.060865548,0.400000000,0.400000000,0.500000000,0.000000000
204.041331653,174.963811889,10.997936323,15.455533280,0.049318798,-0.002809982,0.400000000,0.400000000,0.500000000,0.000000000
204.241174174,175.163411416,11.007788321,15.477413815,0.042095313,-0.036143873,0.400000000,0.400000000,0.500000000,0.000000000
204.441038038,175.363098225,11.016199168,15.500827643,0.025747068,-0.081785127,0.400000000,0.400000000,0.500000000,0.000000000
204.640955025,175.562948953,11.021345876,15.517003089,0.015804218,-0.049742512,0.400000000,0.400000000,0.500000000,0.000000000
204.840809125,175.762778094,11.024504282,15.533465543,0.010772308,-0.025170672,0.400000000,0.400000000,0.500000000,0.000000000
205.040777797,175.962735163,11.026658365,15.556164836,0.001169104,-0.048024303,0.400000000,0.400000000,0.500000000,0.000000000
205.240738624,176.162695853,11.026892140,15.584499199,0.001786510,0.003087384,0.400000000,0.400000000,0.500000000,0.000000000
205.440732039,176.362688950,11.027249430,15.604861940,-0.006454605,-0.041220338,0.400000000,0.400000000,0.500000000,0.000000000
205.640594222,176.562546970,11.025959407,15.619797419,-0.030535581,-0.120509285,0.400000000,0.400000000,0.500000000,0.000000000
205.840375837,176.762235451,11.019859907,15.644332278,-0.055848129,-0.126902795,0.400000000,0.400000000,0.500000000,0.000000000
206.039511704,176.961060845,11.008744322,15.670076929,-0.081163192,-0.126914188,0.400000000,0.400000000,0.500000000,0.000000000
206.239297157,177.160188620,10.992546894,15.688047762,-0.120781573,-0.198288430,0.400000000,0.400000000,0.500000000,0.000000000
206.439089129,177.358525061,10.968474334,15.708440837,-0.149092863,-0.141761306,0.400000000,0.400000000,0.500000000,0.000000000
206.638705784,177.555927215,10.938823053,15.726786422,-0.180377132,-0.156724682,0.400000000,0.400000000,0.500000000,0.000000000
206.838298663,177.752281920,10.903015971,15.745842580,-0.215176823,-0.174368144,0.400000000,0.400000000,0.500000000,0.000000000
207.037837579,177.947219200,10.860410386,15.764893505,-0.235688235,-0.102772795,0.400000000,0.400000000,0.500000000,0.000000000
207.237451995,178.141315048,10.813797975,15.785045527,-0.245756248,-0.050435996,0.400000000,0.400000000,0.500000000,0.000000000
207.437075102,178.334940202,10.765231685,15.812863535,-0.261110978,-0.076885211,0.400000000,0.400000000,0.500000000,0.000000000
207.636867648,178.527960534,10.713654434,15.830190498,-0.249182610,0.059699701,0.400000000,0.400000000,0.500000000,0.000000000
207.836685056,178.721606447,10.664377084,15.853374978,-0.245898640,0.016434406,0.400000000,0.400000000,0.500000000,0.000000000
208.036513148,178.915423502,10.615733325,15.877608894,-0.249713862,-0.019099244,0.400000000,0.400000000,0.500000000,0.000000000
208.236200286,179.108916979,10.566385300,15.896617334,-0.245799673,0.019601436,0.400000000,0.400000000,0.500000000,0.000000000
208.435890581,179.302605193,10.517794253,15.916095437,-0.218715947,0.135630315,0.400000000,0.400000000,0.500000000,0.000000000
208.635563790,179.497521559,10.474469891,15.934567114,-0.201034882,0.088646628,0.400000000,0.400000000,0.500000000,0.000000000
208.834796555,179.692741867,10.434686400,15.954515444,-0.166089663,0.175337134,0.400000000,0.400000000,0.500000000,0.000000000
209.034149527,179.889351501,10.401727952,15.979106177,-0.134707590,0.157216805,0.400000000,0.400000000,0.500000000,0.000000000
209.234000519,180.087391971,10.374887853,15.993112944,-0.101201370,0.167706712,0.400000000,0.400000000,0.500000000,0.000000000
209.433711978,180.286081609,10.354711261,16.018261632,-0.090617927,0.053008826,0.400000000,0.400000000,0.500000000,0.000000000
209.633307353,180.484858045,10.336649086,16.043147465,-0.076223761,0.072175381,0.400000000,0.400000000,0.500000000,0.000000000
209.832574910,180.683547004,10.321474867,16.056790370,-0.080788194,-0.024321953,0.400000000,0.400000000,0.500000000,0.000000000
210.008641470,180.859039307,10.307266235,16.070655823,-0.080788194,0.000000000,0.400000000,0.400000000,0.000000000,-0.709958782
